,date,close
0,2013-04-28,376.35
1,2013-04-29,376.35
2,2013-04-30,376.27
3,2013-05-01,377.17
4,2013-05-02,377.47
5,2013-05-03,375.17
6,2013-05-04,375.17
7,2013-05-05,375.17
8,2013-05-06,374.9
9,2013-05-07,374.93
10,2013-05-08,375.43
11,2013-05-09,375.12
12,2013-05-10,373.27
13,2013-05-11,373.27
14,2013-05-12,373.27
15,2013-05-13,372.94
16,2013-05-14,372.33
17,2013-05-15,372.56
18,2013-05-16,374.2
19,2013-05-17,372.58
20,2013-05-18,372.58
21,2013-05-19,372.58
22,2013-05-20,372.5
23,2013-05-21,372.95
24,2013-05-22,371.59
25,2013-05-23,371.65
26,2013-05-24,371.95
27,2013-05-25,371.95
28,2013-05-26,371.95
29,2013-05-27,371.66
30,2013-05-28,369.69
31,2013-05-29,369.52
32,2013-05-30,369.16
33,2013-05-31,368.08
34,2013-06-01,368.08
35,2013-06-02,368.08
36,2013-06-03,368.35
37,2013-06-04,367.69
38,2013-06-05,367.42
39,2013-06-06,367.75
40,2013-06-07,366.18
41,2013-06-08,366.18
42,2013-06-09,366.18
43,2013-06-10,365.29
44,2013-06-11,365.22
45,2013-06-12,364.33
46,2013-06-13,365.17
47,2013-06-14,366.41
48,2013-06-15,366.41
49,2013-06-16,366.41
50,2013-06-17,365.65
51,2013-06-18,365.48
52,2013-06-19,362.93
53,2013-06-20,359.42
54,2013-06-21,357.93
55,2013-06-22,357.93
56,2013-06-23,357.93
57,2013-06-24,356.42
58,2013-06-25,355.4
59,2013-06-26,356.61
60,2013-06-27,357.87
61,2013-06-28,358.8
62,2013-06-29,358.8
63,2013-06-30,358.8
64,2013-07-01,359.17
65,2013-07-02,359.84
66,2013-07-03,359.34
67,2013-07-04,359.13
68,2013-07-05,355.57
69,2013-07-06,355.57
70,2013-07-07,355.57
71,2013-07-08,357.22
72,2013-07-09,357.89
73,2013-07-10,357.37
74,2013-07-11,359.69
75,2013-07-12,359.35
76,2013-07-13,359.35
77,2013-07-14,359.35
78,2013-07-15,360.45
79,2013-07-16,361.21
80,2013-07-17,362.09
81,2013-07-18,361.6
82,2013-07-19,362.82
83,2013-07-20,362.82
84,2013-07-21,362.82
85,2013-07-22,363.42
86,2013-07-23,363.05
87,2013-07-24,361.72
88,2013-07-25,361.3
89,2013-07-26,362.31
90,2013-07-27,362.31
91,2013-07-28,362.31
92,2013-07-29,361.82
93,2013-07-30,361.56
94,2013-07-31,361.79
95,2013-08-01,359.46
96,2013-08-02,361.54
97,2013-08-03,361.54
98,2013-08-04,361.54
99,2013-08-05,360.83
100,2013-08-06,360.81
101,2013-08-07,361.46
102,2013-08-08,361.82
103,2013-08-09,361.86
104,2013-08-10,361.86
105,2013-08-11,361.86
106,2013-08-12,361.3
107,2013-08-13,359.27
108,2013-08-14,359.25
109,2013-08-15,358.11
110,2013-08-16,356.89
111,2013-08-17,356.89
112,2013-08-18,356.89
113,2013-08-19,355.82
114,2013-08-20,356.83
115,2013-08-21,355.98
116,2013-08-22,355.45
117,2013-08-23,357.1
118,2013-08-24,357.1
119,2013-08-25,357.1
120,2013-08-26,357.69
121,2013-08-27,359.29
122,2013-08-28,358.2
123,2013-08-29,359.08
124,2013-08-30,359.5
125,2013-08-31,359.5
126,2013-09-01,359.5
127,2013-09-02,358.32
128,2013-09-03,357.83
129,2013-09-04,356.99
130,2013-09-05,355.13
131,2013-09-06,355.48
132,2013-09-07,355.48
133,2013-09-08,355.48
134,2013-09-09,356.38
135,2013-09-10,355.31
136,2013-09-11,356.06
137,2013-09-12,356.25
138,2013-09-13,356.32
139,2013-09-14,356.32
140,2013-09-15,356.32
141,2013-09-16,356.72
142,2013-09-17,357.3
143,2013-09-18,359.82
144,2013-09-19,359.47
145,2013-09-20,360.08
146,2013-09-21,360.08
147,2013-09-22,360.08
148,2013-09-23,360.45
149,2013-09-24,361.78
150,2013-09-25,362.43
151,2013-09-26,361.73
152,2013-09-27,361.91
153,2013-09-28,361.91
154,2013-09-29,361.91
155,2013-09-30,361.68
156,2013-10-01,361.24
157,2013-10-02,361.83
158,2013-10-03,362.25
159,2013-10-04,361.78
160,2013-10-05,361.78
161,2013-10-06,361.78
162,2013-10-07,362.24
163,2013-10-08,362.25
164,2013-10-09,361.93
165,2013-10-10,361.83
166,2013-10-11,362.22
167,2013-10-12,362.22
168,2013-10-13,362.22
169,2013-10-14,361.49
170,2013-10-15,361.93
171,2013-10-16,363.23
172,2013-10-17,365.0
173,2013-10-18,365.28
174,2013-10-19,365.28
175,2013-10-20,365.28
176,2013-10-21,365.08
177,2013-10-22,366.86
178,2013-10-23,367.29
179,2013-10-24,366.59
180,2013-10-25,367.01
181,2013-10-26,367.01
182,2013-10-27,367.01
183,2013-10-28,366.97
184,2013-10-29,367.1
185,2013-10-30,366.94
186,2013-10-31,366.86
187,2013-11-01,365.57
188,2013-11-02,365.57
189,2013-11-03,365.57
190,2013-11-04,365.92
191,2013-11-05,364.73
192,2013-11-06,364.9
193,2013-11-07,365.63
194,2013-11-08,363.14
195,2013-11-09,363.14
196,2013-11-10,363.14
197,2013-11-11,363.06
198,2013-11-12,362.82
199,2013-11-13,363.49
200,2013-11-14,364.48
201,2013-11-15,364.54
202,2013-11-16,364.54
203,2013-11-17,364.54
204,2013-11-18,365.62
205,2013-11-19,364.97
206,2013-11-20,363.62
207,2013-11-21,364.15
208,2013-11-22,364.94
209,2013-11-23,364.94
210,2013-11-24,364.94
211,2013-11-25,365.39
212,2013-11-26,366.46
213,2013-11-27,365.9
214,2013-11-28,365.84
215,2013-11-29,365.73
216,2013-11-30,365.73
217,2013-12-01,365.73
218,2013-12-02,365.11
219,2013-12-03,365.63
220,2013-12-04,364.37
221,2013-12-05,364.1
222,2013-12-06,364.0
223,2013-12-07,364.0
224,2013-12-08,364.0
225,2013-12-09,364.65
226,2013-12-10,366.08
227,2013-12-11,365.39
228,2013-12-12,364.95
229,2013-12-13,365.43
230,2013-12-14,365.43
231,2013-12-15,365.43
232,2013-12-16,365.45
233,2013-12-17,366.31
234,2013-12-18,365.78
235,2013-12-19,365.72
236,2013-12-20,366.86
237,2013-12-21,366.86
238,2013-12-22,366.86
239,2013-12-23,366.58
240,2013-12-24,365.46
241,2013-12-25,365.58
242,2013-12-26,365.36
243,2013-12-27,365.22
244,2013-12-28,365.22
245,2013-12-29,365.22
246,2013-12-30,366.19
247,2013-12-31,365.67
248,2014-01-01,365.31
249,2014-01-02,366.65
250,2014-01-03,366.14
251,2014-01-04,366.14
252,2014-01-05,366.14
253,2014-01-06,367.08
254,2014-01-07,367.59
255,2014-01-08,366.57
256,2014-01-09,367.2
257,2014-01-10,369.21
258,2014-01-11,369.21
259,2014-01-12,369.21
260,2014-01-13,369.97
261,2014-01-14,369.07
262,2014-01-15,368.89
263,2014-01-16,369.58
264,2014-01-17,369.89
265,2014-01-18,369.89
266,2014-01-19,369.89
267,2014-01-20,370.14
268,2014-01-21,370.19
269,2014-01-22,369.44
270,2014-01-23,370.97
271,2014-01-24,371.21
272,2014-01-25,371.21
273,2014-01-26,371.21
274,2014-01-27,370.54
275,2014-01-28,370.87
276,2014-01-29,372.01
277,2014-01-30,371.7
278,2014-01-31,371.96
279,2014-02-01,371.96
280,2014-02-02,371.96
281,2014-02-03,373.56
282,2014-02-04,372.84
283,2014-02-05,371.88
284,2014-02-06,371.51
285,2014-02-07,372.24
286,2014-02-08,372.24
287,2014-02-09,372.24
288,2014-02-10,372.5
289,2014-02-11,372.11
290,2014-02-12,371.45
291,2014-02-13,372.74
292,2014-02-14,372.76
293,2014-02-15,372.76
294,2014-02-16,372.76
295,2014-02-17,372.98
296,2014-02-18,373.69
297,2014-02-19,373.17
298,2014-02-20,372.83
299,2014-02-21,373.38
300,2014-02-22,373.38
301,2014-02-23,373.38
302,2014-02-24,373.32
303,2014-02-25,374.58
304,2014-02-26,375.22
305,2014-02-27,375.99
306,2014-02-28,376.08
307,2014-03-01,376.08
308,2014-03-02,376.08
309,2014-03-03,376.94
310,2014-03-04,375.41
311,2014-03-05,375.29
312,2014-03-06,374.4
313,2014-03-07,373.31
314,2014-03-08,373.31
315,2014-03-09,373.31
316,2014-03-10,373.34
317,2014-03-11,373.69
318,2014-03-12,374.3
319,2014-03-13,375.67
320,2014-03-14,375.65
321,2014-03-15,375.65
322,2014-03-16,375.65
323,2014-03-17,374.81
324,2014-03-18,375.16
325,2014-03-19,373.64
326,2014-03-20,373.84
327,2014-03-21,374.69
328,2014-03-22,374.69
329,2014-03-23,374.69
330,2014-03-24,375.3
331,2014-03-25,375.5
332,2014-03-26,376.32
333,2014-03-27,376.97
334,2014-03-28,376.3
335,2014-03-29,376.3
336,2014-03-30,376.3
337,2014-03-31,376.3
338,2014-04-01,375.8
339,2014-04-02,374.94
340,2014-04-03,375.54
341,2014-04-04,376.89
342,2014-04-05,376.89
343,2014-04-06,376.89
344,2014-04-07,377.72
345,2014-04-08,378.07
346,2014-04-09,378.06
347,2014-04-10,379.46
348,2014-04-11,379.74
349,2014-04-12,379.74
350,2014-04-13,379.74
351,2014-04-14,379.54
352,2014-04-15,379.79
353,2014-04-16,379.8
354,2014-04-17,378.38
355,2014-04-18,378.31
356,2014-04-19,378.31
357,2014-04-20,378.31
358,2014-04-21,378.46
359,2014-04-22,378.67
360,2014-04-23,379.54
361,2014-04-24,379.63
362,2014-04-25,380.09
363,2014-04-26,380.09
364,2014-04-27,380.09
365,2014-04-28,379.85
366,2014-04-29,379.47
367,2014-04-30,380.39
368,2014-05-01,381.54
369,2014-05-02,381.99
370,2014-05-03,381.99
371,2014-05-04,381.99
372,2014-05-05,381.56
373,2014-05-06,382.07
374,2014-05-07,381.96
375,2014-05-08,382.17
376,2014-05-09,381.54
377,2014-05-10,381.54
378,2014-05-11,381.54
379,2014-05-12,381.1
380,2014-05-13,382.01
381,2014-05-14,383.61
382,2014-05-15,384.16
383,2014-05-16,383.91
384,2014-05-17,383.91
385,2014-05-18,383.91
386,2014-05-19,383.55
387,2014-05-20,384.01
388,2014-05-21,383.23
389,2014-05-22,382.84
390,2014-05-23,383.46
391,2014-05-24,383.46
392,2014-05-25,383.46
393,2014-05-26,383.68
394,2014-05-27,384.13
395,2014-05-28,385.84
396,2014-05-29,385.55
397,2014-05-30,385.33
398,2014-05-31,385.33
399,2014-06-01,385.33
400,2014-06-02,383.88
401,2014-06-03,382.72
402,2014-06-04,382.49
403,2014-06-05,382.97
404,2014-06-06,382.89
405,2014-06-07,382.89
406,2014-06-08,382.89
407,2014-06-09,382.77
408,2014-06-10,382.44
409,2014-06-11,382.44
410,2014-06-12,383.71
411,2014-06-13,383.41
412,2014-06-14,383.41
413,2014-06-15,383.41
414,2014-06-16,383.75
415,2014-06-17,382.67
416,2014-06-18,383.4
417,2014-06-19,383.2
418,2014-06-20,383.32
419,2014-06-21,383.32
420,2014-06-22,383.32
421,2014-06-23,383.6
422,2014-06-24,384.52
423,2014-06-25,385.03
424,2014-06-26,385.83
425,2014-06-27,385.46
426,2014-06-28,385.46
427,2014-06-29,385.46
428,2014-06-30,385.92
429,2014-07-01,384.84
430,2014-07-02,383.32
431,2014-07-03,382.97
432,2014-07-04,383.15
433,2014-07-05,383.15
434,2014-07-06,383.15
435,2014-07-07,383.87
436,2014-07-08,385.01
437,2014-07-09,385.45
438,2014-07-10,385.47
439,2014-07-11,385.84
440,2014-07-12,385.84
441,2014-07-13,385.84
442,2014-07-14,385.35
443,2014-07-15,385.28
444,2014-07-16,385.56
445,2014-07-17,386.77
446,2014-07-18,386.39
447,2014-07-19,386.39
448,2014-07-20,386.39
449,2014-07-21,386.7
450,2014-07-22,387.01
451,2014-07-23,387.04
452,2014-07-24,386.16
453,2014-07-25,387.21
454,2014-07-26,387.21
455,2014-07-27,387.21
456,2014-07-28,386.76
457,2014-07-29,387.52
458,2014-07-30,385.55
459,2014-07-31,385.28
460,2014-08-01,385.78
461,2014-08-02,385.78
462,2014-08-03,385.78
463,2014-08-04,385.95
464,2014-08-05,386.18
465,2014-08-06,386.13
466,2014-08-07,387.14
467,2014-08-08,387.19
468,2014-08-09,387.19
469,2014-08-10,387.19
470,2014-08-11,387.15
471,2014-08-12,386.64
472,2014-08-13,387.36
473,2014-08-14,388.26
474,2014-08-15,389.49
475,2014-08-16,389.49
476,2014-08-17,389.49
477,2014-08-18,388.55
478,2014-08-19,388.09
479,2014-08-20,387.77
480,2014-08-21,388.43
481,2014-08-22,388.82
482,2014-08-23,388.82
483,2014-08-24,388.82
484,2014-08-25,389.34
485,2014-08-26,389.26
486,2014-08-27,390.16
487,2014-08-28,390.93
488,2014-08-29,390.76
489,2014-08-30,390.76
490,2014-08-31,390.76
491,2014-09-01,390.64
492,2014-09-02,388.96
493,2014-09-03,389.15
494,2014-09-04,388.11
495,2014-09-05,387.7
496,2014-09-06,387.7
497,2014-09-07,387.7
498,2014-09-08,387.69
499,2014-09-09,387.13
500,2014-09-10,386.14
501,2014-09-11,386.29
502,2014-09-12,384.39
503,2014-09-13,384.39
504,2014-09-14,384.39
505,2014-09-15,384.81
506,2014-09-16,384.68
507,2014-09-17,384.28
508,2014-09-18,384.13
509,2014-09-19,385.28
510,2014-09-20,385.28
511,2014-09-21,385.28
512,2014-09-22,385.75
513,2014-09-23,386.39
514,2014-09-24,385.45
515,2014-09-25,386.53
516,2014-09-26,385.73
517,2014-09-27,385.73
518,2014-09-28,385.73
519,2014-09-29,386.3
520,2014-09-30,385.74
521,2014-10-01,388.0
522,2014-10-02,387.36
523,2014-10-03,387.77
524,2014-10-04,387.77
525,2014-10-05,387.77
526,2014-10-06,388.48
527,2014-10-07,390.07
528,2014-10-08,390.24
529,2014-10-09,390.25
530,2014-10-10,390.58
531,2014-10-11,390.58
532,2014-10-12,390.58
533,2014-10-13,391.78
534,2014-10-14,392.34
535,2014-10-15,393.63
536,2014-10-16,392.12
537,2014-10-17,391.77
538,2014-10-18,391.77
539,2014-10-19,391.77
540,2014-10-20,392.25
541,2014-10-21,392.12
542,2014-10-22,391.74
543,2014-10-23,390.69
544,2014-10-24,390.64
545,2014-10-25,390.64
546,2014-10-26,390.64
547,2014-10-27,391.05
548,2014-10-28,390.48
549,2014-10-29,389.92
550,2014-10-30,390.24
551,2014-10-31,389.6
552,2014-11-01,389.6
553,2014-11-02,389.6
554,2014-11-03,389.43
555,2014-11-04,389.37
556,2014-11-05,389.18
557,2014-11-06,388.54
558,2014-11-07,389.72
559,2014-11-08,389.72
560,2014-11-09,389.72
561,2014-11-10,388.74
562,2014-11-11,388.63
563,2014-11-12,388.75
564,2014-11-13,388.81
565,2014-11-14,389.26
566,2014-11-15,389.26
567,2014-11-16,389.26
568,2014-11-17,388.56
569,2014-11-18,388.56
570,2014-11-19,387.79
571,2014-11-20,388.24
572,2014-11-21,389.02
573,2014-11-22,389.02
574,2014-11-23,389.02
575,2014-11-24,389.41
576,2014-11-25,390.73
577,2014-11-26,391.46
578,2014-11-27,391.91
579,2014-11-28,392.29
580,2014-11-29,392.29
581,2014-11-30,392.29
582,2014-12-01,391.27
583,2014-12-02,389.69
584,2014-12-03,389.79
585,2014-12-04,390.43
586,2014-12-05,389.7
587,2014-12-06,389.7
588,2014-12-07,389.7
589,2014-12-08,390.77
590,2014-12-09,390.99
591,2014-12-10,391.69
592,2014-12-11,391.43
593,2014-12-12,392.64
594,2014-12-13,392.64
595,2014-12-14,392.64
596,2014-12-15,392.22
597,2014-12-16,392.46
598,2014-12-17,390.96
599,2014-12-18,390.53
600,2014-12-19,391.49
601,2014-12-20,391.49
602,2014-12-21,391.49
603,2014-12-22,392.22
604,2014-12-23,390.23
605,2014-12-24,390.52
606,2014-12-25,390.47
607,2014-12-26,390.91
608,2014-12-27,390.91
609,2014-12-28,390.91
610,2014-12-29,392.07
611,2014-12-30,392.6
612,2014-12-31,392.98
613,2015-01-01,393.01
614,2015-01-02,394.25
615,2015-01-03,394.25
616,2015-01-04,394.25
617,2015-01-05,396.03
618,2015-01-06,397.43
619,2015-01-07,397.71
620,2015-01-08,396.33
621,2015-01-09,397.44
622,2015-01-10,397.44
623,2015-01-11,397.44
624,2015-01-12,398.84
625,2015-01-13,399.01
626,2015-01-14,399.44
627,2015-01-15,400.71
628,2015-01-16,399.42
629,2015-01-17,399.42
630,2015-01-18,399.42
631,2015-01-19,400.56
632,2015-01-20,399.97
633,2015-01-21,398.96
634,2015-01-22,398.47
635,2015-01-23,400.42
636,2015-01-24,400.42
637,2015-01-25,400.42
638,2015-01-26,400.44
639,2015-01-27,400.48
640,2015-01-28,402.98
641,2015-01-29,402.26
642,2015-01-30,403.87
643,2015-01-31,403.87
644,2015-02-01,403.87
645,2015-02-02,404.12
646,2015-02-03,401.8
647,2015-02-04,401.75
648,2015-02-05,401.43
649,2015-02-06,399.16
650,2015-02-07,399.16
651,2015-02-08,399.16
652,2015-02-09,399.18
653,2015-02-10,398.25
654,2015-02-11,398.42
655,2015-02-12,398.62
656,2015-02-13,397.76
657,2015-02-14,397.76
658,2015-02-15,397.76
659,2015-02-16,397.0
660,2015-02-17,395.53
661,2015-02-18,397.33
662,2015-02-19,396.66
663,2015-02-20,396.51
664,2015-02-21,396.51
665,2015-02-22,396.51
666,2015-02-23,398.66
667,2015-02-24,400.4
668,2015-02-25,400.91
669,2015-02-26,399.9
670,2015-02-27,400.39
671,2015-02-28,400.39
672,2015-03-01,400.39
673,2015-03-02,398.44
674,2015-03-03,397.83
675,2015-03-04,397.78
676,2015-03-05,398.19
677,2015-03-06,395.25
678,2015-03-07,395.25
679,2015-03-08,395.25
680,2015-03-09,396.3
681,2015-03-10,397.59
682,2015-03-11,398.04
683,2015-03-12,398.14
684,2015-03-13,397.61
685,2015-03-14,397.61
686,2015-03-15,397.61
687,2015-03-16,397.68
688,2015-03-17,398.34
689,2015-03-18,400.71
690,2015-03-19,400.35
691,2015-03-20,401.42
692,2015-03-21,401.42
693,2015-03-22,401.42
694,2015-03-23,401.61
695,2015-03-24,402.63
696,2015-03-25,401.59
697,2015-03-26,399.35
698,2015-03-27,401.16
699,2015-03-28,401.16
700,2015-03-29,401.16
701,2015-03-30,400.89
702,2015-03-31,401.5
703,2015-04-01,403.11
704,2015-04-02,402.39
705,2015-04-03,403.85
706,2015-04-04,403.85
707,2015-04-05,403.85
708,2015-04-06,402.38
709,2015-04-07,403.22
710,2015-04-08,403.52
711,2015-04-09,401.91
712,2015-04-10,402.27
713,2015-04-11,402.27
714,2015-04-12,402.27
715,2015-04-13,402.69
716,2015-04-14,403.45
717,2015-04-15,403.5
718,2015-04-16,403.84
719,2015-04-17,404.6
720,2015-04-18,404.6
721,2015-04-19,404.6
722,2015-04-20,403.38
723,2015-04-21,403.07
724,2015-04-22,401.67
725,2015-04-23,402.15
726,2015-04-24,402.77
727,2015-04-25,402.77
728,2015-04-26,402.77
729,2015-04-27,402.75
730,2015-04-28,401.31
731,2015-04-29,399.46
732,2015-04-30,398.95
733,2015-05-01,397.33
734,2015-05-02,397.33
735,2015-05-03,397.33
736,2015-05-04,396.77
737,2015-05-05,395.88
738,2015-05-06,394.3
739,2015-05-07,395.63
740,2015-05-08,396.29
741,2015-05-09,396.29
742,2015-05-10,396.29
743,2015-05-11,393.57
744,2015-05-12,393.89
745,2015-05-13,393.41
746,2015-05-14,393.96
747,2015-05-15,396.49
748,2015-05-16,396.49
749,2015-05-17,396.49
750,2015-05-18,394.58
751,2015-05-19,393.74
752,2015-05-20,393.5
753,2015-05-21,394.88
754,2015-05-22,394.0
755,2015-05-23,394.0
756,2015-05-24,394.0
757,2015-05-25,394.67
758,2015-05-26,396.21
759,2015-05-27,396.29
760,2015-05-28,396.17
761,2015-05-29,396.81
762,2015-05-30,396.81
763,2015-05-31,396.81
764,2015-06-01,394.39
765,2015-06-02,392.67
766,2015-06-03,390.82
767,2015-06-04,392.22
768,2015-06-05,390.27
769,2015-06-06,390.27
770,2015-06-07,390.27
771,2015-06-08,390.68
772,2015-06-09,389.57
773,2015-06-10,388.24
774,2015-06-11,390.41
775,2015-06-12,390.31
776,2015-06-13,390.31
777,2015-06-14,390.31
778,2015-06-15,390.59
779,2015-06-16,391.18
780,2015-06-17,391.23
781,2015-06-18,390.1
782,2015-06-19,391.87
783,2015-06-20,391.87
784,2015-06-21,391.87
785,2015-06-22,389.87
786,2015-06-23,388.92
787,2015-06-24,389.87
788,2015-06-25,389.53
789,2015-06-26,387.7
790,2015-06-27,387.7
791,2015-06-28,387.7
792,2015-06-29,390.61
793,2015-06-30,390.49
794,2015-07-01,388.78
795,2015-07-02,389.39
796,2015-07-03,389.39
797,2015-07-04,389.39
798,2015-07-05,389.39
799,2015-07-06,391.91
800,2015-07-07,392.92
801,2015-07-08,393.35
802,2015-07-09,391.09
803,2015-07-10,388.59
804,2015-07-11,388.59
805,2015-07-12,388.59
806,2015-07-13,388.56
807,2015-07-14,389.0
808,2015-07-15,390.07
809,2015-07-16,390.13
810,2015-07-17,390.44
811,2015-07-18,390.44
812,2015-07-19,390.44
813,2015-07-20,389.84
814,2015-07-21,390.35
815,2015-07-22,390.73
816,2015-07-23,391.76
817,2015-07-24,391.72
818,2015-07-25,391.72
819,2015-07-26,391.72
820,2015-07-27,392.36
821,2015-07-28,391.78
822,2015-07-29,391.31
823,2015-07-30,391.71
824,2015-07-31,392.64
825,2015-08-01,392.64
826,2015-08-02,392.64
827,2015-08-03,393.9
828,2015-08-04,392.73
829,2015-08-05,391.33
830,2015-08-06,391.74
831,2015-08-07,393.09
832,2015-08-08,393.09
833,2015-08-09,393.09
834,2015-08-10,391.58
835,2015-08-11,393.45
836,2015-08-12,392.92
837,2015-08-13,391.71
838,2015-08-14,391.64
839,2015-08-15,391.64
840,2015-08-16,391.64
841,2015-08-17,392.74
842,2015-08-18,391.56
843,2015-08-19,392.66
844,2015-08-20,393.48
845,2015-08-21,393.8
846,2015-08-22,393.8
847,2015-08-23,393.8
848,2015-08-24,394.16
849,2015-08-25,391.08
850,2015-08-26,389.78
851,2015-08-27,390.68
852,2015-08-28,390.59
853,2015-08-29,390.59
854,2015-08-30,390.59
855,2015-08-31,390.36
856,2015-09-01,390.68
857,2015-09-02,390.3
858,2015-09-03,391.21
859,2015-09-04,392.4
860,2015-09-05,392.4
861,2015-09-06,392.4
862,2015-09-07,392.4
863,2015-09-08,391.34
864,2015-09-09,392.11
865,2015-09-10,391.28
866,2015-09-11,392.16
867,2015-09-12,392.16
868,2015-09-13,392.16
869,2015-09-14,392.2
870,2015-09-15,389.77
871,2015-09-16,389.48
872,2015-09-17,391.53
873,2015-09-18,393.65
874,2015-09-19,393.65
875,2015-09-20,393.65
876,2015-09-21,391.78
877,2015-09-22,393.67
878,2015-09-23,393.29
879,2015-09-24,393.63
880,2015-09-25,392.46
881,2015-09-26,392.46
882,2015-09-27,392.46
883,2015-09-28,393.51
884,2015-09-29,393.57
885,2015-09-30,392.9
886,2015-10-01,393.08
887,2015-10-02,394.0
888,2015-10-03,394.0
889,2015-10-04,394.0
890,2015-10-05,393.0
891,2015-10-06,393.97
892,2015-10-07,394.27
893,2015-10-08,393.29
894,2015-10-09,393.86
895,2015-10-10,393.86
896,2015-10-11,393.86
897,2015-10-12,393.86
898,2015-10-13,394.79
899,2015-10-14,396.49
900,2015-10-15,395.66
901,2015-10-16,395.84
902,2015-10-17,395.84
903,2015-10-18,395.84
904,2015-10-19,395.84
905,2015-10-20,395.1
906,2015-10-21,396.48
907,2015-10-22,396.96
908,2015-10-23,396.19
909,2015-10-24,396.19
910,2015-10-25,396.19
911,2015-10-26,397.2
912,2015-10-27,397.59
913,2015-10-28,396.52
914,2015-10-29,394.53
915,2015-10-30,395.05
916,2015-10-31,395.05
917,2015-11-01,395.05
918,2015-11-02,394.61
919,2015-11-03,393.79
920,2015-11-04,393.8
921,2015-11-05,393.47
922,2015-11-06,391.61
923,2015-11-07,391.61
924,2015-11-08,391.61
925,2015-11-09,391.41
926,2015-11-10,391.82
927,2015-11-11,391.82
928,2015-11-12,391.65
929,2015-11-13,392.2
930,2015-11-14,392.2
931,2015-11-15,392.2
932,2015-11-16,392.15
933,2015-11-17,392.8
934,2015-11-18,392.72
935,2015-11-19,393.39
936,2015-11-20,393.0
937,2015-11-21,393.0
938,2015-11-22,393.0
939,2015-11-23,393.37
940,2015-11-24,393.4
941,2015-11-25,393.71
942,2015-11-26,393.71
943,2015-11-27,393.76
944,2015-11-28,393.76
945,2015-11-29,393.76
946,2015-11-30,394.15
947,2015-12-01,395.82
948,2015-12-02,395.63
949,2015-12-03,391.97
950,2015-12-04,393.29
951,2015-12-05,393.29
952,2015-12-06,393.29
953,2015-12-07,394.43
954,2015-12-08,393.41
955,2015-12-09,393.99
956,2015-12-10,393.25
957,2015-12-11,394.75
958,2015-12-12,394.75
959,2015-12-13,394.75
960,2015-12-14,391.81
961,2015-12-15,391.07
962,2015-12-16,390.72
963,2015-12-17,391.98
964,2015-12-18,392.38
965,2015-12-19,392.38
966,2015-12-20,392.38
967,2015-12-21,392.23
968,2015-12-22,391.45
969,2015-12-23,391.06
970,2015-12-24,391.73
971,2015-12-25,391.73
972,2015-12-26,391.73
973,2015-12-27,391.73
974,2015-12-28,392.36
975,2015-12-29,390.53
976,2015-12-30,390.71
977,2015-12-31,391.48
978,2016-01-01,391.48
979,2016-01-02,391.48
980,2016-01-03,391.48
981,2016-01-04,391.97
982,2016-01-05,391.79
983,2016-01-06,393.32
984,2016-01-07,393.6
985,2016-01-08,393.85
986,2016-01-09,393.85
987,2016-01-10,393.85
988,2016-01-11,392.99
989,2016-01-12,394.21
990,2016-01-13,394.42
991,2016-01-14,393.09
992,2016-01-15,393.55
993,2016-01-16,393.55
994,2016-01-17,393.55
995,2016-01-18,393.55
996,2016-01-19,393.3
997,2016-01-20,392.58
998,2016-01-21,391.84
999,2016-01-22,391.62
1000,2016-01-23,391.62
1001,2016-01-24,391.62
1002,2016-01-25,391.96
1003,2016-01-26,392.31
1004,2016-01-27,391.94
1005,2016-01-28,391.96
1006,2016-01-29,392.98
1007,2016-01-30,392.98
1008,2016-01-31,392.98
1009,2016-02-01,391.88
1010,2016-02-02,393.71
1011,2016-02-03,392.89
1012,2016-02-04,393.24
1013,2016-02-05,393.42
1014,2016-02-06,393.42
1015,2016-02-07,393.42
1016,2016-02-08,395.21
1017,2016-02-09,394.49
1018,2016-02-10,394.88
1019,2016-02-11,394.63
1020,2016-02-12,392.67
1021,2016-02-13,392.67
1022,2016-02-14,392.67
1023,2016-02-15,392.67
1024,2016-02-16,392.41
1025,2016-02-17,391.9
1026,2016-02-18,393.68
1027,2016-02-19,393.94
1028,2016-02-20,393.94
1029,2016-02-21,393.94
1030,2016-02-22,394.15
1031,2016-02-23,394.77
1032,2016-02-24,394.86
1033,2016-02-25,396.12
1034,2016-02-26,395.13
1035,2016-02-27,395.13
1036,2016-02-28,395.13
1037,2016-02-29,396.38
1038,2016-03-01,395.02
1039,2016-03-02,395.64
1040,2016-03-03,396.7
1041,2016-03-04,396.26
1042,2016-03-05,396.26
1043,2016-03-06,396.26
1044,2016-03-07,396.81
1045,2016-03-08,398.67
1046,2016-03-09,397.83
1047,2016-03-10,398.03
1048,2016-03-11,398.04
1049,2016-03-12,398.04
1050,2016-03-13,398.04
1051,2016-03-14,399.36
1052,2016-03-15,400.04
1053,2016-03-16,400.61
1054,2016-03-17,402.06
1055,2016-03-18,403.34
1056,2016-03-19,403.34
1057,2016-03-20,403.34
1058,2016-03-21,402.61
1059,2016-03-22,402.95
1060,2016-03-23,404.73
1061,2016-03-24,404.08
1062,2016-03-25,404.08
1063,2016-03-26,404.08
1064,2016-03-27,404.08
1065,2016-03-28,404.67
1066,2016-03-29,405.85
1067,2016-03-30,405.63
1068,2016-03-31,406.83
1069,2016-04-01,406.76
1070,2016-04-02,406.76
1071,2016-04-03,406.76
1072,2016-04-04,407.34
1073,2016-04-05,408.62
1074,2016-04-06,408.19
1075,2016-04-07,409.73
1076,2016-04-08,408.97
1077,2016-04-09,408.97
1078,2016-04-10,408.97
1079,2016-04-11,409.13
1080,2016-04-12,408.17
1081,2016-04-13,409.28
1082,2016-04-14,409.23
1083,2016-04-15,410.36
1084,2016-04-16,410.36
1085,2016-04-17,410.36
1086,2016-04-18,410.17
1087,2016-04-19,410.64
1088,2016-04-20,409.69
1089,2016-04-21,409.83
1090,2016-04-22,409.79
1091,2016-04-23,409.79
1092,2016-04-24,409.79
1093,2016-04-25,409.76
1094,2016-04-26,409.45
1095,2016-04-27,411.1
1096,2016-04-28,411.15
1097,2016-04-29,412.59
1098,2016-04-30,412.59
1099,2016-05-01,412.59
1100,2016-05-02,411.43
1101,2016-05-03,412.66
1102,2016-05-04,412.7
1103,2016-05-05,413.5
1104,2016-05-06,412.44
1105,2016-05-07,412.44
1106,2016-05-08,412.44
1107,2016-05-09,412.75
1108,2016-05-10,412.88
1109,2016-05-11,413.5
1110,2016-05-12,412.58
1111,2016-05-13,413.73
1112,2016-05-14,413.73
1113,2016-05-15,413.73
1114,2016-05-16,412.64
1115,2016-05-17,412.6
1116,2016-05-18,409.8
1117,2016-05-19,410.64
1118,2016-05-20,410.56
1119,2016-05-21,410.56
1120,2016-05-22,410.56
1121,2016-05-23,410.73
1122,2016-05-24,410.55
1123,2016-05-25,410.43
1124,2016-05-26,412.03
1125,2016-05-27,411.84
1126,2016-05-28,411.84
1127,2016-05-29,411.84
1128,2016-05-30,411.84
1129,2016-05-31,412.35
1130,2016-06-01,411.97
1131,2016-06-02,412.84
1132,2016-06-03,415.24
1133,2016-06-04,415.24
1134,2016-06-05,415.24
1135,2016-06-06,414.95
1136,2016-06-07,415.47
1137,2016-06-08,416.06
1138,2016-06-09,416.8
1139,2016-06-10,417.44
1140,2016-06-11,417.44
1141,2016-06-12,417.44
1142,2016-06-13,417.62
1143,2016-06-14,417.05
1144,2016-06-15,417.37
1145,2016-06-16,417.67
1146,2016-06-17,416.61
1147,2016-06-18,416.61
1148,2016-06-19,416.61
1149,2016-06-20,416.33
1150,2016-06-21,416.0
1151,2016-06-22,416.43
1152,2016-06-23,415.49
1153,2016-06-24,417.5
1154,2016-06-25,417.5
1155,2016-06-26,417.5
1156,2016-06-27,420.15
1157,2016-06-28,420.44
1158,2016-06-29,420.78
1159,2016-06-30,420.64
1160,2016-07-01,422.05
1161,2016-07-02,422.05
1162,2016-07-03,422.05
1163,2016-07-04,422.05
1164,2016-07-05,425.03
1165,2016-07-06,424.74
1166,2016-07-07,425.39
1167,2016-07-08,426.55
1168,2016-07-09,426.55
1169,2016-07-10,426.55
1170,2016-07-11,426.03
1171,2016-07-12,424.66
1172,2016-07-13,426.12
1173,2016-07-14,424.75
1174,2016-07-15,423.43
1175,2016-07-16,423.43
1176,2016-07-17,423.43
1177,2016-07-18,423.78
1178,2016-07-19,424.51
1179,2016-07-20,424.12
1180,2016-07-21,424.53
1181,2016-07-22,424.69
1182,2016-07-23,424.69
1183,2016-07-24,424.69
1184,2016-07-25,424.66
1185,2016-07-26,424.69
1186,2016-07-27,425.81
1187,2016-07-28,425.61
1188,2016-07-29,426.91
1189,2016-07-30,426.91
1190,2016-07-31,426.91
1191,2016-08-01,425.49
1192,2016-08-02,424.13
1193,2016-08-03,423.96
1194,2016-08-04,425.21
1195,2016-08-05,423.61
1196,2016-08-06,423.61
1197,2016-08-07,423.61
1198,2016-08-08,424.25
1199,2016-08-09,425.69
1200,2016-08-10,426.69
1201,2016-08-11,425.14
1202,2016-08-12,426.68
1203,2016-08-13,426.68
1204,2016-08-14,426.68
1205,2016-08-15,426.03
1206,2016-08-16,425.62
1207,2016-08-17,426.29
1208,2016-08-18,427.06
1209,2016-08-19,426.27
1210,2016-08-20,426.27
1211,2016-08-21,426.27
1212,2016-08-22,427.75
1213,2016-08-23,427.81
1214,2016-08-24,427.83
1215,2016-08-25,427.32
1216,2016-08-26,426.11
1217,2016-08-27,426.11
1218,2016-08-28,426.11
1219,2016-08-29,428.19
1220,2016-08-30,427.87
1221,2016-08-31,427.83
1222,2016-09-01,427.68
1223,2016-09-02,426.86
1224,2016-09-03,426.86
1225,2016-09-04,426.86
1226,2016-09-05,426.86
1227,2016-09-06,428.28
1228,2016-09-07,428.15
1229,2016-09-08,425.83
1230,2016-09-09,423.94
1231,2016-09-10,423.94
1232,2016-09-11,423.94
1233,2016-09-12,423.74
1234,2016-09-13,421.74
1235,2016-09-14,422.82
1236,2016-09-15,422.46
1237,2016-09-16,422.66
1238,2016-09-17,422.66
1239,2016-09-18,422.66
1240,2016-09-19,423.04
1241,2016-09-20,423.42
1242,2016-09-21,424.15
1243,2016-09-22,425.66
1244,2016-09-23,426.26
1245,2016-09-24,426.26
1246,2016-09-25,426.26
1247,2016-09-26,426.75
1248,2016-09-27,427.65
1249,2016-09-28,427.49
1250,2016-09-29,427.97
1251,2016-09-30,426.59
1252,2016-10-01,426.59
1253,2016-10-02,426.59
1254,2016-10-03,426.6
1255,2016-10-04,425.15
1256,2016-10-05,424.67
1257,2016-10-06,424.39
1258,2016-10-07,424.51
1259,2016-10-08,424.51
1260,2016-10-09,424.51
1261,2016-10-10,424.51
1262,2016-10-11,424.43
1263,2016-10-12,424.14
1264,2016-10-13,425.18
1265,2016-10-14,423.6
1266,2016-10-15,423.6
1267,2016-10-16,423.6
1268,2016-10-17,424.68
1269,2016-10-18,425.38
1270,2016-10-19,425.65
1271,2016-10-20,425.92
1272,2016-10-21,425.94
1273,2016-10-22,425.94
1274,2016-10-23,425.94
1275,2016-10-24,425.4
1276,2016-10-25,425.55
1277,2016-10-26,424.39
1278,2016-10-27,422.97
1279,2016-10-28,422.7
1280,2016-10-29,422.7
1281,2016-10-30,422.7
1282,2016-10-31,423.11
1283,2016-11-01,423.06
1284,2016-11-02,422.91
1285,2016-11-03,422.21
1286,2016-11-04,422.88
1287,2016-11-05,422.88
1288,2016-11-06,422.88
1289,2016-11-07,422.37
1290,2016-11-08,421.72
1291,2016-11-09,416.57
1292,2016-11-10,416.23
1293,2016-11-11,416.23
1294,2016-11-12,416.23
1295,2016-11-13,416.23
1296,2016-11-14,413.8
1297,2016-11-15,413.77
1298,2016-11-16,414.65
1299,2016-11-17,413.31
1300,2016-11-18,411.96
1301,2016-11-19,411.96
1302,2016-11-20,411.96
1303,2016-11-21,411.9
1304,2016-11-22,412.2
1305,2016-11-23,411.64
1306,2016-11-24,411.64
1307,2016-11-25,411.61
1308,2016-11-26,411.61
1309,2016-11-27,411.61
1310,2016-11-28,412.91
1311,2016-11-29,413.65
1312,2016-11-30,412.5
1313,2016-12-01,411.0
1314,2016-12-02,412.17
1315,2016-12-03,412.17
1316,2016-12-04,412.17
1317,2016-12-05,412.53
1318,2016-12-06,412.34
1319,2016-12-07,413.89
1320,2016-12-08,412.97
1321,2016-12-09,411.44
1322,2016-12-10,411.44
1323,2016-12-11,411.44
1324,2016-12-12,411.58
1325,2016-12-13,411.91
1326,2016-12-14,411.4
1327,2016-12-15,410.73
1328,2016-12-16,410.08
1329,2016-12-17,410.08
1330,2016-12-18,410.08
1331,2016-12-19,411.67
1332,2016-12-20,411.0
1333,2016-12-21,411.7
1334,2016-12-22,411.84
1335,2016-12-23,412.33
1336,2016-12-24,412.33
1337,2016-12-25,412.33
1338,2016-12-26,412.33
1339,2016-12-27,411.75
1340,2016-12-28,413.19
1341,2016-12-29,413.87
1342,2016-12-30,414.9
1343,2016-12-31,414.9
1344,2017-01-01,414.9
1345,2017-01-02,414.9
1346,2017-01-03,415.09
1347,2017-01-04,415.55
1348,2017-01-05,417.82
1349,2017-01-06,416.59
1350,2017-01-07,416.59
1351,2017-01-08,416.59
1352,2017-01-09,417.63
1353,2017-01-10,417.41
1354,2017-01-11,417.7
1355,2017-01-12,417.73
1356,2017-01-13,417.4
1357,2017-01-14,417.4
1358,2017-01-15,417.4
1359,2017-01-16,417.4
1360,2017-01-17,418.84
1361,2017-01-18,417.19
1362,2017-01-19,415.84
1363,2017-01-20,415.76
1364,2017-01-21,415.76
1365,2017-01-22,415.76
1366,2017-01-23,417.48
1367,2017-01-24,415.8
1368,2017-01-25,414.84
1369,2017-01-26,415.37
1370,2017-01-27,416.21
1371,2017-01-28,416.21
1372,2017-01-29,416.21
1373,2017-01-30,415.89
1374,2017-01-31,416.4
1375,2017-02-01,415.77
1376,2017-02-02,415.91
1377,2017-02-03,415.49
1378,2017-02-04,415.49
1379,2017-02-05,415.49
1380,2017-02-06,417.51
1381,2017-02-07,418.14
1382,2017-02-08,419.12
1383,2017-02-09,417.77
1384,2017-02-10,417.61
1385,2017-02-11,417.61
1386,2017-02-12,417.61
1387,2017-02-13,417.32
1388,2017-02-14,416.67
1389,2017-02-15,416.12
1390,2017-02-16,417.42
1391,2017-02-17,418.0
1392,2017-02-18,418.0
1393,2017-02-19,418.0
1394,2017-02-20,418.0
1395,2017-02-21,418.12
1396,2017-02-22,418.36
1397,2017-02-23,419.23
1398,2017-02-24,421.0
1399,2017-02-25,421.0
1400,2017-02-26,421.0
1401,2017-02-27,420.1
1402,2017-02-28,420.52
1403,2017-03-01,418.22
1404,2017-03-02,417.9
1405,2017-03-03,417.97
1406,2017-03-04,417.97
1407,2017-03-05,417.97
1408,2017-03-06,417.83
1409,2017-03-07,417.03
1410,2017-03-08,415.75
1411,2017-03-09,414.1
1412,2017-03-10,414.54
1413,2017-03-11,414.54
1414,2017-03-12,414.54
1415,2017-03-13,413.87
1416,2017-03-14,414.04
1417,2017-03-15,416.36
1418,2017-03-16,416.09
1419,2017-03-17,416.72
1420,2017-03-18,416.72
1421,2017-03-19,416.72
1422,2017-03-20,417.48
1423,2017-03-21,418.35
1424,2017-03-22,419.09
1425,2017-03-23,418.75
1426,2017-03-24,419.39
1427,2017-03-25,419.39
1428,2017-03-26,419.39
1429,2017-03-27,419.96
1430,2017-03-28,419.23
1431,2017-03-29,420.01
1432,2017-03-30,419.49
1433,2017-03-31,419.92
1434,2017-04-01,419.92
1435,2017-04-02,419.92
1436,2017-04-03,420.92
1437,2017-04-04,420.78
1438,2017-04-05,420.75
1439,2017-04-06,421.19
1440,2017-04-07,420.68
1441,2017-04-08,420.68
1442,2017-04-09,420.68
1443,2017-04-10,421.17
1444,2017-04-11,422.79
1445,2017-04-12,422.81
1446,2017-04-13,424.19
1447,2017-04-14,424.19
1448,2017-04-15,424.19
1449,2017-04-16,424.19
1450,2017-04-17,423.73
1451,2017-04-18,425.45
1452,2017-04-19,424.99
1453,2017-04-20,424.08
1454,2017-04-21,424.19
1455,2017-04-22,424.19
1456,2017-04-23,424.19
1457,2017-04-24,423.55
1458,2017-04-25,422.45
1459,2017-04-26,422.96
1460,2017-04-27,423.33
1461,2017-04-28,423.88
1462,2017-04-29,423.88
1463,2017-04-30,423.88
1464,2017-05-01,422.65
1465,2017-05-02,423.49
1466,2017-05-03,423.62
1467,2017-05-04,422.63
1468,2017-05-05,422.71
1469,2017-05-06,422.71
1470,2017-05-07,422.71
1471,2017-05-08,422.47
1472,2017-05-09,421.95
1473,2017-05-10,422.11
1474,2017-05-11,422.56
1475,2017-05-12,424.01
1476,2017-05-13,424.01
1477,2017-05-14,424.01
1478,2017-05-15,424.15
1479,2017-05-16,424.73
1480,2017-05-17,427.2
1481,2017-05-18,426.76
1482,2017-05-19,426.77
1483,2017-05-20,426.77
1484,2017-05-21,426.77
1485,2017-05-22,426.75
1486,2017-05-23,426.12
1487,2017-05-24,426.47
1488,2017-05-25,426.74
1489,2017-05-26,426.93
1490,2017-05-27,426.93
1491,2017-05-28,426.93
1492,2017-05-29,426.93
1493,2017-05-30,427.83
1494,2017-05-31,428.48
1495,2017-06-01,428.14
1496,2017-06-02,429.58
1497,2017-06-03,429.58
1498,2017-06-04,429.58
1499,2017-06-05,429.23
1500,2017-06-06,430.08
1501,2017-06-07,429.44
1502,2017-06-08,429.02
1503,2017-06-09,429.02
1504,2017-06-10,429.02
1505,2017-06-11,429.02
1506,2017-06-12,428.74
1507,2017-06-13,429.04
1508,2017-06-14,431.05
1509,2017-06-15,430.63
1510,2017-06-16,430.75
1511,2017-06-17,430.75
1512,2017-06-18,430.75
1513,2017-06-19,430.48
1514,2017-06-20,431.61
1515,2017-06-21,431.71
1516,2017-06-22,431.69
1517,2017-06-23,432.08
1518,2017-06-24,432.08
1519,2017-06-25,432.08
1520,2017-06-26,432.61
1521,2017-06-27,431.47
1522,2017-06-28,430.92
1523,2017-06-29,430.26
1524,2017-06-30,429.64
1525,2017-07-01,429.64
1526,2017-07-02,429.64
1527,2017-07-03,428.91
1528,2017-07-04,428.91
1529,2017-07-05,429.33
1530,2017-07-06,428.73
1531,2017-07-07,428.29
1532,2017-07-08,428.29
1533,2017-07-09,428.29
1534,2017-07-10,428.85
1535,2017-07-11,429.02
1536,2017-07-12,430.12
1537,2017-07-13,429.82
1538,2017-07-14,430.39
1539,2017-07-15,430.39
1540,2017-07-16,430.39
1541,2017-07-17,431.17
1542,2017-07-18,432.32
1543,2017-07-19,432.45
1544,2017-07-20,432.72
1545,2017-07-21,433.72
1546,2017-07-22,433.72
1547,2017-07-23,433.72
1548,2017-07-24,433.33
1549,2017-07-25,431.61
1550,2017-07-26,432.61
1551,2017-07-27,432.01
1552,2017-07-28,432.69
1553,2017-07-29,432.69
1554,2017-07-30,432.69
1555,2017-07-31,432.66
1556,2017-08-01,433.88
1557,2017-08-02,433.52
1558,2017-08-03,434.25
1559,2017-08-04,433.53
1560,2017-08-05,433.53
1561,2017-08-06,433.53
1562,2017-08-07,433.33
1563,2017-08-08,432.37
1564,2017-08-09,432.48
1565,2017-08-10,432.67
1566,2017-08-11,432.62
1567,2017-08-12,432.62
1568,2017-08-13,432.62
1569,2017-08-14,432.37
1570,2017-08-15,431.96
1571,2017-08-16,433.09
1572,2017-08-17,433.63
1573,2017-08-18,433.44
1574,2017-08-19,433.44
1575,2017-08-20,433.44
1576,2017-08-21,433.85
1577,2017-08-22,433.18
1578,2017-08-23,434.15
1579,2017-08-24,433.88
1580,2017-08-25,434.38
1581,2017-08-26,434.38
1582,2017-08-27,434.38
1583,2017-08-28,434.64
1584,2017-08-29,434.77
1585,2017-08-30,434.86
1586,2017-08-31,435.47
1587,2017-09-01,434.57
1588,2017-09-02,434.57
1589,2017-09-03,434.57
1590,2017-09-04,434.57
1591,2017-09-05,436.65
1592,2017-09-06,435.61
1593,2017-09-07,436.66
1594,2017-09-08,436.46
1595,2017-09-09,436.46
1596,2017-09-10,436.46
1597,2017-09-11,435.06
1598,2017-09-12,434.2
1599,2017-09-13,433.94
1600,2017-09-14,434.4
1601,2017-09-15,434.63
1602,2017-09-16,434.63
1603,2017-09-17,434.63
1604,2017-09-18,434.38
1605,2017-09-19,434.58
1606,2017-09-20,434.18
1607,2017-09-21,434.39
1608,2017-09-22,434.73
1609,2017-09-23,434.73
1610,2017-09-24,434.73
1611,2017-09-25,435.94
1612,2017-09-26,435.95
1613,2017-09-27,434.2
1614,2017-09-28,434.7
1615,2017-09-29,434.96
1616,2017-09-30,434.96
1617,2017-10-01,434.96
1618,2017-10-02,435.08
1619,2017-10-03,435.77
1620,2017-10-04,435.59
1621,2017-10-05,435.25
1622,2017-10-06,435.06
1623,2017-10-07,435.06
1624,2017-10-08,435.06
1625,2017-10-09,435.06
1626,2017-10-10,435.68
1627,2017-10-11,435.7
1628,2017-10-12,436.14
1629,2017-10-13,437.13
1630,2017-10-14,437.13
1631,2017-10-15,437.13
1632,2017-10-16,436.85
1633,2017-10-17,437.22
1634,2017-10-18,436.34
1635,2017-10-19,436.75
1636,2017-10-20,435.78
1637,2017-10-21,435.78
1638,2017-10-22,435.78
1639,2017-10-23,436.04
1640,2017-10-24,435.66
1641,2017-10-25,434.79
1642,2017-10-26,434.58
1643,2017-10-27,435.03
1644,2017-10-28,435.03
1645,2017-10-29,435.03
1646,2017-10-30,436.69
1647,2017-10-31,436.59
1648,2017-11-01,436.41
1649,2017-11-02,437.02
1650,2017-11-03,437.16
1651,2017-11-04,437.16
1652,2017-11-05,437.16
1653,2017-11-06,437.57
1654,2017-11-07,437.45
1655,2017-11-08,436.91
1656,2017-11-09,436.13
1657,2017-11-10,434.19
1658,2017-11-11,434.19
1659,2017-11-12,434.19
1660,2017-11-13,434.36
1661,2017-11-14,434.63
1662,2017-11-15,435.3
1663,2017-11-16,435.15
1664,2017-11-17,435.53
1665,2017-11-18,435.53
1666,2017-11-19,435.53
1667,2017-11-20,435.64
1668,2017-11-21,436.42
1669,2017-11-22,437.42
1670,2017-11-23,437.42
1671,2017-11-24,437.28
1672,2017-11-25,437.28
1673,2017-11-26,437.28
1674,2017-11-27,437.57
1675,2017-11-28,437.44
1676,2017-11-29,436.68
1677,2017-11-30,436.07
1678,2017-12-01,437.53
1679,2017-12-02,437.53
1680,2017-12-03,437.53
1681,2017-12-04,437.93
1682,2017-12-05,438.49
1683,2017-12-06,438.99
1684,2017-12-07,438.12
1685,2017-12-08,438.12
1686,2017-12-09,438.12
1687,2017-12-10,438.12
1688,2017-12-11,437.91
1689,2017-12-12,438.03
1690,2017-12-13,439.21
1691,2017-12-14,439.64
1692,2017-12-15,440.05
1693,2017-12-16,440.05
1694,2017-12-17,440.05
1695,2017-12-18,439.15
1696,2017-12-19,437.89
1697,2017-12-20,436.51
1698,2017-12-21,437.05
1699,2017-12-22,437.23
1700,2017-12-23,437.23
1701,2017-12-24,437.23
1702,2017-12-25,437.23
1703,2017-12-26,437.79
1704,2017-12-27,439.65
1705,2017-12-28,439.41
1706,2017-12-29,440.0
1707,2017-12-30,440.0
1708,2017-12-31,440.0
1709,2018-01-01,440.0
1710,2018-01-02,438.39
1711,2018-01-03,438.91
1712,2018-01-04,438.75
1713,2018-01-05,438.64
1714,2018-01-06,438.64
1715,2018-01-07,438.64
1716,2018-01-08,438.89
1717,2018-01-09,437.46
1718,2018-01-10,437.64
1719,2018-01-11,438.27
1720,2018-01-12,438.33
1721,2018-01-13,438.33
1722,2018-01-14,438.33
1723,2018-01-15,438.33
1724,2018-01-16,439.05
1725,2018-01-17,438.16
1726,2018-01-18,436.83
1727,2018-01-19,436.06
1728,2018-01-20,436.06
1729,2018-01-21,436.06
1730,2018-01-22,435.8
1731,2018-01-23,436.63
1732,2018-01-24,436.33
1733,2018-01-25,437.62
1734,2018-01-26,437.05
1735,2018-01-27,437.05
1736,2018-01-28,437.05
1737,2018-01-29,436.48
1738,2018-01-30,435.55
1739,2018-01-31,436.21
1740,2018-02-01,434.49
1741,2018-02-02,433.43
1742,2018-02-03,433.43
1743,2018-02-04,433.43
1744,2018-02-05,435.28
1745,2018-02-06,433.05
1746,2018-02-07,432.07
1747,2018-02-08,432.12
1748,2018-02-09,429.9
1749,2018-02-10,429.9
1750,2018-02-11,429.9
1751,2018-02-12,430.16
1752,2018-02-13,429.84
1753,2018-02-14,428.31
1754,2018-02-15,428.93
1755,2018-02-16,429.75
1756,2018-02-17,429.75
1757,2018-02-18,429.75
1758,2018-02-19,429.75
1759,2018-02-20,429.59
1760,2018-02-21,427.96
1761,2018-02-22,428.48
1762,2018-02-23,429.34
1763,2018-02-24,429.34
1764,2018-02-25,429.34
1765,2018-02-26,429.76
1766,2018-02-27,429.21
1767,2018-02-28,429.51
1768,2018-03-01,430.01
1769,2018-03-02,428.54
1770,2018-03-03,428.54
1771,2018-03-04,428.54
1772,2018-03-05,428.15
1773,2018-03-06,428.54
1774,2018-03-07,428.42
1775,2018-03-08,428.74
1776,2018-03-09,428.07
1777,2018-03-10,428.07
1778,2018-03-11,428.07
1779,2018-03-12,428.43
1780,2018-03-13,428.69
1781,2018-03-14,429.12
1782,2018-03-15,429.01
1783,2018-03-16,428.67
1784,2018-03-17,428.67
1785,2018-03-18,428.67
1786,2018-03-19,428.23
1787,2018-03-20,427.63
1788,2018-03-21,427.5
1789,2018-03-22,427.74
1790,2018-03-23,427.82
1791,2018-03-24,427.82
1792,2018-03-25,427.82
1793,2018-03-26,427.34
1794,2018-03-27,429.05
1795,2018-03-28,429.1
1796,2018-03-29,430.17
1797,2018-03-30,430.17
1798,2018-03-31,430.17
1799,2018-04-01,430.17
1800,2018-04-02,430.76
1801,2018-04-03,429.56
1802,2018-04-04,429.14
1803,2018-04-05,429.01
1804,2018-04-06,430.58
1805,2018-04-07,430.58
1806,2018-04-08,430.58
1807,2018-04-09,431.18
1808,2018-04-10,431.01
1809,2018-04-11,431.36
1810,2018-04-12,430.63
1811,2018-04-13,430.83
1812,2018-04-14,430.83
1813,2018-04-15,430.83
1814,2018-04-16,430.85
1815,2018-04-17,431.24
1816,2018-04-18,429.71
1817,2018-04-19,428.52
1818,2018-04-20,427.16
1819,2018-04-21,427.16
1820,2018-04-22,427.16
1821,2018-04-23,426.9
1822,2018-04-24,426.12
1823,2018-04-25,424.85
1824,2018-04-26,425.62
1825,2018-04-27,426.39
1826,2018-04-28,426.39
1827,2018-04-29,426.39
1828,2018-04-30,426.59
1829,2018-05-01,425.81
1830,2018-05-02,425.36
1831,2018-05-03,425.7
1832,2018-05-04,425.85
1833,2018-05-05,425.85
1834,2018-05-06,425.85
1835,2018-05-07,425.69
1836,2018-05-08,425.4
1837,2018-05-09,424.73
1838,2018-05-10,425.84
1839,2018-05-11,426.5
1840,2018-05-12,426.5
1841,2018-05-13,426.5
1842,2018-05-14,426.29
1843,2018-05-15,424.73
1844,2018-05-16,423.53
1845,2018-05-17,423.18
1846,2018-05-18,424.13
1847,2018-05-19,424.13
1848,2018-05-20,424.13
1849,2018-05-21,424.47
1850,2018-05-22,424.35
1851,2018-05-23,425.42
1852,2018-05-24,426.22
1853,2018-05-25,427.4
1854,2018-05-26,427.4
1855,2018-05-27,427.4
1856,2018-05-28,427.4
1857,2018-05-29,430.21
1858,2018-05-30,428.84
1859,2018-05-31,428.39
1860,2018-06-01,427.75
1861,2018-06-02,427.75
1862,2018-06-03,427.75
1863,2018-06-04,426.75
1864,2018-06-05,427.25
1865,2018-06-06,426.04
1866,2018-06-07,427.34
1867,2018-06-08,426.66
1868,2018-06-09,426.66
1869,2018-06-10,426.66
1870,2018-06-11,426.66
1871,2018-06-12,426.62
1872,2018-06-13,426.34
1873,2018-06-14,427.34
1874,2018-06-15,427.27
1875,2018-06-16,427.27
1876,2018-06-17,427.27
1877,2018-06-18,427.15
1878,2018-06-19,427.31
1879,2018-06-20,426.06
1880,2018-06-21,426.01
1881,2018-06-22,425.92
1882,2018-06-23,425.92
1883,2018-06-24,425.92
1884,2018-06-25,425.95
1885,2018-06-26,426.13
1886,2018-06-27,427.23
1887,2018-06-28,426.97
1888,2018-06-29,426.81
1889,2018-06-30,426.81
1890,2018-07-01,426.81
1891,2018-07-02,426.65
1892,2018-07-03,427.65
1893,2018-07-04,427.65
1894,2018-07-05,428.14
1895,2018-07-06,428.64
1896,2018-07-07,428.64
1897,2018-07-08,428.64
1898,2018-07-09,428.81
1899,2018-07-10,429.06
1900,2018-07-11,429.62
1901,2018-07-12,429.84
1902,2018-07-13,430.54
1903,2018-07-14,430.54
1904,2018-07-15,430.54
1905,2018-07-16,430.26
1906,2018-07-17,429.97
1907,2018-07-18,429.53
1908,2018-07-19,430.4
1909,2018-07-20,429.43
1910,2018-07-21,429.43
1911,2018-07-22,429.43
1912,2018-07-23,428.26
1913,2018-07-24,428.97
1914,2018-07-25,428.83
1915,2018-07-26,429.0
1916,2018-07-27,429.58
1917,2018-07-28,429.58
1918,2018-07-29,429.58
1919,2018-07-30,429.54
1920,2018-07-31,430.36
1921,2018-08-01,429.55
1922,2018-08-02,429.7
1923,2018-08-03,430.8
1924,2018-08-04,430.8
1925,2018-08-05,430.8
1926,2018-08-06,431.09
1927,2018-08-07,430.74
1928,2018-08-08,430.69
1929,2018-08-09,431.37
1930,2018-08-10,431.83
1931,2018-08-11,431.83
1932,2018-08-12,431.83
1933,2018-08-13,431.56
1934,2018-08-14,431.36
1935,2018-08-15,431.96
1936,2018-08-16,432.38
1937,2018-08-17,432.52
1938,2018-08-18,432.52
1939,2018-08-19,432.52
1940,2018-08-20,433.66
1941,2018-08-21,433.4
1942,2018-08-22,433.62
1943,2018-08-23,433.63
1944,2018-08-24,433.84
1945,2018-08-25,433.84
1946,2018-08-26,433.84
1947,2018-08-27,433.19
1948,2018-08-28,432.53
1949,2018-08-29,432.57
1950,2018-08-30,432.62
1951,2018-08-31,432.23
1952,2018-09-01,432.23
1953,2018-09-02,432.23
1954,2018-09-03,432.23
1955,2018-09-04,431.68
1956,2018-09-05,431.24
1957,2018-09-06,432.01
1958,2018-09-07,431.06
1959,2018-09-08,431.06
1960,2018-09-09,431.06
1961,2018-09-10,431.32
1962,2018-09-11,430.56
1963,2018-09-12,431.04
1964,2018-09-13,431.46
1965,2018-09-14,431.4
1966,2018-09-15,431.4
1967,2018-09-16,431.4
1968,2018-09-17,431.52
1969,2018-09-18,430.36
1970,2018-09-19,429.64
1971,2018-09-20,430.25
1972,2018-09-21,430.59
1973,2018-09-22,430.59
1974,2018-09-23,430.59
1975,2018-09-24,430.24
1976,2018-09-25,429.94
1977,2018-09-26,431.13
1978,2018-09-27,431.46
1979,2018-09-28,431.39
1980,2018-09-29,431.39
1981,2018-09-30,431.39
1982,2018-10-01,430.79
1983,2018-10-02,431.5
1984,2018-10-03,429.36
1985,2018-10-04,428.03
1986,2018-10-05,427.17
1987,2018-10-06,427.17
1988,2018-10-07,427.17
1989,2018-10-08,427.17
1990,2018-10-09,427.59
1991,2018-10-10,427.4
1992,2018-10-11,428.39
1993,2018-10-12,427.82
1994,2018-10-13,427.82
1995,2018-10-14,427.82
1996,2018-10-15,428.27
1997,2018-10-16,428.19
1998,2018-10-17,427.07
1999,2018-10-18,427.2
2000,2018-10-19,427.0
2001,2018-10-20,427.0
2002,2018-10-21,427.0
2003,2018-10-22,426.4
2004,2018-10-23,426.2
2005,2018-10-24,427.63
2006,2018-10-25,427.06
2007,2018-10-26,427.53
2008,2018-10-27,427.53
2009,2018-10-28,427.53
2010,2018-10-29,427.82
2011,2018-10-30,426.44
2012,2018-10-31,425.89
2013,2018-11-01,425.79
2014,2018-11-02,424.58
2015,2018-11-03,424.58
2016,2018-11-04,424.58
2017,2018-11-05,425.03
2018,2018-11-06,425.52
2019,2018-11-07,425.89
2020,2018-11-08,425.85
2021,2018-11-09,426.43
2022,2018-11-10,426.43
2023,2018-11-11,426.43
2024,2018-11-12,426.43
2025,2018-11-13,426.66
2026,2018-11-14,426.13
2027,2018-11-15,425.19
2028,2018-11-16,425.66
2029,2018-11-17,425.66
2030,2018-11-18,425.66
2031,2018-11-19,426.05
2032,2018-11-20,425.31
2033,2018-11-21,425.81
2034,2018-11-22,425.81
2035,2018-11-23,425.82
2036,2018-11-24,425.82
2037,2018-11-25,425.82
2038,2018-11-26,425.95
2039,2018-11-27,425.69
2040,2018-11-28,425.05
2041,2018-11-29,425.3
2042,2018-11-30,425.33
2043,2018-12-01,425.33
2044,2018-12-02,425.33
2045,2018-12-03,426.81
2046,2018-12-04,427.61
2047,2018-12-05,427.61
2048,2018-12-06,427.17
2049,2018-12-07,428.24
2050,2018-12-08,428.24
2051,2018-12-09,428.24
2052,2018-12-10,428.44
2053,2018-12-11,428.44
2054,2018-12-12,428.54
2055,2018-12-13,428.92
2056,2018-12-14,429.26
2057,2018-12-15,429.26
2058,2018-12-16,429.26
2059,2018-12-17,430.25
2060,2018-12-18,431.01
2061,2018-12-19,432.13
2062,2018-12-20,430.5
2063,2018-12-21,430.23
2064,2018-12-22,430.23
2065,2018-12-23,430.23
2066,2018-12-24,431.3
2067,2018-12-25,431.3
2068,2018-12-26,429.1
2069,2018-12-27,428.52
2070,2018-12-28,430.18
2071,2018-12-29,430.18
2072,2018-12-30,430.18
2073,2018-12-31,431.14
2074,2019-01-01,431.14
2075,2019-01-02,431.85
2076,2019-01-03,433.45
2077,2019-01-04,431.7
2078,2019-01-05,431.7
2079,2019-01-06,431.7
2080,2019-01-07,431.49
2081,2019-01-08,431.79
2082,2019-01-09,432.7
2083,2019-01-10,432.25
2084,2019-01-11,432.83
2085,2019-01-12,432.83
2086,2019-01-13,432.83
2087,2019-01-14,432.64
2088,2019-01-15,432.26
2089,2019-01-16,432.66
2090,2019-01-17,432.75
2091,2019-01-18,433.12
2092,2019-01-19,433.12
2093,2019-01-20,433.12
2094,2019-01-21,433.12
2095,2019-01-22,434.36
2096,2019-01-23,434.96
2097,2019-01-24,436.09
2098,2019-01-25,436.06
2099,2019-01-26,436.06
2100,2019-01-27,436.06
2101,2019-01-28,436.1
2102,2019-01-29,437.23
2103,2019-01-30,438.11
2104,2019-01-31,440.17
2105,2019-02-01,439.85
2106,2019-02-02,439.85
2107,2019-02-03,439.85
2108,2019-02-04,439.56
2109,2019-02-05,440.78
2110,2019-02-06,441.06
2111,2019-02-07,441.41
2112,2019-02-08,441.7
2113,2019-02-09,441.7
2114,2019-02-10,441.7
2115,2019-02-11,441.67
2116,2019-02-12,441.42
2117,2019-02-13,440.88
2118,2019-02-14,441.5
2119,2019-02-15,441.99
2120,2019-02-16,441.99
2121,2019-02-17,441.99
2122,2019-02-18,441.99
2123,2019-02-19,442.66
2124,2019-02-20,442.39
2125,2019-02-21,441.23
2126,2019-02-22,442.0
2127,2019-02-23,442.0
2128,2019-02-24,442.0
2129,2019-02-25,442.21
2130,2019-02-26,442.88
2131,2019-02-27,441.74
2132,2019-02-28,441.48
2133,2019-03-01,440.53
2134,2019-03-02,440.53
2135,2019-03-03,440.53
2136,2019-03-04,441.72
2137,2019-03-05,442.05
2138,2019-03-06,442.35
2139,2019-03-07,443.16
2140,2019-03-08,443.27
2141,2019-03-09,443.27
2142,2019-03-10,443.27
2143,2019-03-11,443.18
2144,2019-03-12,444.65
2145,2019-03-13,444.55
2146,2019-03-14,443.91
2147,2019-03-15,445.03
2148,2019-03-16,445.03
2149,2019-03-17,445.03
2150,2019-03-18,445.15
2151,2019-03-19,445.12
2152,2019-03-20,446.88
2153,2019-03-21,447.3
2154,2019-03-22,449.98
2155,2019-03-23,449.98
2156,2019-03-24,449.98
2157,2019-03-25,450.53
2158,2019-03-26,450.97
2159,2019-03-27,452.04
2160,2019-03-28,452.3
2161,2019-03-29,452.22
2162,2019-03-30,452.22
2163,2019-03-31,452.22
2164,2019-04-01,450.25
2165,2019-04-02,450.74
2166,2019-04-03,449.87
2167,2019-04-04,450.4
2168,2019-04-05,450.87
2169,2019-04-06,450.87
2170,2019-04-07,450.87
2171,2019-04-08,450.65
2172,2019-04-09,451.54
2173,2019-04-10,452.29
2174,2019-04-11,452.08
2175,2019-04-12,451.68
2176,2019-04-13,451.68
2177,2019-04-14,451.68
2178,2019-04-15,452.35
2179,2019-04-16,451.65
2180,2019-04-17,451.59
2181,2019-04-18,452.41
2182,2019-04-19,452.41
2183,2019-04-20,452.41
2184,2019-04-21,452.41
2185,2019-04-22,451.48
2186,2019-04-23,451.95
2187,2019-04-24,453.26
2188,2019-04-25,453.22
2189,2019-04-26,454.01
2190,2019-04-27,454.01
2191,2019-04-28,454.01
2192,2019-04-29,453.52
2193,2019-04-30,454.14
2194,2019-05-01,454.37
2195,2019-05-02,453.15
2196,2019-05-03,453.59
2197,2019-05-04,453.59
2198,2019-05-05,453.59
2199,2019-05-06,454.05
2200,2019-05-07,455.06
2201,2019-05-08,454.28
2202,2019-05-09,454.64
2203,2019-05-10,454.09
2204,2019-05-11,454.09
2205,2019-05-12,454.09
2206,2019-05-13,454.87
2207,2019-05-14,454.59
2208,2019-05-15,455.73
2209,2019-05-16,455.53
2210,2019-05-17,455.72
2211,2019-05-18,455.72
2212,2019-05-19,455.72
2213,2019-05-20,455.04
2214,2019-05-21,454.69
2215,2019-05-22,455.54
2216,2019-05-23,456.73
2217,2019-05-24,456.84
2218,2019-05-25,456.84
2219,2019-05-26,456.84
2220,2019-05-27,456.84
2221,2019-05-28,457.94
2222,2019-05-29,457.28
2223,2019-05-30,459.02
2224,2019-05-31,460.87
2225,2019-06-01,460.87
2226,2019-06-02,460.87
2227,2019-06-03,462.2
2228,2019-06-04,461.03
2229,2019-06-05,460.85
2230,2019-06-06,460.95
2231,2019-06-07,462.65
2232,2019-06-08,462.65
2233,2019-06-09,462.65
2234,2019-06-10,462.05
2235,2019-06-11,462.17
2236,2019-06-12,462.67
2237,2019-06-13,463.38
2238,2019-06-14,463.56
2239,2019-06-15,463.56
2240,2019-06-16,463.56
2241,2019-06-17,463.79
2242,2019-06-18,465.27
2243,2019-06-19,466.66
2244,2019-06-20,468.59
2245,2019-06-21,467.91
2246,2019-06-22,467.91
2247,2019-06-23,467.91
2248,2019-06-24,469.85
2249,2019-06-25,469.96
2250,2019-06-26,468.79
2251,2019-06-27,470.1
2252,2019-06-28,470.73
2253,2019-06-29,470.73
2254,2019-06-30,470.73
2255,2019-07-01,471.15
2256,2019-07-02,472.3
2257,2019-07-03,473.21
2258,2019-07-04,473.21
2259,2019-07-05,471.26
2260,2019-07-06,471.26
2261,2019-07-07,471.26
2262,2019-07-08,470.81
2263,2019-07-09,470.44
2264,2019-07-10,470.43
2265,2019-07-11,468.68
2266,2019-07-12,468.81
2267,2019-07-13,468.81
2268,2019-07-14,468.81
2269,2019-07-15,469.86
2270,2019-07-16,469.16
2271,2019-07-17,470.9
2272,2019-07-18,471.52
2273,2019-07-19,471.19
2274,2019-07-20,471.19
2275,2019-07-21,471.19
2276,2019-07-22,471.67
2277,2019-07-23,471.48
2278,2019-07-24,472.25
2279,2019-07-25,471.96
2280,2019-07-26,472.24
2281,2019-07-27,472.24
2282,2019-07-28,472.24
2283,2019-07-29,472.53
2284,2019-07-30,472.58
2285,2019-07-31,473.61
2286,2019-08-01,477.06
2287,2019-08-02,477.52
2288,2019-08-03,477.52
2289,2019-08-04,477.52
2290,2019-08-05,479.67
2291,2019-08-06,480.35
2292,2019-08-07,479.71
2293,2019-08-08,480.39
2294,2019-08-09,479.66
2295,2019-08-10,479.66
2296,2019-08-11,479.66
2297,2019-08-12,482.27
2298,2019-08-13,481.41
2299,2019-08-14,483.96
2300,2019-08-15,485.84
2301,2019-08-16,485.08
2302,2019-08-17,485.08
2303,2019-08-18,485.08
2304,2019-08-19,483.52
2305,2019-08-20,485.33
2306,2019-08-21,485.04
2307,2019-08-22,484.56
2308,2019-08-23,486.87
2309,2019-08-24,486.87
2310,2019-08-25,486.87
2311,2019-08-26,486.39
2312,2019-08-27,488.59
2313,2019-08-28,488.7
2314,2019-08-29,488.12
2315,2019-08-30,488.15
2316,2019-08-31,488.15
2317,2019-09-01,488.15
2318,2019-09-02,488.15
2319,2019-09-03,488.07
2320,2019-09-04,488.68
2321,2019-09-05,485.78
2322,2019-09-06,486.45
2323,2019-09-07,486.45
2324,2019-09-08,486.45
2325,2019-09-09,484.18
2326,2019-09-10,480.94
2327,2019-09-11,480.7
2328,2019-09-12,479.93
2329,2019-09-13,476.31
2330,2019-09-14,476.31
2331,2019-09-15,476.31
2332,2019-09-16,478.45
2333,2019-09-17,479.42
2334,2019-09-18,479.94
2335,2019-09-19,480.65
2336,2019-09-20,483.35
2337,2019-09-21,483.35
2338,2019-09-22,483.35
2339,2019-09-23,483.86
2340,2019-09-24,485.81
2341,2019-09-25,482.88
2342,2019-09-26,483.74
2343,2019-09-27,484.16
2344,2019-09-28,484.16
2345,2019-09-29,484.16
2346,2019-09-30,484.74
2347,2019-10-01,485.61
2348,2019-10-02,485.66
2349,2019-10-03,487.31
2350,2019-10-04,488.43
2351,2019-10-05,488.43
2352,2019-10-06,488.43
2353,2019-10-07,487.18
2354,2019-10-08,487.49
2355,2019-10-09,486.7
2356,2019-10-10,484.44
2357,2019-10-11,482.8
2358,2019-10-12,482.8
2359,2019-10-13,482.8
2360,2019-10-14,482.8
2361,2019-10-15,482.74
2362,2019-10-16,483.5
2363,2019-10-17,483.62
