,date,close,open,high,low,day
0,2013-04-29,1467.4,1462.7,1475.5,1462.3,0
1,2013-04-30,1472.2,1471.1,1476.6,1461.0,1
2,2013-05-01,1446.3,1475.8,1477.1,1440.0,2
3,2013-05-02,1467.7,1459.0,1471.2,1453.5,3
4,2013-05-03,1464.3,1465.5,1487.1,1461.4,4
5,2013-05-06,1468.1,1468.1,1477.2,1466.8,0
6,2013-05-07,1449.0,1462.0,1466.2,1441.2,1
7,2013-05-08,1473.9,1455.5,1474.7,1450.7,2
8,2013-05-09,1468.8,1471.2,1473.4,1453.0,3
9,2013-05-10,1436.8,1455.6,1459.3,1423.0,4
10,2013-05-13,1434.5,1440.0,1440.6,1427.8,0
11,2013-05-14,1424.7,1430.1,1444.4,1422.0,1
12,2013-05-15,1396.5,1425.7,1425.7,1390.1,2
13,2013-05-16,1387.1,1390.4,1395.1,1370.6,3
14,2013-05-17,1364.9,1386.7,1391.1,1359.1,4
15,2013-05-20,1384.3,1342.9,1391.9,1342.9,0
16,2013-05-21,1377.8,1386.5,1392.3,1358.5,1
17,2013-05-22,1367.6,1387.2,1395.7,1364.5,2
18,2013-05-23,1392.0,1380.6,1394.8,1377.8,3
19,2013-05-24,1386.8,1386.8,1386.8,1386.8,4
20,2013-05-27,1395.95,1385.95,1396.15,1384.15,0
21,2013-05-28,1379.1,1380.8,1392.5,1379.8,1
22,2013-05-29,1391.3,1391.3,1391.3,1391.3,2
23,2013-05-30,1411.5,1392.1,1417.5,1388.3,3
24,2013-05-31,1392.6,1412.4,1421.1,1384.2,4
25,2013-06-03,1411.7,1389.1,1416.3,1388.3,0
26,2013-06-04,1397.1,1410.9,1414.1,1389.0,1
27,2013-06-05,1398.4,1397.5,1410.0,1395.6,2
28,2013-06-06,1415.7,1401.7,1422.7,1391.6,3
29,2013-06-07,1383.0,1411.5,1416.4,1377.9,4
30,2013-06-10,1386.2,1378.8,1386.9,1375.6,0
31,2013-06-11,1377.0,1384.2,1384.4,1366.0,1
32,2013-06-12,1391.8,1375.0,1393.5,1373.7,2
33,2013-06-13,1377.6,1386.8,1390.9,1373.4,3
34,2013-06-14,1387.3,1383.9,1389.6,1377.8,4
35,2013-06-17,1382.8,1390.3,1390.5,1380.0,0
36,2013-06-18,1366.6,1383.1,1383.5,1363.0,1
37,2013-06-19,1373.6,1368.1,1372.7,1348.1,2
38,2013-06-20,1285.9,1348.1,1348.1,1275.4,3
39,2013-06-21,1291.6,1280.4,1300.0,1268.9,4
40,2013-06-24,1276.8,1297.3,1297.3,1275.7,0
41,2013-06-25,1274.8,1281.3,1286.0,1273.2,1
42,2013-06-26,1229.6,1273.9,1273.9,1228.8,2
43,2013-06-27,1360.2,1360.2,1360.2,1360.2,3
44,2013-06-28,1374.9,1374.9,1374.9,1374.9,4
45,2013-07-01,1407.8,1407.8,1407.8,1407.8,0
46,2013-07-02,1393.9,1393.9,1393.9,1393.9,1
47,2013-07-03,1403.9,1403.9,1403.9,1403.9,2
48,2013-07-04,1247.05,1254.55,1256.15,1244.45,3
49,2013-07-05,1374.2,1374.2,1374.2,1374.2,4
50,2013-07-08,1394.3,1394.3,1394.3,1394.3,0
51,2013-07-09,1403.3,1403.3,1403.3,1403.3,1
52,2013-07-10,1405.7,1405.7,1405.7,1405.7,2
53,2013-07-11,1435.4,1435.4,1435.4,1435.4,3
54,2013-07-12,1433.6,1433.6,1433.6,1433.6,4
55,2013-07-15,1437.9,1437.9,1437.9,1437.9,0
56,2013-07-16,1442.7,1442.7,1442.7,1442.7,1
57,2013-07-17,1426.3,1426.3,1426.3,1426.3,2
58,2013-07-18,1433.1,1433.1,1433.1,1433.1,3
59,2013-07-19,1440.3,1440.3,1440.3,1440.3,4
60,2013-07-22,1485.2,1485.2,1485.2,1485.2,0
61,2013-07-23,1483.4,1483.4,1483.4,1483.4,1
62,2013-07-24,1472.0,1472.0,1472.0,1472.0,2
63,2013-07-25,1483.4,1483.4,1483.4,1483.4,3
64,2013-07-26,1471.7,1471.7,1471.7,1471.7,4
65,2013-07-29,1482.2,1482.2,1482.2,1482.2,0
66,2013-07-30,1476.3,1476.3,1476.3,1476.3,1
67,2013-07-31,1468.6,1468.6,1468.6,1468.6,2
68,2013-08-01,1468.5,1468.5,1468.5,1468.5,3
69,2013-08-02,1463.0,1463.0,1463.0,1463.0,4
70,2013-08-05,1456.4,1456.4,1456.4,1456.4,0
71,2013-08-06,1435.4,1435.4,1435.4,1435.4,1
72,2013-08-07,1437.3,1437.3,1437.3,1437.3,2
73,2013-08-08,1462.2,1462.2,1462.2,1462.2,3
74,2013-08-09,1465.4,1465.4,1465.4,1465.4,4
75,2013-08-12,1488.2,1488.2,1488.2,1488.2,0
76,2013-08-13,1480.0,1480.0,1480.0,1480.0,1
77,2013-08-14,1492.0,1492.0,1492.0,1492.0,2
78,2013-08-15,1523.1,1523.1,1523.1,1523.1,3
79,2013-08-16,1539.5,1539.5,1539.5,1539.5,4
80,2013-08-19,1535.3,1535.3,1535.3,1535.3,0
81,2013-08-20,1540.5,1540.5,1540.5,1540.5,1
82,2013-08-21,1540.3,1540.3,1540.3,1540.3,2
83,2013-08-22,1550.3,1550.3,1550.3,1550.3,3
84,2013-08-23,1575.6,1575.6,1575.6,1575.6,4
85,2013-08-26,1570.7,1570.7,1570.7,1570.7,0
86,2013-08-27,1596.0,1596.0,1596.0,1596.0,1
87,2013-08-28,1597.0,1597.0,1597.0,1597.0,2
88,2013-08-29,1590.3,1590.3,1590.3,1590.3,3
89,2013-08-30,1573.0,1573.0,1573.0,1573.0,4
90,2013-09-02,1393.7,1380.4,1398.0,1379.6,0
91,2013-09-03,1592.0,1592.0,1592.0,1592.0,1
92,2013-09-04,1570.3,1570.3,1570.3,1570.3,2
93,2013-09-05,1559.2,1559.2,1559.2,1559.2,3
94,2013-09-06,1571.4,1571.4,1571.4,1571.4,4
95,2013-09-09,1568.5,1568.5,1568.5,1568.5,0
96,2013-09-10,1547.1,1547.1,1547.1,1547.1,1
97,2013-09-11,1546.8,1546.8,1546.8,1546.8,2
98,2013-09-12,1507.8,1507.8,1507.8,1507.8,3
99,2013-09-13,1485.7,1485.7,1485.7,1485.7,4
100,2013-09-16,1490.1,1490.1,1490.1,1490.1,0
101,2013-09-17,1482.3,1482.3,1482.3,1482.3,1
102,2013-09-18,1482.3,1482.3,1482.3,1482.3,2
103,2013-09-19,1541.9,1541.9,1541.9,1541.9,3
104,2013-09-20,1497.7,1497.7,1497.7,1497.7,4
105,2013-09-23,1490.4,1490.4,1490.4,1490.4,0
106,2013-09-24,1473.9,1473.9,1473.9,1473.9,1
107,2013-09-25,1494.4,1494.4,1494.4,1494.4,2
108,2013-09-26,1483.4,1483.4,1483.4,1483.4,3
109,2013-09-27,1497.3,1497.3,1497.3,1497.3,4
110,2013-09-30,1485.4,1485.4,1485.4,1485.4,0
111,2013-10-01,1442.3,1442.3,1442.3,1442.3,1
112,2013-10-02,1477.1,1477.1,1477.1,1477.1,2
113,2013-10-03,1472.0,1472.0,1472.0,1472.0,3
114,2013-10-04,1466.1,1466.1,1466.1,1466.1,4
115,2013-10-07,1480.4,1480.4,1480.4,1480.4,0
116,2013-10-08,1480.4,1480.4,1480.4,1480.4,1
117,2013-10-09,1461.6,1461.6,1461.6,1461.6,2
118,2013-10-10,1451.9,1451.9,1451.9,1451.9,3
119,2013-10-11,1419.9,1419.9,1419.9,1419.9,4
120,2013-10-14,1429.3,1429.3,1429.3,1429.3,0
121,2013-10-15,1425.2,1425.2,1425.2,1425.2,1
122,2013-10-16,1434.0,1434.0,1434.0,1434.0,2
123,2013-10-17,1473.5,1473.5,1473.5,1473.5,3
124,2013-10-18,1464.8,1464.8,1464.8,1464.8,4
125,2013-10-21,1462.9,1462.9,1462.9,1462.9,0
126,2013-10-22,1484.3,1484.3,1484.3,1484.3,1
127,2013-10-23,1469.5,1469.5,1469.5,1469.5,2
128,2013-10-24,1485.9,1485.9,1485.9,1485.9,3
129,2013-10-25,1486.2,1486.2,1486.2,1486.2,4
130,2013-10-28,1485.5,1485.5,1485.5,1485.5,0
131,2013-10-29,1478.5,1478.5,1478.5,1478.5,1
132,2013-10-30,1480.4,1480.4,1480.4,1480.4,2
133,2013-10-31,1453.9,1453.9,1453.9,1453.9,3
134,2013-11-01,1444.7,1444.7,1444.7,1444.7,4
135,2013-11-04,1446.4,1446.4,1446.4,1446.4,0
136,2013-11-05,1442.0,1442.0,1442.0,1442.0,1
137,2013-11-06,1449.5,1449.5,1449.5,1449.5,2
138,2013-11-07,1438.3,1438.3,1438.3,1438.3,3
139,2013-11-08,1419.2,1419.2,1419.2,1419.2,4
140,2013-11-11,1415.2,1415.2,1415.2,1415.2,0
141,2013-11-12,1406.7,1406.7,1406.7,1406.7,1
142,2013-11-13,1401.3,1401.3,1401.3,1401.3,2
143,2013-11-14,1415.9,1415.9,1415.9,1415.9,3
144,2013-11-15,1416.9,1416.9,1416.9,1416.9,4
145,2013-11-18,1400.0,1400.0,1400.0,1400.0,0
146,2013-11-19,1401.1,1401.1,1401.1,1401.1,1
147,2013-11-20,1385.4,1385.4,1385.4,1385.4,2
148,2013-11-21,1369.1,1369.1,1369.1,1369.1,3
149,2013-11-22,1370.3,1370.3,1370.3,1370.3,4
150,2013-11-25,1366.8,1366.8,1366.8,1366.8,0
151,2013-11-26,1366.1,1366.1,1366.1,1366.1,1
152,2013-11-27,1364.2,1364.2,1364.2,1364.2,2
153,2013-11-28,1243.8,1237.9,1245.3,1236.2,3
154,2013-11-29,1377.2,1377.2,1377.2,1377.2,4
155,2013-12-02,1350.6,1350.6,1350.6,1350.6,0
156,2013-12-03,1348.0,1348.0,1348.0,1348.0,1
157,2013-12-04,1376.3,1376.3,1376.3,1376.3,2
158,2013-12-05,1360.8,1360.8,1360.8,1360.8,3
159,2013-12-06,1358.2,1358.2,1358.2,1358.2,4
160,2013-12-09,1362.8,1362.8,1362.8,1362.8,0
161,2013-12-10,1389.7,1389.7,1389.7,1389.7,1
162,2013-12-11,1386.3,1386.3,1386.3,1386.3,2
163,2013-12-12,1355.4,1355.4,1355.4,1355.4,3
164,2013-12-13,1365.7,1365.7,1365.7,1365.7,4
165,2013-12-16,1375.9,1375.9,1375.9,1375.9,0
166,2013-12-17,1357.7,1357.7,1357.7,1357.7,1
167,2013-12-18,1364.5,1364.5,1364.5,1356.4,2
168,2013-12-19,1324.3,1324.3,1324.3,1324.3,3
169,2013-12-20,1336.3,1336.3,1336.3,1336.3,4
170,2013-12-23,1330.6,1330.6,1330.6,1330.6,0
171,2013-12-24,1339.4,1339.4,1339.4,1339.4,1
172,2013-12-26,1348.8,1348.8,1348.8,1348.8,3
173,2013-12-27,1350.4,1350.4,1350.4,1350.4,4
174,2013-12-30,1339.2,1339.2,1339.2,1339.2,0
175,2013-12-31,1367.4,1367.4,1367.4,1367.4,1
176,2014-01-01,1205.4,1203.6,1205.4,1202.8,2
177,2014-01-02,1391.7,1391.7,1391.7,1391.7,3
178,2014-01-03,1405.5,1405.5,1405.5,1405.5,4
179,2014-01-06,1405.0,1405.0,1405.0,1405.0,0
180,2014-01-07,1395.5,1395.5,1395.5,1395.5,1
181,2014-01-08,1392.6,1392.6,1392.6,1392.6,2
182,2014-01-09,1397.9,1397.9,1397.9,1397.9,3
183,2014-01-10,1413.4,1398.9,1398.9,1398.9,4
184,2014-01-13,1416.0,1416.0,1416.0,1416.0,0
185,2014-01-14,1411.8,1411.8,1411.8,1411.8,1
186,2014-01-15,1405.9,1405.9,1405.9,1405.9,2
187,2014-01-16,1405.7,1405.7,1405.7,1405.7,3
188,2014-01-17,1417.1,1417.1,1417.1,1417.1,4
189,2014-01-20,1255.1,1255.7,1257.9,1253.1,0
190,2014-01-21,1405.1,1405.1,1405.1,1405.1,1
191,2014-01-22,1403.6,1403.6,1403.6,1403.6,2
192,2014-01-23,1426.1,1426.1,1426.1,1426.1,3
193,2014-01-24,1426.0,1426.0,1426.0,1426.0,4
194,2014-01-27,1425.1,1425.1,1425.1,1421.0,0
195,2014-01-28,1412.0,1412.0,1412.0,1412.0,1
196,2014-01-29,1422.2,1422.2,1422.2,1422.2,2
197,2014-01-30,1402.8,1402.8,1402.8,1402.8,3
198,2014-01-31,1398.9,1398.9,1398.9,1398.9,4
199,2014-02-03,1417.1,1417.1,1417.1,1417.1,0
200,2014-02-04,1407.3,1407.3,1407.3,1407.3,1
201,2014-02-05,1413.0,1413.0,1413.0,1413.0,2
202,2014-02-06,1413.3,1410.2,1410.2,1410.2,3
203,2014-02-07,1415.7,1415.7,1415.7,1415.7,4
204,2014-02-10,1427.5,1427.5,1427.5,1427.5,0
205,2014-02-11,1443.6,1443.6,1443.6,1443.6,1
206,2014-02-12,1451.1,1451.1,1451.1,1451.1,2
207,2014-02-13,1451.4,1451.4,1451.4,1451.4,3
208,2014-02-14,1470.8,1470.8,1470.8,1470.8,4
209,2014-02-17,1328.5,1323.7,1332.2,1321.1,0
210,2014-02-18,1473.2,1465.4,1465.4,1465.4,1
211,2014-02-19,1467.7,1467.7,1467.7,1467.7,2
212,2014-02-20,1467.8,1467.8,1467.8,1467.8,3
213,2014-02-21,1474.4,1474.4,1474.4,1474.4,4
214,2014-02-24,1491.0,1491.0,1491.0,1491.0,0
215,2014-02-25,1493.8,1493.8,1493.8,1493.8,1
216,2014-02-26,1478.4,1478.4,1478.4,1478.4,2
217,2014-02-27,1481.3,1481.3,1481.3,1481.3,3
218,2014-02-28,1473.0,1473.0,1473.0,1473.0,4
219,2014-03-03,1500.0,1500.0,1500.0,1500.0,0
220,2014-03-04,1488.7,1488.7,1488.7,1488.7,1
221,2014-03-05,1491.1,1491.1,1491.1,1491.1,2
222,2014-03-06,1504.3,1504.3,1504.3,1504.3,3
223,2014-03-07,1494.6,1494.6,1494.6,1494.6,4
224,2014-03-10,1497.2,1497.2,1500.0,1497.2,0
225,2014-03-11,1502.2,1502.2,1502.2,1502.2,1
226,2014-03-12,1525.2,1525.2,1525.2,1525.2,2
227,2014-03-13,1526.0,1526.0,1526.0,1526.0,3
228,2014-03-14,1532.4,1532.4,1532.4,1532.4,4
229,2014-03-17,1525.6,1525.6,1525.6,1525.6,0
230,2014-03-18,1511.6,1511.6,1511.6,1511.6,1
231,2014-03-19,1493.0,1493.0,1493.0,1493.0,2
232,2014-03-20,1488.7,1488.7,1488.7,1488.7,3
233,2014-03-21,1493.5,1493.5,1493.5,1493.5,4
234,2014-03-24,1468.5,1468.5,1468.5,1468.5,0
235,2014-03-25,1466.4,1466.4,1466.4,1466.4,1
236,2014-03-26,1456.1,1456.1,1456.1,1456.1,2
237,2014-03-27,1447.8,1447.8,1447.8,1447.8,3
238,2014-03-28,1445.3,1445.3,1445.3,1445.3,4
239,2014-03-31,1433.8,1433.8,1433.8,1433.8,0
240,2014-04-01,1430.0,1430.0,1430.0,1430.0,1
241,2014-04-02,1442.5,1442.5,1442.5,1442.5,2
242,2014-04-03,1435.1,1435.1,1435.1,1435.1,3
243,2014-04-04,1452.7,1452.7,1452.7,1452.7,4
244,2014-04-07,1442.7,1442.7,1442.7,1442.7,0
245,2014-04-08,1452.3,1452.3,1452.3,1452.3,1
246,2014-04-09,1451.1,1451.1,1451.1,1451.1,2
247,2014-04-10,1461.7,1461.7,1461.7,1461.7,3
248,2014-04-11,1459.7,1459.7,1459.7,1460.0,4
249,2014-04-14,1469.3,1460.0,1460.0,1460.0,0
250,2014-04-15,1442.0,1442.0,1442.0,1442.0,1
251,2014-04-16,1446.0,1446.0,1446.0,1446.0,2
252,2014-04-17,1437.5,1437.5,1437.5,1437.5,3
253,2014-04-21,1432.4,1432.4,1432.4,1432.4,0
254,2014-04-22,1425.4,1425.4,1425.4,1425.4,1
255,2014-04-23,1424.0,1424.0,1424.0,1424.0,2
256,2014-04-24,1429.7,1429.7,1429.7,1429.7,3
257,2014-04-25,1438.9,1438.9,1438.9,1438.9,4
258,2014-04-28,1435.7,1435.7,1435.7,1435.7,0
259,2014-04-29,1432.5,1432.5,1432.5,1432.5,1
260,2014-04-30,1431.8,1431.8,1431.8,1431.8,2
261,2014-05-01,1417.5,1417.5,1417.5,1417.5,3
262,2014-05-02,1437.5,1437.5,1437.5,1437.5,4
263,2014-05-05,1444.4,1444.4,1444.4,1444.4,0
264,2014-05-06,1444.0,1444.0,1444.0,1444.0,1
265,2014-05-07,1423.3,1423.3,1423.3,1423.3,2
266,2014-05-08,1421.7,1421.7,1421.7,1421.7,3
267,2014-05-09,1421.8,1421.8,1421.8,1421.8,4
268,2014-05-12,1430.6,1430.6,1430.6,1430.6,0
269,2014-05-13,1427.5,1427.5,1427.5,1427.5,1
270,2014-05-14,1435.3,1435.3,1435.3,1435.3,2
271,2014-05-15,1422.0,1422.0,1422.0,1422.0,3
272,2014-05-16,1422.3,1422.3,1422.3,1422.3,4
273,2014-05-19,1421.9,1421.9,1421.9,1421.9,0
274,2014-05-20,1422.5,1422.5,1422.5,1422.5,1
275,2014-05-21,1416.1,1416.1,1416.1,1416.1,2
276,2014-05-22,1422.7,1422.7,1422.7,1422.7,3
277,2014-05-23,1419.1,1419.1,1419.1,1419.1,4
278,2014-05-25,1291.7,1293.9,1294.2,1291.1,6
279,2014-05-26,1292.5,1291.6,1294.4,1291.4,0
280,2014-05-27,1392.9,1392.9,1392.9,1392.9,1
281,2014-05-28,1385.4,1385.4,1385.4,1385.4,2
282,2014-05-29,1379.5,1379.5,1379.5,1379.5,3
283,2014-05-30,1368.9,1368.9,1368.9,1368.9,4
284,2014-06-02,1367.7,1367.7,1367.7,1367.7,0
285,2014-06-03,1368.2,1368.2,1368.2,1368.2,1
286,2014-06-04,1368.4,1368.4,1368.4,1368.4,2
287,2014-06-05,1377.3,1377.3,1377.3,1377.3,3
288,2014-06-06,1377.6,1377.6,1377.6,1377.6,4
289,2014-06-09,1380.2,1380.2,1380.2,1380.2,0
290,2014-06-10,1386.5,1386.5,1386.5,1386.5,1
291,2014-06-11,1387.0,1387.0,1387.0,1387.0,2
292,2014-06-12,1399.9,1399.9,1399.9,1399.9,3
293,2014-06-13,1401.6,1401.6,1401.6,1401.6,4
294,2014-06-16,1403.0,1403.0,1403.0,1403.0,0
295,2014-06-17,1399.9,1384.5,1384.5,1384.5,1
296,2014-06-18,1400.6,1400.6,1400.6,1400.6,2
297,2014-06-19,1442.5,1442.5,1442.5,1442.5,3
298,2014-06-20,1445.2,1445.2,1445.2,1445.2,4
299,2014-06-23,1447.0,1447.0,1447.0,1447.0,0
300,2014-06-24,1448.6,1448.6,1448.6,1448.6,1
301,2014-06-25,1449.2,1449.2,1449.2,1449.2,2
302,2014-06-26,1443.4,1443.4,1443.4,1443.4,3
303,2014-06-27,1444.7,1444.7,1444.7,1444.7,4
304,2014-06-30,1445.1,1445.1,1445.1,1445.1,0
305,2014-07-01,1450.2,1450.2,1450.2,1450.2,1
306,2014-07-02,1454.8,1454.8,1454.8,1454.8,2
307,2014-07-03,1445.6,1445.6,1445.6,1445.6,3
308,2014-07-04,1321.3,1321.1,1324.0,1319.6,4
309,2014-07-07,1442.0,1442.0,1442.0,1442.0,0
310,2014-07-08,1441.4,1441.4,1441.4,1441.4,1
311,2014-07-09,1449.7,1449.7,1449.7,1449.7,2
312,2014-07-10,1464.7,1464.7,1464.7,1464.7,3
313,2014-07-11,1462.9,1462.9,1462.9,1462.9,4
314,2014-07-14,1430.7,1430.7,1430.7,1430.7,0
315,2014-07-15,1421.3,1421.3,1421.3,1421.3,1
316,2014-07-16,1424.9,1424.9,1424.9,1424.9,2
317,2014-07-17,1442.1,1442.1,1442.1,1442.1,3
318,2014-07-18,1434.7,1434.7,1434.7,1434.7,4
319,2014-07-21,1439.6,1439.6,1439.6,1439.6,0
320,2014-07-22,1431.6,1431.6,1431.6,1431.6,1
321,2014-07-23,1430.3,1430.3,1430.3,1430.3,2
322,2014-07-24,1417.3,1417.3,1417.3,1417.3,3
323,2014-07-25,1430.3,1430.3,1430.3,1430.3,4
324,2014-07-28,1432.0,1432.0,1432.0,1432.0,0
325,2014-07-29,1426.7,1426.7,1426.7,1426.7,1
326,2014-07-30,1426.1,1420.6,1420.6,1420.6,2
327,2014-07-31,1411.5,1411.5,1411.5,1411.5,3
328,2014-08-01,1421.1,1421.1,1421.1,1421.1,4
329,2014-08-04,1411.9,1411.9,1411.9,1411.9,0
330,2014-08-05,1409.0,1409.0,1409.0,1409.0,1
331,2014-08-06,1432.7,1432.7,1432.7,1432.7,2
332,2014-08-07,1437.3,1437.3,1437.3,1437.3,3
333,2014-08-08,1435.9,1435.9,1435.9,1435.9,4
334,2014-08-11,1435.5,1435.5,1435.5,1435.5,0
335,2014-08-12,1435.3,1435.3,1435.3,1435.3,1
336,2014-08-13,1437.9,1437.9,1437.9,1437.9,2
337,2014-08-14,1439.1,1439.1,1439.1,1439.1,3
338,2014-08-15,1429.4,1429.4,1429.4,1429.4,4
339,2014-08-18,1422.8,1422.8,1422.8,1422.8,0
340,2014-08-19,1419.0,1419.0,1419.0,1419.0,1
341,2014-08-20,1419.0,1419.0,1419.0,1419.0,2
342,2014-08-21,1399.2,1399.2,1399.2,1399.2,3
343,2014-08-22,1404.1,1404.1,1404.1,1404.1,4
344,2014-08-25,1403.1,1403.1,1403.1,1403.1,0
345,2014-08-26,1409.3,1409.3,1409.3,1409.3,1
346,2014-08-27,1406.9,1406.9,1406.9,1406.9,2
347,2014-08-28,1413.8,1413.8,1413.8,1413.8,3
348,2014-08-29,1410.6,1410.6,1410.6,1410.6,4
349,2014-08-31,1287.7,1288.5,1289.0,1286.8,6
350,2014-09-01,1287.4,1287.6,1290.9,1285.9,0
351,2014-09-02,1389.0,1389.0,1389.0,1389.0,1
352,2014-09-03,1395.5,1395.5,1395.5,1395.5,2
353,2014-09-04,1392.3,1392.3,1392.3,1392.3,3
354,2014-09-05,1393.2,1393.2,1393.2,1393.2,4
355,2014-09-08,1380.2,1380.2,1380.2,1380.2,0
356,2014-09-09,1374.6,1374.6,1374.6,1374.6,1
357,2014-09-10,1372.0,1372.0,1372.0,1372.0,2
358,2014-09-11,1365.4,1365.4,1365.4,1365.4,3
359,2014-09-12,1357.8,1357.8,1357.8,1357.8,4
360,2014-09-15,1361.3,1361.3,1361.3,1361.3,0
361,2014-09-16,1363.0,1363.0,1363.0,1363.0,1
362,2014-09-17,1362.0,1362.0,1362.0,1362.0,2
363,2014-09-18,1353.4,1353.4,1353.4,1353.4,3
364,2014-09-19,1343.1,1343.1,1343.1,1343.1,4
365,2014-09-22,1344.2,1344.2,1344.2,1344.2,0
366,2014-09-23,1347.2,1347.2,1347.2,1347.2,1
367,2014-09-24,1344.9,1344.9,1344.9,1344.9,2
368,2014-09-25,1346.4,1346.4,1346.4,1346.4,3
369,2014-09-26,1340.4,1340.4,1340.4,1340.4,4
370,2014-09-29,1343.7,1343.7,1343.7,1343.7,0
371,2014-09-30,1336.7,1336.7,1336.7,1336.7,1
372,2014-10-01,1340.2,1340.2,1340.2,1340.2,2
373,2014-10-02,1338.1,1338.1,1338.1,1338.1,3
374,2014-10-03,1316.9,1316.9,1316.9,1316.9,4
375,2014-10-06,1330.7,1330.7,1330.7,1330.7,0
376,2014-10-07,1333.6,1333.6,1333.6,1333.6,1
377,2014-10-08,1314.2,1314.2,1314.2,1314.2,2
378,2014-10-09,1328.8,1331.9,1331.9,1331.9,3
379,2014-10-10,1323.7,1323.7,1323.7,1323.7,4
380,2014-10-13,1329.3,1329.3,1329.3,1329.3,0
381,2014-10-14,1329.3,1329.3,1329.3,1329.3,1
382,2014-10-15,1331.3,1331.3,1331.3,1331.3,2
383,2014-10-16,1327.5,1327.5,1327.5,1327.5,3
384,2014-10-17,1328.5,1328.5,1328.5,1328.5,4
385,2014-10-20,1334.3,1334.3,1334.3,1334.3,0
386,2014-10-21,1341.8,1341.8,1341.8,1341.8,1
387,2014-10-22,1336.6,1336.6,1336.6,1336.6,2
388,2014-10-23,1322.1,1322.1,1322.1,1309.8,3
389,2014-10-24,1325.0,1325.0,1325.0,1325.0,4
390,2014-10-27,1322.4,1322.4,1322.4,1322.4,0
391,2014-10-28,1322.6,1322.6,1322.6,1322.6,1
392,2014-10-29,1319.2,1319.2,1319.2,1319.2,2
393,2014-10-30,1292.9,1292.9,1292.9,1307.7,3
394,2014-10-31,1265.9,1265.9,1265.9,1277.7,4
395,2014-11-03,1264.4,1264.4,1264.4,1264.4,0
396,2014-11-04,1260.3,1260.3,1260.3,1260.3,1
397,2014-11-05,1238.1,1238.1,1238.1,1259.9,2
398,2014-11-06,1234.4,1234.4,1234.4,1234.4,3
399,2014-11-07,1261.0,1261.0,1261.0,1261.0,4
400,2014-11-10,1251.3,1251.3,1251.3,1251.3,0
401,2014-11-11,1255.1,1255.1,1255.1,1255.1,1
402,2014-11-12,1250.4,1250.4,1250.4,1250.4,2
403,2014-11-13,1251.4,1251.4,1251.4,1251.4,3
404,2014-11-14,1275.6,1275.6,1275.6,1275.6,4
405,2014-11-17,1273.7,1273.7,1273.7,1273.7,0
406,2014-11-18,1285.5,1285.5,1285.5,1285.5,1
407,2014-11-19,1283.4,1283.4,1283.4,1283.4,2
408,2014-11-20,1278.9,1278.9,1278.9,1278.9,3
409,2014-11-21,1285.9,1285.9,1285.9,1285.9,4
410,2014-11-24,1284.2,1284.2,1284.2,1284.2,0
411,2014-11-25,1285.2,1285.2,1285.2,1285.2,1
412,2014-11-26,1284.5,1284.5,1284.5,1283.0,2
413,2014-11-27,1188.8,1197.3,1199.3,1185.4,3
414,2014-11-28,1261.2,1261.2,1261.2,1261.2,4
415,2014-12-01,1302.5,1302.5,1302.5,1302.5,0
416,2014-12-02,1284.7,1284.7,1284.7,1284.7,1
417,2014-12-03,1295.8,1294.0,1294.0,1294.0,2
418,2014-12-04,1294.2,1294.2,1294.2,1294.2,3
419,2014-12-05,1280.8,1280.8,1280.8,1280.8,4
420,2014-12-08,1284.4,1284.4,1284.4,1284.4,0
421,2014-12-09,1320.2,1321.0,1321.0,1321.0,1
422,2014-12-10,1315.5,1315.5,1315.5,1315.5,2
423,2014-12-11,1312.3,1312.3,1312.3,1312.3,3
424,2014-12-12,1303.5,1303.5,1303.5,1303.5,4
425,2014-12-15,1287.7,1287.7,1287.7,1287.7,0
426,2014-12-16,1272.0,1272.0,1272.0,1272.0,1
427,2014-12-17,1272.3,1272.3,1272.3,1272.3,2
428,2014-12-18,1273.9,1273.9,1273.9,1273.9,3
429,2014-12-19,1275.6,1275.6,1275.6,1275.6,4
430,2014-12-22,1259.7,1259.7,1259.7,1259.7,0
431,2014-12-23,1259.7,1259.7,1259.7,1259.7,1
432,2014-12-24,1255.6,1255.6,1255.6,1255.6,2
433,2014-12-25,1177.0,1175.0,1178.9,1175.0,3
434,2014-12-26,1277.7,1277.7,1277.7,1277.7,4
435,2014-12-29,1262.9,1262.9,1262.9,1262.9,0
436,2014-12-30,1281.9,1281.9,1281.9,1281.9,1
437,2014-12-31,1265.4,1265.4,1265.4,1265.4,2
438,2015-01-01,1186.8,1184.1,1187.5,1184.1,3
439,2015-01-02,1267.7,1265.0,1265.0,1265.0,4
440,2015-01-05,1283.5,1283.5,1283.5,1283.5,0
441,2015-01-06,1292.2,1292.2,1292.2,1292.2,1
442,2015-01-07,1283.6,1283.6,1283.6,1283.6,2
443,2015-01-08,1281.6,1281.6,1281.6,1281.6,3
444,2015-01-09,1287.4,1287.4,1287.4,1287.4,4
445,2015-01-12,1303.2,1303.2,1303.2,1303.2,0
446,2015-01-13,1304.5,1304.5,1304.5,1304.5,1
447,2015-01-14,1294.5,1294.5,1294.5,1294.5,2
448,2015-01-15,1322.8,1322.8,1322.8,1322.8,3
449,2015-01-16,1334.9,1334.9,1334.9,1334.9,4
450,2015-01-18,1279.0,1281.0,1281.9,1275.7,6
451,2015-01-19,1275.9,1279.4,1279.5,1272.5,0
452,2015-01-20,1352.4,1352.4,1352.4,1352.4,1
453,2015-01-21,1353.4,1353.4,1353.4,1353.4,2
454,2015-01-22,1365.2,1365.2,1365.2,1365.2,3
455,2015-01-23,1357.6,1357.6,1357.6,1357.6,4
456,2015-01-26,1345.6,1345.6,1345.6,1345.6,0
457,2015-01-27,1354.7,1354.7,1354.7,1354.7,1
458,2015-01-28,1346.9,1346.9,1346.9,1346.9,2
459,2015-01-29,1315.8,1315.8,1315.8,1315.8,3
460,2015-01-30,1336.6,1336.6,1336.6,1336.6,4
461,2015-02-02,1334.4,1334.4,1334.4,1334.4,0
462,2015-02-03,1319.3,1319.3,1319.3,1319.3,1
463,2015-02-04,1325.4,1325.4,1325.4,1325.4,2
464,2015-02-05,1323.9,1323.9,1323.9,1323.9,3
465,2015-02-06,1301.6,1301.6,1301.6,1301.6,4
466,2015-02-09,1308.9,1308.9,1308.9,1308.9,0
467,2015-02-10,1300.2,1300.2,1300.2,1300.2,1
468,2015-02-11,1288.2,1288.2,1288.2,1288.2,2
469,2015-02-12,1287.7,1287.7,1287.7,1287.7,3
470,2015-02-13,1294.2,1294.2,1294.2,1294.2,4
471,2015-02-15,1228.8,1228.2,1229.3,1227.8,6
472,2015-02-16,1231.7,1228.7,1236.4,1228.5,0
473,2015-02-17,1278.9,1278.9,1278.9,1278.9,1
474,2015-02-18,1270.5,1270.5,1270.5,1270.5,2
475,2015-02-19,1275.9,1275.9,1275.9,1275.9,3
476,2015-02-20,1272.2,1272.2,1272.2,1272.2,4
477,2015-02-23,1267.7,1267.7,1267.7,1267.7,0
478,2015-02-24,1262.1,1262.1,1262.1,1262.1,1
479,2015-02-25,1265.0,1265.0,1265.0,1265.0,2
480,2015-02-26,1275.1,1275.1,1275.1,1275.1,3
481,2015-02-27,1278.4,1278.4,1278.4,1278.4,4
482,2015-03-02,1274.8,1274.8,1274.8,1274.8,0
483,2015-03-03,1273.2,1273.2,1273.2,1273.2,1
484,2015-03-04,1269.6,1269.6,1269.6,1269.6,2
485,2015-03-05,1265.1,1265.1,1265.1,1265.1,3
486,2015-03-06,1234.6,1234.6,1234.6,1234.6,4
487,2015-03-09,1237.0,1237.0,1237.0,1237.0,0
488,2015-03-10,1227.1,1227.1,1227.1,1227.1,1
489,2015-03-11,1217.4,1217.4,1217.4,1217.4,2
490,2015-03-12,1218.0,1218.0,1218.0,1218.0,3
491,2015-03-13,1217.9,1217.9,1217.9,1217.9,4
492,2015-03-16,1218.3,1218.3,1218.3,1218.3,0
493,2015-03-17,1213.5,1213.5,1213.5,1213.5,1
494,2015-03-18,1216.5,1216.5,1216.5,1216.5,2
495,2015-03-19,1228.5,1228.5,1228.5,1228.5,3
496,2015-03-20,1243.7,1243.7,1243.7,1243.7,4
497,2015-03-23,1246.5,1246.5,1246.5,1246.5,0
498,2015-03-24,1250.2,1250.2,1250.2,1250.2,1
499,2015-03-25,1256.3,1256.3,1256.3,1256.3,2
500,2015-03-26,1266.0,1266.0,1266.0,1266.0,3
501,2015-03-27,1260.9,1260.9,1260.9,1260.9,4
502,2015-03-30,1245.4,1245.4,1245.4,1245.4,0
503,2015-03-31,1241.2,1241.2,1241.2,1241.2,1
504,2015-04-01,1263.2,1263.2,1263.2,1263.2,2
505,2015-04-02,1257.2,1257.2,1257.2,1257.2,3
506,2015-04-03,1257.2,1257.2,1257.2,1257.2,4
507,2015-04-06,1274.4,1274.4,1274.4,1274.4,0
508,2015-04-07,1267.4,1267.4,1267.4,1267.4,1
509,2015-04-08,1260.1,1260.1,1260.1,1260.1,2
510,2015-04-09,1250.6,1250.6,1250.6,1250.6,3
511,2015-04-10,1262.3,1262.3,1262.3,1262.3,4
512,2015-04-13,1256.8,1256.8,1256.8,1256.8,0
513,2015-04-14,1247.1,1247.1,1247.1,1247.1,1
514,2015-04-15,1255.5,1255.5,1255.5,1255.5,2
515,2015-04-16,1252.0,1252.0,1252.0,1252.0,3
516,2015-04-17,1257.1,1257.1,1257.1,1257.1,4
517,2015-04-20,1248.3,1248.3,1248.3,1248.3,0
518,2015-04-21,1258.1,1258.1,1258.1,1258.1,1
519,2015-04-22,1243.7,1243.7,1243.7,1243.7,2
520,2015-04-23,1251.0,1251.0,1251.0,1251.0,3
521,2015-04-24,1229.4,1229.4,1229.4,1229.4,4
522,2015-04-27,1258.2,1258.2,1258.2,1258.2,0
523,2015-04-28,1270.4,1270.4,1270.4,1270.4,1
524,2015-04-29,1269.0,1269.0,1269.0,1269.0,2
525,2015-04-30,1242.0,1242.0,1242.0,1242.0,3
526,2015-05-01,1235.1,1235.1,1235.1,1235.1,4
527,2015-05-04,1248.0,1248.0,1248.0,1248.0,0
528,2015-05-05,1257.2,1257.2,1257.2,1257.2,1
529,2015-05-06,1255.7,1255.7,1255.7,1255.7,2
530,2015-05-07,1247.5,1247.5,1247.5,1247.5,3
531,2015-05-08,1251.5,1251.5,1251.5,1251.5,4
532,2015-05-11,1246.3,1246.3,1246.3,1246.3,0
533,2015-05-12,1256.0,1256.0,1256.0,1256.0,1
534,2015-05-13,1281.2,1281.2,1281.2,1281.2,2
535,2015-05-14,1288.0,1288.0,1288.0,1288.0,3
536,2015-05-15,1287.9,1287.9,1287.9,1287.9,4
537,2015-05-18,1290.2,1290.2,1290.2,1290.2,0
538,2015-05-19,1270.4,1270.4,1270.4,1270.4,1
539,2015-05-20,1272.5,1272.5,1272.5,1272.5,2
540,2015-05-21,1267.1,1267.1,1267.1,1269.9,3
541,2015-05-22,1268.7,1283.0,1283.0,1267.2,4
542,2015-05-24,1204.4,1205.8,1205.8,1203.9,6
543,2015-05-25,1207.4,1204.6,1209.0,1203.3,0
544,2015-05-26,1251.2,1251.2,1251.2,1251.2,1
545,2015-05-27,1249.6,1249.6,1249.6,1249.5,2
546,2015-05-28,1251.5,1251.5,1251.5,1251.5,3
547,2015-05-29,1251.7,1251.7,1251.7,1251.0,4
548,2015-06-01,1251.4,1251.4,1251.4,1251.4,0
549,2015-06-02,1258.8,1258.8,1258.8,1258.8,1
550,2015-06-03,1250.9,1250.9,1250.9,1250.9,2
551,2015-06-04,1241.1,1241.1,1241.1,1241.1,3
552,2015-06-05,1237.6,1237.6,1237.6,1237.6,4
553,2015-06-08,1243.0,1243.0,1243.0,1243.0,0
554,2015-06-09,1247.8,1247.8,1247.8,1247.8,1
555,2015-06-10,1259.6,1259.6,1259.6,1259.6,2
556,2015-06-11,1253.6,1253.6,1253.6,1253.6,3
557,2015-06-12,1252.0,1252.0,1252.0,1252.0,4
558,2015-06-15,1256.8,1256.8,1256.8,1256.8,0
559,2015-06-16,1250.4,1250.4,1250.4,1250.4,1
560,2015-06-17,1247.9,1247.9,1247.9,1247.9,2
561,2015-06-18,1271.8,1271.8,1271.8,1271.8,3
562,2015-06-19,1270.4,1270.4,1270.4,1270.4,4
563,2015-06-22,1253.1,1253.1,1253.1,1253.1,0
564,2015-06-23,1245.8,1245.8,1245.8,1245.8,1
565,2015-06-24,1242.0,1242.0,1242.0,1242.0,2
566,2015-06-25,1241.3,1241.3,1241.3,1241.3,3
567,2015-06-26,1244.1,1244.1,1244.1,1244.1,4
568,2015-06-29,1249.0,1249.0,1249.0,1249.0,0
569,2015-06-30,1241.8,1241.8,1241.8,1241.8,1
570,2015-07-01,1239.5,1239.5,1239.5,1239.5,2
571,2015-07-02,1232.5,1232.5,1232.5,1232.5,3
572,2015-07-03,1167.8,1164.7,1169.0,1164.6,4
573,2015-07-06,1241.6,1241.6,1241.6,1241.6,0
574,2015-07-07,1220.5,1220.5,1220.5,1220.5,1
575,2015-07-08,1229.6,1229.6,1229.6,1229.6,2
576,2015-07-09,1226.1,1226.1,1226.1,1226.1,3
577,2015-07-10,1227.6,1227.6,1227.6,1227.6,4
578,2015-07-13,1226.0,1226.0,1226.0,1226.0,0
579,2015-07-14,1223.4,1223.4,1223.4,1223.4,1
580,2015-07-15,1217.3,1217.3,1217.3,1217.3,2
581,2015-07-16,1214.2,1214.2,1214.2,1214.2,3
582,2015-07-17,1201.7,1201.7,1201.7,1201.7,4
583,2015-07-20,1176.5,1176.5,1176.5,1176.5,0
584,2015-07-21,1170.5,1170.5,1170.5,1170.5,1
585,2015-07-22,1158.6,1158.6,1158.6,1158.6,2
586,2015-07-23,1161.1,1161.1,1161.1,1161.1,3
587,2015-07-24,1151.0,1151.0,1151.0,1151.0,4
588,2015-07-27,1161.6,1161.6,1161.6,1161.6,0
589,2015-07-28,1161.6,1161.6,1161.6,1161.6,1
590,2015-07-29,1158.5,1158.5,1158.5,1158.5,2
591,2015-07-30,1154.4,1154.4,1154.4,1154.4,3
592,2015-07-31,1154.1,1154.1,1154.1,1154.1,4
593,2015-08-03,1147.8,1147.8,1147.8,1147.8,0
594,2015-08-04,1149.7,1149.7,1149.7,1149.7,1
595,2015-08-05,1148.1,1148.1,1148.1,1148.1,2
596,2015-08-06,1152.6,1152.6,1152.6,1152.6,3
597,2015-08-07,1156.8,1156.8,1156.8,1156.8,4
598,2015-08-10,1166.8,1166.8,1166.8,1166.8,0
599,2015-08-11,1168.7,1168.7,1168.7,1168.7,1
600,2015-08-12,1184.0,1184.0,1184.0,1184.0,2
601,2015-08-13,1176.1,1176.1,1176.1,1176.1,3
602,2015-08-14,1173.3,1173.3,1173.3,1173.3,4
603,2015-08-17,1178.9,1178.9,1178.9,1178.9,0
604,2015-08-18,1177.3,1177.3,1177.3,1177.3,1
605,2015-08-19,1188.1,1188.1,1188.1,1188.1,2
606,2015-08-20,1213.2,1213.2,1213.2,1213.2,3
607,2015-08-21,1217.8,1217.8,1217.8,1217.8,4
608,2015-08-24,1209.9,1209.9,1209.9,1209.9,0
609,2015-08-25,1194.7,1194.7,1194.7,1194.7,1
610,2015-08-26,1180.0,1180.0,1180.0,1180.0,2
611,2015-08-27,1178.2,1178.2,1178.2,1178.2,3
612,2015-08-28,1189.4,1189.4,1189.4,1189.4,4
613,2015-08-31,1187.9,1187.9,1187.9,1187.9,0
614,2015-09-01,1192.3,1192.3,1192.3,1192.3,1
615,2015-09-02,1185.4,1185.4,1185.4,1185.4,2
616,2015-09-03,1174.5,1174.5,1174.5,1174.5,3
617,2015-09-04,1171.5,1171.5,1171.5,1171.5,4
618,2015-09-06,1119.9,1122.3,1123.1,1119.6,6
619,2015-09-07,1119.9,1119.5,1124.0,1115.2,0
620,2015-09-08,1170.9,1170.9,1170.9,1170.9,1
621,2015-09-09,1151.7,1151.7,1151.7,1151.7,2
622,2015-09-10,1158.9,1158.9,1158.9,1158.9,3
623,2015-09-11,1152.9,1152.9,1152.9,1152.9,4
624,2015-09-14,1156.7,1156.7,1156.7,1156.7,0
625,2015-09-15,1151.5,1151.5,1151.5,1151.5,1
626,2015-09-16,1168.6,1168.6,1168.6,1168.6,2
627,2015-09-17,1167.2,1167.2,1167.2,1167.2,3
628,2015-09-18,1186.5,1186.5,1186.5,1186.5,4
629,2015-09-21,1181.8,1181.8,1181.8,1181.8,0
630,2015-09-22,1172.7,1172.7,1172.7,1172.7,1
631,2015-09-23,1179.4,1179.4,1179.4,1179.4,2
632,2015-09-24,1200.7,1200.7,1200.7,1200.7,3
633,2015-09-25,1192.6,1192.6,1192.6,1192.6,4
634,2015-09-28,1178.2,1178.2,1178.2,1178.2,0
635,2015-09-29,1172.9,1169.0,1169.0,1168.0,1
636,2015-09-30,1158.4,1158.4,1158.4,1158.4,2
637,2015-10-01,1156.9,1156.9,1156.9,1156.9,3
638,2015-10-02,1179.0,1171.0,1172.0,1171.0,4
639,2015-10-05,1178.3,1173.0,1173.0,1171.0,0
640,2015-10-06,1186.4,1183.5,1183.5,1183.5,1
641,2015-10-07,1189.1,1186.0,1186.0,1186.0,2
642,2015-10-08,1185.0,1185.0,1185.0,1185.0,3
643,2015-10-09,1197.5,1197.5,1197.5,1197.5,4
644,2015-10-12,1206.2,1206.2,1206.2,1206.2,0
645,2015-10-13,1206.9,1206.9,1206.9,1206.9,1
646,2015-10-14,1219.3,1219.3,1219.3,1219.3,2
647,2015-10-15,1227.1,1219.0,1219.5,1219.0,3
648,2015-10-16,1222.3,1222.3,1222.3,1222.3,4
649,2015-10-19,1212.0,1206.5,1207.2,1206.5,0
650,2015-10-20,1216.6,1216.6,1216.6,1216.6,1
651,2015-10-21,1205.4,1205.4,1205.4,1205.4,2
652,2015-10-22,1204.1,1204.1,1204.1,1204.1,3
653,2015-10-23,1200.1,1200.1,1200.1,1200.1,4
654,2015-10-26,1201.7,1201.7,1201.7,1201.7,0
655,2015-10-27,1199.8,1199.8,1199.8,1199.8,1
656,2015-10-28,1210.9,1210.9,1210.9,1210.9,2
657,2015-10-29,1183.4,1183.4,1183.4,1183.4,3
658,2015-10-30,1176.8,1176.8,1176.8,1176.8,4
659,2015-11-02,1172.0,1172.0,1172.0,1172.0,0
660,2015-11-03,1150.2,1150.2,1150.2,1150.2,1
661,2015-11-04,1142.8,1142.8,1142.8,1142.8,2
662,2015-11-05,1141.7,1141.7,1141.7,1141.7,3
663,2015-11-06,1129.5,1129.5,1129.5,1129.5,4
664,2015-11-09,1130.8,1130.8,1130.8,1130.8,0
665,2015-11-10,1131.0,1135.0,1135.0,1135.0,1
666,2015-11-11,1127.0,1127.0,1127.0,1127.0,2
667,2015-11-12,1122.9,1122.9,1122.9,1122.9,3
668,2015-11-13,1122.9,1122.9,1122.9,1122.9,4
669,2015-11-16,1124.1,1123.4,1123.4,1123.4,0
670,2015-11-17,1108.5,1106.8,1106.8,1106.8,1
671,2015-11-18,1108.5,1108.5,1108.5,1108.5,2
672,2015-11-19,1117.2,1117.2,1117.2,1117.2,3
673,2015-11-20,1115.4,1115.4,1115.4,1115.4,4
674,2015-11-23,1106.3,1106.3,1106.3,1106.3,0
675,2015-11-24,1113.2,1113.2,1113.2,1113.2,1
676,2015-11-25,1110.0,1110.0,1110.0,1110.0,2
677,2015-11-26,1070.8,1070.1,1074.2,1069.2,3
678,2015-11-27,1096.5,1096.5,1096.5,1096.5,4
679,2015-11-30,1105.9,1105.9,1105.9,1105.9,0
680,2015-12-01,1104.0,1104.0,1104.0,1104.0,1
681,2015-12-02,1094.4,1094.4,1094.4,1094.4,2
682,2015-12-03,1102.6,1102.6,1102.6,1102.6,3
683,2015-12-04,1125.2,1125.2,1125.2,1125.2,4
684,2015-12-07,1116.3,1116.3,1116.3,1116.3,0
685,2015-12-08,1116.4,1116.4,1116.4,1116.4,1
686,2015-12-09,1117.3,1117.3,1117.3,1117.3,2
687,2015-12-10,1112.7,1112.7,1112.7,1112.7,3
688,2015-12-11,1116.2,1116.2,1116.2,1116.2,4
689,2015-12-14,1103.8,1103.8,1103.8,1103.8,0
690,2015-12-15,1102.2,1102.2,1102.2,1102.2,1
691,2015-12-16,1117.7,1117.7,1117.7,1117.7,2
692,2015-12-17,1090.5,1090.5,1090.5,1090.5,3
693,2015-12-18,1105.7,1105.7,1105.7,1105.7,4
694,2015-12-21,1122.9,1122.9,1122.9,1122.9,0
695,2015-12-22,1116.4,1116.4,1116.4,1116.4,1
696,2015-12-23,1110.6,1110.6,1110.6,1110.6,2
697,2015-12-24,1118.3,1118.3,1118.3,1118.3,3
698,2015-12-28,1110.5,1110.5,1110.5,1110.5,0
699,2015-12-29,1111.0,1111.0,1111.0,1111.0,1
700,2015-12-30,1103.2,1103.2,1103.2,1103.2,2
701,2015-12-31,1103.4,1103.4,1103.4,1103.4,3
702,2016-01-04,1118.1,1118.1,1118.1,1118.1,0
703,2016-01-05,1121.0,1121.0,1121.0,1121.0,1
704,2016-01-06,1134.5,1134.5,1134.5,1134.5,2
705,2016-01-07,1145.3,1145.3,1145.3,1145.3,3
706,2016-01-08,1134.9,1134.9,1134.9,1134.9,4
707,2016-01-11,1131.7,1131.7,1131.7,1131.7,0
708,2016-01-12,1120.3,1120.3,1120.3,1120.3,1
709,2016-01-13,1120.6,1120.6,1120.6,1120.6,2
710,2016-01-14,1106.4,1106.4,1106.4,1106.4,3
711,2016-01-15,1121.6,1121.6,1121.6,1121.6,4
712,2016-01-17,1090.3,1088.6,1090.8,1088.6,6
713,2016-01-18,1088.5,1090.2,1093.3,1087.4,0
714,2016-01-19,1119.9,1119.9,1119.9,1119.9,1
715,2016-01-20,1135.8,1135.8,1135.8,1135.8,2
716,2016-01-21,1127.7,1127.7,1127.7,1127.7,3
717,2016-01-22,1126.7,1126.7,1126.7,1126.7,4
718,2016-01-25,1136.5,1136.5,1136.5,1136.5,0
719,2016-01-26,1151.4,1151.4,1151.4,1151.4,1
720,2016-01-27,1148.0,1148.0,1148.0,1148.0,2
721,2016-01-28,1147.8,1147.8,1147.8,1147.8,3
722,2016-01-29,1146.2,1146.2,1146.2,1146.2,4
723,2016-02-01,1157.8,1157.8,1157.8,1157.8,0
724,2016-02-02,1156.4,1156.4,1156.4,1156.4,1
725,2016-02-03,1169.6,1169.6,1169.6,1169.6,2
726,2016-02-04,1184.0,1183.6,1183.6,1183.6,3
727,2016-02-05,1184.3,1184.3,1184.3,1184.3,4
728,2016-02-08,1224.5,1224.5,1224.5,1224.5,0
729,2016-02-09,1223.4,1223.4,1223.4,1223.4,1
730,2016-02-10,1219.3,1219.3,1219.3,1219.3,2
731,2016-02-11,1268.8,1259.0,1259.0,1259.0,3
732,2016-02-12,1257.9,1257.9,1257.9,1257.9,4
733,2016-02-14,1233.6,1235.7,1235.9,1231.4,6
734,2016-02-15,1208.1,1234.0,1235.1,1202.8,0
735,2016-02-16,1227.8,1231.0,1231.0,1224.2,1
736,2016-02-17,1233.9,1233.9,1233.9,1233.9,2
737,2016-02-18,1249.2,1249.2,1249.2,1249.2,3
738,2016-02-19,1254.1,1254.1,1254.1,1254.1,4
739,2016-02-22,1233.4,1236.0,1236.0,1236.0,0
740,2016-02-23,1248.1,1248.1,1248.1,1248.1,1
741,2016-02-24,1263.8,1263.8,1263.8,1263.8,2
742,2016-02-25,1263.7,1263.7,1263.7,1263.7,3
743,2016-02-26,1245.5,1245.5,1245.5,1245.5,4
744,2016-02-29,1260.0,1260.0,1260.0,1260.0,0
745,2016-03-01,1257.9,1257.9,1257.9,1257.9,1
746,2016-03-02,1269.7,1269.7,1269.7,1269.7,2
747,2016-03-03,1287.4,1287.4,1287.4,1287.4,3
748,2016-03-04,1302.3,1302.3,1302.3,1302.3,4
749,2016-03-07,1297.0,1297.0,1297.0,1297.0,0
750,2016-03-08,1295.7,1294.1,1294.1,1294.0,1
751,2016-03-09,1290.1,1284.0,1284.0,1284.0,2
752,2016-03-10,1306.8,1306.8,1306.8,1306.8,3
753,2016-03-11,1295.3,1295.3,1295.3,1295.3,4
754,2016-03-14,1281.1,1279.4,1282.5,1279.0,0
755,2016-03-15,1266.9,1266.9,1266.9,1266.9,1
756,2016-03-16,1267.6,1267.6,1267.6,1267.6,2
757,2016-03-17,1300.8,1300.8,1300.8,1300.8,3
758,2016-03-18,1288.7,1288.7,1288.7,1288.7,4
759,2016-03-21,1279.4,1279.4,1279.4,1279.4,0
760,2016-03-22,1285.5,1288.6,1288.6,1284.0,1
761,2016-03-23,1260.7,1279.0,1279.0,1264.0,2
762,2016-03-24,1259.1,1259.1,1259.1,1259.1,3
763,2016-03-25,1216.7,1216.7,1216.7,1216.7,4
764,2016-03-28,1257.4,1254.0,1254.0,1254.0,0
765,2016-03-29,1273.0,1273.0,1273.0,1273.0,1
766,2016-03-30,1263.6,1263.6,1263.6,1263.6,2
767,2016-03-31,1267.6,1267.6,1267.6,1267.6,3
768,2016-04-01,1255.6,1255.6,1255.6,1255.6,4
769,2016-04-04,1251.4,1251.4,1251.4,1251.4,0
770,2016-04-05,1261.2,1261.2,1261.2,1261.2,1
771,2016-04-06,1255.5,1255.5,1255.5,1255.5,2
772,2016-04-07,1269.0,1269.0,1269.0,1269.0,3
773,2016-04-08,1274.0,1274.0,1274.0,1274.0,4
774,2016-04-11,1289.1,1289.1,1289.1,1289.1,0
775,2016-04-12,1293.1,1293.1,1293.1,1293.1,1
776,2016-04-13,1280.6,1280.6,1280.6,1280.6,2
777,2016-04-14,1258.8,1258.8,1258.8,1258.8,3
778,2016-04-15,1266.4,1266.4,1266.4,1266.4,4
779,2016-04-18,1267.0,1267.0,1267.0,1267.0,0
780,2016-04-19,1287.5,1290.0,1290.6,1281.3,1
781,2016-04-20,1289.0,1289.0,1289.0,1289.0,2
782,2016-04-21,1286.2,1286.2,1286.2,1286.2,3
783,2016-04-22,1265.5,1265.5,1265.5,1265.5,4
784,2016-04-25,1275.8,1275.8,1275.8,1275.8,0
785,2016-04-26,1279.1,1279.1,1279.1,1279.1,1
786,2016-04-27,1286.5,1286.5,1286.5,1286.5,2
787,2016-04-28,1303.1,1303.1,1303.1,1303.1,3
788,2016-04-29,1327.7,1335.0,1335.0,1335.0,4
789,2016-05-02,1333.6,1333.6,1333.6,1333.6,0
790,2016-05-03,1329.1,1329.1,1329.1,1329.1,1
791,2016-05-04,1310.6,1310.6,1310.6,1310.6,2
792,2016-05-05,1307.1,1316.8,1316.8,1316.8,3
793,2016-05-06,1329.4,1329.4,1329.4,1329.4,4
794,2016-05-09,1302.2,1302.2,1302.2,1302.2,0
795,2016-05-10,1300.6,1295.0,1295.0,1295.0,1
796,2016-05-11,1311.9,1311.9,1311.9,1311.9,2
797,2016-05-12,1307.0,1307.0,1307.0,1307.0,3
798,2016-05-13,1308.8,1308.8,1308.8,1308.8,4
799,2016-05-16,1311.1,1311.1,1311.1,1311.1,0
800,2016-05-17,1314.2,1315.4,1315.4,1315.4,1
801,2016-05-18,1313.6,1313.6,1313.6,1313.6,2
802,2016-05-19,1295.2,1295.2,1295.2,1295.2,3
803,2016-05-20,1295.2,1295.2,1295.2,1295.2,4
804,2016-05-23,1294.2,1294.2,1294.2,1294.2,0
805,2016-05-24,1272.0,1272.0,1272.0,1272.0,1
806,2016-05-25,1266.7,1266.7,1266.7,1266.7,2
807,2016-05-26,1262.9,1262.9,1262.9,1262.9,3
808,2016-05-27,1256.9,1256.9,1256.9,1256.9,4
809,2016-05-30,1212.15,1208.25,1213.15,1201.8,0
810,2016-05-31,1258.6,1258.6,1258.6,1258.6,1
811,2016-06-01,1256.5,1256.5,1256.5,1256.5,2
812,2016-06-02,1254.2,1254.2,1254.2,1254.2,3
813,2016-06-03,1283.9,1283.9,1283.9,1283.9,4
814,2016-06-06,1288.7,1288.7,1288.7,1288.7,0
815,2016-06-07,1288.1,1288.1,1288.1,1288.1,1
816,2016-06-08,1303.3,1303.3,1303.3,1303.3,2
817,2016-06-09,1313.7,1313.7,1313.7,1313.7,3
818,2016-06-10,1317.0,1317.0,1317.0,1317.0,4
819,2016-06-13,1328.1,1328.1,1328.1,1328.1,0
820,2016-06-14,1325.6,1325.6,1325.6,1325.6,1
821,2016-06-15,1326.0,1326.0,1326.0,1326.0,2
822,2016-06-16,1336.6,1336.6,1336.6,1336.6,3
823,2016-06-17,1333.9,1326.3,1326.5,1326.3,4
824,2016-06-20,1333.8,1322.4,1336.2,1322.4,0
825,2016-06-21,1314.2,1314.2,1314.2,1314.2,1
826,2016-06-22,1311.7,1311.7,1311.7,1311.7,2
827,2016-06-23,1306.6,1306.6,1306.6,1306.6,3
828,2016-06-24,1365.7,1363.0,1363.0,1363.0,4
829,2016-06-27,1367.7,1367.7,1367.7,1367.7,0
830,2016-06-28,1361.1,1361.1,1361.1,1361.1,1
831,2016-06-29,1370.3,1370.3,1370.3,1370.3,2
832,2016-06-30,1363.9,1363.9,1363.9,1363.9,3
833,2016-07-01,1383.2,1383.2,1383.2,1383.2,4
834,2016-07-03,1345.5,1344.5,1347.55,1338.85,6
835,2016-07-04,1352.0,1345.0,1360.15,1343.0,0
836,2016-07-05,1403.3,1394.5,1394.5,1393.8,1
837,2016-07-06,1411.7,1408.2,1409.0,1406.0,2
838,2016-07-07,1405.5,1405.5,1405.5,1405.5,3
839,2016-07-08,1402.5,1399.8,1399.8,1399.8,4
840,2016-07-11,1401.8,1407.7,1407.7,1407.7,0
841,2016-07-12,1381.2,1386.1,1386.1,1386.1,1
842,2016-07-13,1389.5,1389.5,1389.5,1389.5,2
843,2016-07-14,1378.2,1378.2,1378.2,1378.2,3
844,2016-07-15,1374.0,1374.0,1374.0,1374.0,4
845,2016-07-18,1375.9,1375.9,1375.9,1375.9,0
846,2016-07-19,1379.3,1379.3,1379.3,1379.3,1
847,2016-07-20,1366.7,1366.7,1366.7,1366.7,2
848,2016-07-21,1379.2,1379.2,1379.2,1379.2,3
849,2016-07-22,1372.5,1372.5,1372.5,1372.5,4
850,2016-07-25,1368.3,1368.3,1368.3,1368.3,0
851,2016-07-26,1369.6,1369.6,1369.6,1369.6,1
852,2016-07-27,1378.1,1378.1,1378.1,1378.1,2
853,2016-07-28,1384.9,1384.9,1384.9,1384.9,3
854,2016-07-29,1401.8,1401.8,1401.8,1401.8,4
855,2016-08-01,1402.3,1402.9,1403.2,1402.9,0
856,2016-08-02,1415.5,1415.5,1415.5,1415.5,1
857,2016-08-03,1410.0,1414.2,1414.2,1414.2,2
858,2016-08-04,1414.0,1414.0,1414.0,1414.0,3
859,2016-08-05,1394.0,1394.0,1394.0,1394.0,4
860,2016-08-08,1391.4,1391.4,1391.4,1391.4,0
861,2016-08-09,1396.7,1396.7,1396.7,1396.7,1
862,2016-08-10,1401.7,1401.7,1401.7,1401.7,2
863,2016-08-11,1400.1,1400.1,1400.1,1400.1,3
864,2016-08-12,1392.9,1392.9,1392.9,1392.9,4
865,2016-08-15,1396.7,1396.7,1396.7,1396.7,0
866,2016-08-16,1405.1,1405.1,1405.1,1405.1,1
867,2016-08-17,1396.7,1396.7,1396.7,1396.7,2
868,2016-08-18,1405.2,1405.2,1405.2,1405.2,3
869,2016-08-19,1394.1,1394.1,1394.1,1394.1,4
870,2016-08-22,1391.3,1391.3,1391.3,1391.3,0
871,2016-08-23,1393.9,1393.9,1393.9,1393.9,1
872,2016-08-24,1376.5,1376.5,1376.5,1376.5,2
873,2016-08-25,1370.1,1370.1,1370.1,1370.1,3
874,2016-08-26,1369.3,1369.3,1369.3,1369.3,4
875,2016-08-29,1370.5,1370.5,1370.5,1370.5,0
876,2016-08-30,1360.6,1360.6,1360.6,1360.6,1
877,2016-08-31,1354.0,1354.0,1354.0,1354.0,2
878,2016-09-01,1359.0,1359.0,1359.0,1359.0,3
879,2016-09-02,1371.7,1371.7,1371.7,1371.7,4
880,2016-09-04,1326.25,1328.2,1328.75,1326.15,6
881,2016-09-05,1331.1,1326.35,1332.15,1325.55,0
882,2016-09-06,1397.5,1397.5,1397.5,1397.5,1
883,2016-09-07,1393.5,1393.5,1393.5,1393.5,2
884,2016-09-08,1386.6,1386.6,1386.6,1386.6,3
885,2016-09-09,1379.5,1379.5,1379.5,1379.5,4
886,2016-09-12,1370.8,1370.8,1370.8,1370.8,0
887,2016-09-13,1367.2,1367.2,1367.2,1367.2,1
888,2016-09-14,1369.7,1369.7,1369.7,1369.7,2
889,2016-09-15,1361.3,1363.1,1363.1,1359.6,3
890,2016-09-16,1353.5,1357.2,1358.5,1354.0,4
891,2016-09-19,1360.8,1360.8,1360.8,1360.8,0
892,2016-09-20,1361.3,1361.3,1361.3,1361.3,1
893,2016-09-21,1374.9,1369.5,1369.5,1366.8,2
894,2016-09-22,1386.7,1389.4,1389.4,1389.4,3
895,2016-09-23,1383.7,1383.7,1383.7,1383.7,4
896,2016-09-26,1386.6,1386.6,1386.6,1386.6,0
897,2016-09-27,1372.7,1372.7,1372.7,1372.7,1
898,2016-09-28,1365.6,1365.6,1365.6,1365.6,2
899,2016-09-29,1368.0,1368.0,1368.0,1368.0,3
900,2016-09-30,1359.3,1359.3,1359.3,1359.3,4
901,2016-10-03,1354.8,1354.8,1354.8,1354.8,0
902,2016-10-04,1311.0,1311.0,1311.0,1311.0,1
903,2016-10-05,1310.2,1310.2,1310.2,1310.2,2
904,2016-10-06,1294.4,1294.4,1294.4,1294.4,3
905,2016-10-07,1293.4,1293.4,1293.4,1293.4,4
906,2016-10-10,1302.8,1302.8,1302.8,1302.8,0
907,2016-10-11,1298.4,1298.7,1298.7,1298.7,1
908,2016-10-12,1296.6,1296.6,1296.6,1296.6,2
909,2016-10-13,1301.2,1301.2,1301.2,1301.2,3
910,2016-10-14,1299.3,1295.9,1295.9,1295.9,4
911,2016-10-17,1300.7,1300.7,1300.7,1300.7,0
912,2016-10-18,1307.5,1307.5,1307.5,1307.5,1
913,2016-10-19,1314.3,1314.3,1314.3,1314.3,2
914,2016-10-20,1312.6,1312.6,1312.6,1312.6,3
915,2016-10-21,1312.1,1312.1,1312.1,1312.1,4
916,2016-10-24,1306.3,1306.3,1306.3,1306.3,0
917,2016-10-25,1317.7,1317.7,1317.7,1317.7,1
918,2016-10-26,1310.7,1310.7,1310.7,1310.7,2
919,2016-10-27,1315.6,1315.6,1315.6,1315.6,3
920,2016-10-28,1322.7,1318.0,1318.6,1318.0,4
921,2016-10-31,1319.3,1319.3,1319.3,1319.3,0
922,2016-11-01,1334.4,1334.4,1334.4,1334.4,1
923,2016-11-02,1354.4,1354.4,1354.4,1354.4,2
924,2016-11-03,1350.2,1350.2,1350.2,1350.2,3
925,2016-11-04,1352.1,1352.1,1352.1,1352.1,4
926,2016-11-07,1326.8,1326.8,1326.8,1326.8,0
927,2016-11-08,1322.6,1322.6,1322.6,1322.6,1
928,2016-11-09,1322.1,1319.0,1319.0,1319.0,2
929,2016-11-10,1313.0,1313.0,1313.0,1313.0,3
930,2016-11-11,1269.1,1267.1,1267.1,1267.1,4
931,2016-11-14,1271.7,1271.7,1271.7,1271.7,0
932,2016-11-15,1275.7,1275.7,1275.7,1275.7,1
933,2016-11-16,1275.1,1275.1,1275.1,1275.1,2
934,2016-11-17,1268.6,1268.6,1268.6,1268.6,3
935,2016-11-18,1261.2,1261.2,1261.2,1261.2,4
936,2016-11-21,1261.6,1261.6,1261.6,1261.6,0
937,2016-11-22,1262.8,1271.3,1271.3,1271.3,1
938,2016-11-23,1241.7,1241.7,1241.7,1241.7,2
939,2016-11-24,1185.55,1189.2,1190.3,1179.75,3
940,2016-11-25,1230.3,1230.3,1230.3,1230.3,4
941,2016-11-28,1243.4,1243.4,1243.4,1243.4,0
942,2016-11-29,1240.3,1240.0,1240.0,1240.0,1
943,2016-11-30,1223.2,1230.0,1230.0,1225.4,2
944,2016-12-01,1218.5,1218.5,1218.5,1218.5,3
945,2016-12-02,1227.2,1227.2,1227.2,1227.2,4
946,2016-12-05,1226.5,1226.5,1226.5,1226.5,0
947,2016-12-06,1219.8,1219.8,1219.8,1219.8,1
948,2016-12-07,1231.4,1231.4,1231.4,1231.4,2
949,2016-12-08,1227.2,1227.2,1227.2,1227.2,3
950,2016-12-09,1216.8,1216.8,1216.8,1216.8,4
951,2016-12-12,1221.1,1221.1,1221.1,1221.1,0
952,2016-12-13,1214.4,1214.4,1214.4,1214.4,1
953,2016-12-14,1219.1,1219.2,1219.2,1219.2,2
954,2016-12-15,1190.8,1190.0,1190.0,1190.0,3
955,2016-12-16,1198.6,1197.0,1197.0,1197.0,4
956,2016-12-19,1203.6,1203.6,1203.6,1203.6,0
957,2016-12-20,1194.7,1194.0,1194.0,1194.0,1
958,2016-12-21,1194.2,1194.2,1194.2,1194.2,2
959,2016-12-22,1191.5,1191.5,1191.5,1191.5,3
960,2016-12-23,1194.5,1194.5,1194.5,1194.5,4
961,2016-12-25,1135.0,1135.0,1135.0,1135.0,6
962,2016-12-26,1134.55,1135.0,1136.05,1134.0,0
963,2016-12-27,1199.6,1199.6,1199.6,1199.6,1
964,2016-12-28,1201.7,1201.7,1201.7,1201.7,2
965,2016-12-29,1218.9,1218.4,1218.4,1218.4,3
966,2016-12-30,1212.2,1219.0,1219.0,1219.0,4
967,2017-01-02,1151.05,1151.0,1153.25,1150.0,0
968,2017-01-03,1222.4,1209.0,1209.0,1209.0,1
969,2017-01-04,1224.8,1224.8,1224.8,1224.8,2
970,2017-01-05,1239.8,1239.8,1239.8,1239.8,3
971,2017-01-06,1233.4,1234.0,1234.0,1234.0,4
972,2017-01-09,1245.3,1245.3,1245.3,1245.3,0
973,2017-01-10,1246.2,1241.6,1241.6,1241.6,1
974,2017-01-11,1257.7,1257.7,1257.7,1257.7,2
975,2017-01-12,1261.0,1261.0,1261.0,1261.0,3
976,2017-01-13,1259.0,1259.0,1259.0,1259.0,4
977,2017-01-15,1203.35,1197.3,1205.05,1197.3,6
978,2017-01-16,1202.85,1203.25,1208.45,1200.0,0
979,2017-01-17,1275.1,1275.1,1275.1,1275.1,1
980,2017-01-18,1273.4,1274.4,1274.4,1274.3,2
981,2017-01-19,1263.2,1262.8,1262.8,1262.4,3
982,2017-01-20,1266.9,1266.9,1266.9,1266.9,4
983,2017-01-23,1276.6,1276.6,1276.6,1276.6,0
984,2017-01-24,1271.8,1271.8,1271.8,1271.8,1
985,2017-01-25,1258.8,1258.8,1258.8,1258.8,2
986,2017-01-26,1250.6,1250.6,1250.6,1250.6,3
987,2017-01-27,1249.4,1246.0,1246.0,1246.0,4
988,2017-01-30,1254.1,1259.0,1259.0,1259.0,0
989,2017-01-31,1269.5,1270.0,1274.0,1270.0,1
990,2017-02-01,1267.2,1267.0,1267.0,1267.0,2
991,2017-02-02,1278.3,1278.3,1278.3,1278.3,3
992,2017-02-03,1279.9,1279.9,1279.9,1279.9,4
993,2017-02-06,1291.0,1294.0,1294.0,1289.0,0
994,2017-02-07,1294.1,1294.1,1294.1,1294.1,1
995,2017-02-08,1296.0,1298.5,1298.5,1298.5,2
996,2017-02-09,1293.1,1293.1,1293.1,1293.1,3
997,2017-02-10,1292.2,1292.2,1292.2,1292.2,4
998,2017-02-13,1282.6,1282.6,1282.6,1282.6,0
999,2017-02-14,1282.6,1282.6,1282.6,1282.6,1
1000,2017-02-15,1291.9,1291.9,1291.9,1291.9,2
1001,2017-02-16,1300.4,1300.4,1300.4,1300.4,3
1002,2017-02-17,1297.1,1297.1,1297.1,1297.1,4
1003,2017-02-19,1237.3,1236.0,1239.25,1236.0,6
1004,2017-02-20,1238.2,1237.25,1240.15,1233.5,0
1005,2017-02-21,1296.9,1296.9,1296.9,1296.9,1
1006,2017-02-22,1291.0,1291.0,1291.0,1291.0,2
1007,2017-02-23,1309.4,1309.4,1309.4,1309.4,3
1008,2017-02-24,1316.1,1314.5,1314.5,1314.5,4
1009,2017-02-27,1316.8,1316.8,1316.8,1316.8,0
1010,2017-02-28,1312.0,1312.0,1312.0,1312.0,1
1011,2017-03-01,1308.8,1308.8,1308.8,1308.8,2
1012,2017-03-02,1291.6,1291.6,1291.6,1291.6,3
1013,2017-03-03,1286.5,1286.5,1286.5,1286.5,4
1014,2017-03-06,1285.0,1285.0,1285.0,1285.0,0
1015,2017-03-07,1275.4,1285.4,1285.4,1276.2,1
1016,2017-03-08,1269.6,1269.5,1269.5,1269.5,2
1017,2017-03-09,1263.4,1263.4,1263.4,1263.4,3
1018,2017-03-10,1261.7,1261.7,1261.7,1261.7,4
1019,2017-03-13,1264.3,1266.8,1266.8,1266.8,0
1020,2017-03-14,1264.0,1264.0,1264.0,1264.0,1
1021,2017-03-15,1262.0,1262.0,1262.0,1262.0,2
1022,2017-03-16,1288.4,1288.4,1288.4,1288.4,3
1023,2017-03-17,1291.3,1291.3,1291.3,1291.3,4
1024,2017-03-20,1294.9,1295.7,1295.7,1295.7,0
1025,2017-03-21,1306.7,1300.0,1300.0,1300.0,1
1026,2017-03-22,1309.2,1309.2,1309.2,1309.2,2
1027,2017-03-23,1306.2,1306.2,1306.2,1306.2,3
1028,2017-03-24,1308.1,1308.1,1308.1,1308.1,4
1029,2017-03-27,1315.1,1315.0,1315.0,1315.0,0
1030,2017-03-28,1315.2,1315.2,1315.2,1315.2,1
1031,2017-03-29,1313.2,1313.9,1313.9,1313.9,2
1032,2017-03-30,1304.4,1314.0,1314.5,1314.0,3
1033,2017-03-31,1307.5,1307.5,1307.5,1307.5,4
1034,2017-04-03,1310.4,1310.4,1310.4,1310.4,0
1035,2017-04-04,1314.5,1314.5,1314.5,1314.5,1
1036,2017-04-05,1304.6,1304.6,1304.6,1304.6,2
1037,2017-04-06,1309.5,1309.5,1309.5,1309.5,3
1038,2017-04-07,1313.9,1313.9,1313.9,1313.9,4
1039,2017-04-10,1310.4,1313.2,1313.2,1313.2,0
1040,2017-04-11,1330.5,1332.0,1332.0,1332.0,1
1041,2017-04-12,1334.4,1334.4,1334.4,1334.4,2
1042,2017-04-13,1343.8,1343.8,1343.8,1343.8,3
1043,2017-04-14,1289.65,1289.65,1289.65,1289.65,4
1044,2017-04-17,1346.9,1346.9,1346.9,1346.9,0
1045,2017-04-18,1348.0,1348.0,1348.0,1348.0,1
1046,2017-04-19,1337.6,1338.5,1338.5,1338.5,2
1047,2017-04-20,1338.8,1338.8,1338.8,1338.8,3
1048,2017-04-21,1344.1,1344.1,1344.1,1344.1,4
1049,2017-04-24,1332.9,1335.0,1335.0,1335.0,0
1050,2017-04-25,1323.1,1323.1,1323.1,1323.1,1
1051,2017-04-26,1320.1,1320.1,1320.1,1320.1,2
1052,2017-04-27,1321.8,1321.8,1321.8,1321.8,3
1053,2017-04-28,1324.2,1324.2,1324.2,1324.2,4
1054,2017-05-01,1311.7,1311.7,1311.7,1311.7,0
1055,2017-05-02,1313.2,1311.8,1315.1,1311.8,1
1056,2017-05-03,1304.7,1305.8,1305.8,1305.8,2
1057,2017-05-04,1284.5,1284.5,1284.5,1284.5,3
1058,2017-05-05,1282.9,1282.9,1282.9,1282.9,4
1059,2017-05-08,1283.2,1283.2,1283.2,1283.2,0
1060,2017-05-09,1272.2,1279.8,1279.8,1271.6,1
1061,2017-05-10,1274.7,1274.7,1274.7,1274.7,2
1062,2017-05-11,1280.0,1280.0,1280.0,1280.0,3
1063,2017-05-12,1282.8,1282.8,1282.8,1282.8,4
1064,2017-05-15,1285.1,1285.1,1285.1,1285.1,0
1065,2017-05-16,1291.5,1288.0,1289.0,1288.0,1
1066,2017-05-17,1313.3,1299.7,1312.2,1299.7,2
1067,2017-05-18,1306.3,1306.3,1306.3,1306.3,3
1068,2017-05-19,1307.0,1307.0,1307.0,1307.0,4
1069,2017-05-22,1315.1,1315.1,1315.1,1315.1,0
1070,2017-05-23,1309.2,1309.2,1309.2,1309.2,1
1071,2017-05-24,1306.8,1306.8,1306.8,1306.8,2
1072,2017-05-25,1310.4,1310.1,1310.1,1310.1,3
1073,2017-05-26,1321.9,1322.1,1322.1,1322.1,4
1074,2017-05-28,1268.22,1266.31,1269.02,1266.31,6
1075,2017-05-29,1266.69,1268.02,1268.6,1264.96,0
1076,2017-05-30,1316.2,1316.2,1316.2,1316.2,1
1077,2017-05-31,1325.6,1325.6,1325.6,1325.6,2
1078,2017-06-01,1320.3,1320.3,1320.3,1320.3,3
1079,2017-06-02,1330.2,1321.9,1321.9,1321.9,4
1080,2017-06-05,1332.7,1332.7,1332.7,1332.7,0
1081,2017-06-06,1347.1,1347.1,1347.1,1347.1,1
1082,2017-06-07,1342.7,1342.7,1342.7,1342.7,2
1083,2017-06-08,1329.0,1329.0,1329.0,1329.0,3
1084,2017-06-09,1321.0,1321.0,1321.0,1321.0,4
1085,2017-06-12,1318.6,1318.6,1318.6,1318.6,0
1086,2017-06-13,1318.3,1318.3,1318.3,1318.3,1
1087,2017-06-14,1325.3,1322.5,1322.5,1322.5,2
1088,2017-06-15,1303.9,1303.9,1303.9,1303.9,3
1089,2017-06-16,1305.8,1305.8,1305.8,1305.8,4
1090,2017-06-19,1296.1,1295.0,1297.9,1295.0,0
1091,2017-06-20,1292.5,1297.6,1297.6,1297.6,1
1092,2017-06-21,1294.6,1294.6,1294.6,1294.6,2
1093,2017-06-22,1298.1,1298.1,1298.1,1298.1,3
1094,2017-06-23,1305.4,1305.4,1305.4,1305.4,4
1095,2017-06-26,1295.4,1295.4,1295.4,1295.4,0
1096,2017-06-27,1296.1,1296.1,1296.1,1296.1,1
1097,2017-06-28,1298.5,1298.5,1298.5,1298.5,2
1098,2017-06-29,1295.4,1295.4,1295.4,1295.4,3
1099,2017-06-30,1291.7,1291.7,1291.7,1291.7,4
1100,2017-07-03,1268.6,1287.2,1287.6,1271.0,0
1101,2017-07-04,1227.55,1224.3,1228.03,1221.49,1
1102,2017-07-05,1271.6,1276.5,1276.5,1271.2,2
1103,2017-07-06,1274.4,1274.4,1274.4,1274.4,3
1104,2017-07-07,1260.1,1270.3,1270.3,1268.9,4
1105,2017-07-10,1263.7,1263.7,1263.7,1263.7,0
1106,2017-07-11,1265.4,1265.4,1265.4,1265.4,1
1107,2017-07-12,1268.9,1268.9,1268.9,1268.9,2
1108,2017-07-13,1266.2,1268.4,1268.4,1268.4,3
1109,2017-07-14,1276.5,1264.0,1280.4,1264.0,4
1110,2017-07-17,1283.1,1283.1,1283.1,1283.1,0
1111,2017-07-18,1291.2,1291.2,1291.2,1291.2,1
1112,2017-07-19,1291.4,1291.4,1291.4,1291.4,2
1113,2017-07-20,1294.8,1294.8,1294.8,1294.8,3
1114,2017-07-21,1303.6,1303.8,1303.8,1303.8,4
1115,2017-07-24,1303.1,1301.5,1301.5,1301.0,0
1116,2017-07-25,1300.9,1300.9,1300.9,1300.9,1
1117,2017-07-26,1298.9,1298.9,1298.9,1298.9,2
1118,2017-07-27,1310.2,1313.7,1313.7,1313.7,3
1119,2017-07-28,1319.1,1319.1,1319.1,1319.1,4
1120,2017-07-31,1317.2,1317.2,1317.2,1317.2,0
1121,2017-08-01,1323.0,1318.6,1322.0,1318.6,1
1122,2017-08-02,1322.2,1318.6,1318.6,1318.6,2
1123,2017-08-03,1318.3,1318.3,1318.3,1318.3,3
1124,2017-08-04,1308.4,1308.4,1308.4,1308.4,4
1125,2017-08-07,1308.7,1306.0,1306.0,1306.0,0
1126,2017-08-08,1307.1,1317.4,1317.4,1305.2,1
1127,2017-08-09,1323.7,1323.7,1323.7,1323.7,2
1128,2017-08-10,1334.5,1335.0,1335.0,1332.4,3
1129,2017-08-11,1338.1,1338.1,1338.1,1338.1,4
1130,2017-08-14,1334.8,1334.8,1334.8,1334.8,0
1131,2017-08-15,1324.2,1323.4,1323.4,1321.5,1
1132,2017-08-16,1327.5,1318.5,1318.5,1318.5,2
1133,2017-08-17,1336.8,1336.2,1336.2,1336.2,3
1134,2017-08-18,1335.7,1335.7,1335.7,1335.7,4
1135,2017-08-21,1341.0,1341.0,1341.0,1341.0,0
1136,2017-08-22,1335.5,1335.5,1335.5,1335.5,1
1137,2017-08-23,1338.8,1338.8,1338.8,1338.8,2
1138,2017-08-24,1336.0,1336.0,1336.0,1336.0,3
1139,2017-08-25,1341.9,1341.9,1341.9,1341.9,4
1140,2017-08-28,1359.7,1359.7,1359.7,1359.7,0
1141,2017-08-29,1362.8,1368.7,1368.7,1368.3,1
1142,2017-08-30,1358.0,1358.0,1358.0,1358.0,2
1143,2017-08-31,1365.6,1371.0,1371.0,1371.0,3
1144,2017-09-01,1374.2,1374.2,1374.2,1374.2,4
1145,2017-09-03,1341.22,1340.54,1342.07,1338.96,6
1146,2017-09-04,1338.08,1341.21,1344.59,1337.01,0
1147,2017-09-05,1388.3,1387.5,1387.5,1387.5,1
1148,2017-09-06,1383.0,1383.0,1383.0,1383.0,2
1149,2017-09-07,1395.1,1397.8,1397.8,1397.8,3
1150,2017-09-08,1396.4,1396.4,1396.4,1396.4,4
1151,2017-09-11,1381.2,1381.2,1381.2,1381.2,0
1152,2017-09-12,1378.9,1378.9,1378.9,1378.9,1
1153,2017-09-13,1373.8,1373.8,1373.8,1373.8,2
1154,2017-09-14,1376.3,1376.3,1376.3,1376.3,3
1155,2017-09-15,1372.2,1372.2,1372.2,1372.2,4
1156,2017-09-18,1357.4,1357.4,1357.4,1357.4,0
1157,2017-09-19,1358.3,1358.3,1358.3,1358.3,1
1158,2017-09-20,1364.0,1364.0,1364.0,1364.0,2
1159,2017-09-21,1342.4,1342.0,1342.0,1342.0,3
1160,2017-09-22,1345.1,1345.1,1345.1,1345.1,4
1161,2017-09-25,1359.2,1359.2,1359.2,1359.2,0
1162,2017-09-26,1349.7,1349.7,1349.7,1349.7,1
1163,2017-09-27,1336.3,1336.5,1340.1,1333.7,2
1164,2017-09-28,1336.9,1336.9,1336.9,1336.9,3
1165,2017-09-29,1333.2,1333.2,1333.2,1333.2,4
1166,2017-10-02,1324.7,1324.7,1324.7,1324.7,0
1167,2017-10-03,1323.4,1323.4,1323.4,1323.4,1
1168,2017-10-04,1325.6,1325.6,1325.6,1325.6,2
1169,2017-10-05,1322.6,1322.6,1322.6,1322.6,3
1170,2017-10-06,1324.3,1324.3,1324.3,1324.3,4
1171,2017-10-09,1334.7,1334.7,1334.7,1334.7,0
1172,2017-10-10,1343.7,1342.4,1342.4,1342.2,1
1173,2017-10-11,1338.8,1338.8,1338.8,1338.8,2
1174,2017-10-12,1346.6,1346.4,1346.4,1346.2,3
1175,2017-10-13,1354.7,1354.7,1354.7,1354.7,4
1176,2017-10-16,1353.9,1353.9,1353.9,1353.9,0
1177,2017-10-17,1336.7,1336.7,1336.7,1336.7,1
1178,2017-10-18,1333.5,1333.5,1333.5,1333.5,2
1179,2017-10-19,1340.1,1340.1,1340.1,1340.1,3
1180,2017-10-20,1330.4,1330.4,1330.4,1330.4,4
1181,2017-10-23,1331.1,1327.8,1332.3,1327.8,0
1182,2017-10-24,1328.4,1328.4,1328.4,1328.4,1
1183,2017-10-25,1329.7,1329.7,1329.7,1329.7,2
1184,2017-10-26,1320.3,1319.5,1319.8,1317.3,3
1185,2017-10-27,1322.0,1318.9,1320.1,1318.9,4
1186,2017-10-30,1327.8,1327.8,1327.8,1327.8,0
1187,2017-10-31,1320.6,1320.6,1320.6,1320.6,1
1188,2017-11-01,1327.5,1327.5,1327.5,1327.5,2
1189,2017-11-02,1328.3,1328.3,1328.3,1328.3,3
1190,2017-11-03,1319.8,1319.8,1319.8,1319.8,4
1191,2017-11-06,1332.4,1332.4,1332.4,1332.4,0
1192,2017-11-07,1326.5,1326.5,1326.5,1326.5,1
1193,2017-11-08,1334.9,1334.9,1334.9,1334.9,2
1194,2017-11-09,1339.4,1339.4,1339.4,1339.4,3
1195,2017-11-10,1327.1,1329.6,1329.6,1329.6,4
1196,2017-11-13,1332.5,1332.5,1332.5,1332.5,0
1197,2017-11-14,1336.3,1335.7,1335.7,1335.7,1
1198,2017-11-15,1330.8,1330.8,1330.8,1330.8,2
1199,2017-11-16,1331.5,1331.5,1331.5,1331.5,3
1200,2017-11-17,1350.1,1350.1,1350.1,1350.1,4
1201,2017-11-20,1329.4,1343.9,1345.3,1334.4,0
1202,2017-11-21,1336.5,1336.5,1336.5,1336.5,1
1203,2017-11-22,1347.1,1336.5,1348.6,1336.5,2
1204,2017-11-23,1291.66,1291.19,1293.87,1287.65,3
1205,2017-11-24,1342.3,1342.3,1342.3,1342.3,4
1206,2017-11-27,1349.4,1348.0,1348.0,1348.0,0
1207,2017-11-28,1349.7,1349.7,1349.7,1349.7,1
1208,2017-11-29,1337.1,1342.0,1342.0,1342.0,2
1209,2017-11-30,1328.0,1328.0,1328.0,1328.0,3
1210,2017-12-01,1333.5,1333.5,1333.5,1333.5,4
1211,2017-12-04,1328.7,1328.7,1328.7,1328.7,0
1212,2017-12-05,1315.8,1320.9,1320.9,1316.1,1
1213,2017-12-06,1316.9,1316.2,1316.2,1316.2,2
1214,2017-12-07,1303.7,1317.1,1317.1,1304.5,3
1215,2017-12-08,1298.8,1301.5,1301.5,1298.1,4
1216,2017-12-11,1297.5,1298.6,1298.6,1293.4,0
1217,2017-12-12,1292.6,1296.7,1296.8,1289.4,1
1218,2017-12-13,1299.4,1299.4,1299.4,1299.4,2
1219,2017-12-14,1307.9,1305.6,1309.6,1303.4,3
1220,2017-12-15,1308.1,1312.1,1312.1,1310.0,4
1221,2017-12-18,1316.3,1311.9,1312.6,1311.9,0
1222,2017-12-19,1315.5,1315.5,1315.5,1315.5,1
1223,2017-12-20,1321.1,1317.9,1321.8,1317.9,2
1224,2017-12-21,1322.0,1319.5,1319.5,1319.5,3
1225,2017-12-22,1330.5,1322.0,1329.1,1322.0,4
1226,2017-12-25,1277.9,1278.9,1279.5,1277.9,0
1227,2017-12-26,1339.2,1337.0,1337.9,1337.0,1
1228,2017-12-27,1343.0,1341.0,1341.0,1341.0,2
1229,2017-12-28,1350.1,1346.0,1346.4,1343.3,3
1230,2017-12-29,1362.6,1362.6,1362.6,1362.6,4
1231,2018-01-01,1308.7,1305.8,1309.7,1304.6,0
1232,2018-01-02,1370.5,1370.5,1370.5,1370.5,1
1233,2018-01-03,1374.2,1372.0,1372.0,1369.0,2
1234,2018-01-04,1377.4,1363.4,1375.6,1362.7,3
1235,2018-01-05,1378.4,1377.8,1377.8,1377.8,4
1236,2018-01-08,1376.8,1376.8,1376.8,1376.8,0
1237,2018-01-09,1370.0,1368.1,1368.1,1368.1,1
1238,2018-01-10,1377.0,1377.0,1377.0,1377.0,2
1239,2018-01-11,1380.1,1380.1,1380.1,1380.1,3
1240,2018-01-12,1394.4,1394.4,1394.4,1394.4,4
1241,2018-01-14,1337.4,1337.7,1338.6,1336.4,6
1242,2018-01-15,1341.8,1337.3,1344.9,1337.0,0
1243,2018-01-16,1396.8,1391.0,1391.3,1391.0,1
1244,2018-01-17,1399.7,1399.7,1399.7,1399.7,2
1245,2018-01-18,1387.4,1387.4,1387.4,1387.4,3
1246,2018-01-19,1394.3,1394.3,1394.3,1394.3,4
1247,2018-01-22,1394.0,1394.0,1394.0,1394.0,0
1248,2018-01-23,1398.2,1398.2,1398.2,1398.2,1
1249,2018-01-24,1419.1,1419.1,1419.1,1419.1,2
1250,2018-01-25,1425.9,1418.8,1418.8,1418.8,3
1251,2018-01-26,1416.0,1414.0,1416.5,1414.0,4
1252,2018-01-29,1403.6,1412.0,1412.0,1403.0,0
1253,2018-01-30,1398.5,1398.5,1398.5,1398.5,1
1254,2018-01-31,1401.7,1405.8,1407.5,1405.8,2
1255,2018-02-01,1406.7,1406.7,1406.7,1406.7,3
1256,2018-02-02,1396.2,1396.2,1396.2,1396.2,4
1257,2018-02-05,1394.5,1394.5,1394.5,1394.5,0
1258,2018-02-06,1387.0,1405.2,1405.2,1385.0,1
1259,2018-02-07,1372.3,1374.0,1374.0,1374.0,2
1260,2018-02-08,1376.4,1376.0,1377.0,1375.0,3
1261,2018-02-09,1372.3,1372.7,1372.7,1372.7,4
1262,2018-02-12,1383.1,1383.1,1383.1,1383.1,0
1263,2018-02-13,1387.0,1389.2,1389.2,1389.1,1
1264,2018-02-14,1415.1,1397.0,1397.0,1397.0,2
1265,2018-02-15,1413.7,1412.0,1412.0,1412.0,3
1266,2018-02-16,1415.0,1415.0,1415.0,1415.0,4
1267,2018-02-18,1350.5,1349.7,1352.4,1349.7,6
1268,2018-02-19,1347.8,1350.4,1353.9,1347.4,0
1269,2018-02-20,1390.1,1404.8,1404.8,1392.2,1
1270,2018-02-21,1392.3,1390.7,1394.0,1388.8,2
1271,2018-02-22,1393.1,1387.4,1392.8,1383.1,3
1272,2018-02-23,1390.7,1390.7,1390.7,1390.7,4
1273,2018-02-26,1394.8,1394.8,1394.8,1394.8,0
1274,2018-02-27,1381.3,1385.8,1385.8,1378.4,1
1275,2018-02-28,1380.8,1382.0,1382.0,1382.0,2
1276,2018-03-01,1367.6,1377.5,1377.5,1365.8,3
1277,2018-03-02,1385.8,1378.0,1378.0,1378.0,4
1278,2018-03-05,1382.1,1382.1,1382.1,1382.1,0
1279,2018-03-06,1397.5,1399.9,1399.9,1399.9,1
1280,2018-03-07,1389.5,1389.5,1389.5,1389.5,2
1281,2018-03-08,1384.0,1381.5,1381.5,1381.5,3
1282,2018-03-09,1386.9,1386.9,1386.9,1386.9,4
1283,2018-03-12,1383.7,1381.4,1381.4,1381.4,0
1284,2018-03-13,1390.3,1390.3,1390.3,1390.3,1
1285,2018-03-14,1388.6,1388.6,1388.6,1388.6,2
1286,2018-03-15,1380.6,1381.7,1381.7,1381.7,3
1287,2018-03-16,1375.2,1375.2,1375.2,1375.2,4
1288,2018-03-19,1380.6,1380.6,1380.6,1380.6,0
1289,2018-03-20,1375.1,1375.1,1375.1,1375.1,1
1290,2018-03-21,1385.5,1385.5,1385.5,1385.5,2
1291,2018-03-22,1391.1,1391.1,1391.1,1391.1,3
1292,2018-03-23,1413.9,1403.5,1412.3,1403.5,4
1293,2018-03-26,1419.9,1420.3,1420.5,1418.9,0
1294,2018-03-27,1406.7,1413.0,1413.0,1407.1,1
1295,2018-03-28,1387.8,1399.0,1399.0,1389.5,2
1296,2018-03-29,1384.9,1384.3,1384.3,1384.1,3
1297,2018-04-02,1404.7,1404.7,1404.7,1404.7,0
1298,2018-04-03,1395.4,1392.0,1392.0,1392.0,1
1299,2018-04-04,1398.6,1398.6,1398.6,1398.6,2
1300,2018-04-05,1387.0,1387.0,1387.0,1387.0,3
1301,2018-04-06,1394.8,1394.0,1394.2,1393.6,4
1302,2018-04-09,1398.5,1398.8,1398.8,1398.8,0
1303,2018-04-10,1404.4,1404.4,1404.4,1404.4,1
1304,2018-04-11,1418.9,1418.9,1418.9,1418.9,2
1305,2018-04-12,1400.3,1400.3,1400.3,1400.3,3
1306,2018-04-13,1406.6,1406.6,1406.6,1406.6,4
1307,2018-04-16,1409.3,1409.3,1409.3,1409.3,0
1308,2018-04-17,1408.0,1410.7,1410.7,1410.7,1
1309,2018-04-18,1412.2,1412.2,1412.2,1412.2,2
1310,2018-04-19,1407.5,1405.6,1405.8,1405.6,3
1311,2018-04-20,1396.9,1402.8,1402.8,1396.5,4
1312,2018-04-23,1382.7,1395.1,1395.1,1383.6,0
1313,2018-04-24,1391.8,1384.6,1393.0,1384.6,1
1314,2018-04-25,1381.6,1383.4,1383.4,1383.4,2
1315,2018-04-26,1376.7,1378.8,1378.8,1378.8,3
1316,2018-04-27,1382.3,1382.3,1382.3,1382.3,4
1317,2018-04-30,1377.8,1380.0,1380.0,1380.0,0
1318,2018-05-01,1365.1,1370.0,1370.0,1365.2,1
1319,2018-05-02,1364.0,1370.0,1370.0,1364.0,2
1320,2018-05-03,1371.1,1370.0,1374.2,1370.0,3
1321,2018-05-04,1373.4,1370.0,1373.6,1370.0,4
1322,2018-05-07,1372.9,1376.2,1377.2,1369.6,0
1323,2018-05-08,1372.5,1365.5,1365.5,1365.5,1
1324,2018-05-09,1371.7,1374.1,1375.1,1370.4,2
1325,2018-05-10,1380.8,1373.2,1376.7,1372.7,3
1326,2018-05-11,1379.1,1379.1,1379.1,1379.1,4
1327,2018-05-14,1376.6,1376.6,1376.6,1376.6,0
1328,2018-05-15,1348.5,1366.3,1366.3,1349.0,1
1329,2018-05-16,1350.1,1352.8,1352.8,1347.0,2
1330,2018-05-17,1347.9,1351.1,1351.1,1347.0,3
1331,2018-05-18,1349.2,1344.4,1349.0,1344.4,4
1332,2018-05-21,1349.0,1342.0,1345.1,1342.0,0
1333,2018-05-22,1350.0,1350.0,1350.0,1350.0,1
1334,2018-05-23,1347.4,1347.0,1347.0,1347.0,2
1335,2018-05-24,1362.4,1362.4,1362.4,1362.4,3
1336,2018-05-25,1361.4,1360.2,1361.8,1360.2,4
1337,2018-05-27,1298.3,1299.8,1299.9,1296.1,6
1338,2018-05-28,1297.6,1298.4,1299.7,1294.7,0
1339,2018-05-29,1354.6,1361.5,1362.4,1353.0,1
1340,2018-05-30,1357.6,1355.0,1356.4,1355.0,2
1341,2018-05-31,1355.9,1357.4,1357.4,1355.3,3
1342,2018-06-01,1350.9,1350.9,1350.9,1350.9,4
1343,2018-06-04,1349.4,1349.4,1349.4,1349.4,0
1344,2018-06-05,1354.1,1349.5,1355.1,1349.5,1
1345,2018-06-06,1353.5,1356.6,1356.6,1352.4,2
1346,2018-06-07,1354.4,1354.4,1355.2,1354.2,3
1347,2018-06-08,1354.4,1355.3,1355.3,1355.3,4
1348,2018-06-11,1355.5,1356.3,1356.3,1356.3,0
1349,2018-06-12,1351.8,1353.5,1353.5,1353.5,1
1350,2018-06-13,1353.5,1353.5,1353.5,1353.5,2
1351,2018-06-14,1360.6,1360.6,1360.6,1360.6,3
1352,2018-06-15,1329.3,1342.7,1342.7,1342.7,4
1353,2018-06-18,1331.1,1331.9,1331.9,1331.9,0
1354,2018-06-19,1329.2,1327.9,1327.9,1327.9,1
1355,2018-06-20,1325.3,1328.1,1328.1,1323.0,2
1356,2018-06-21,1321.0,1315.1,1321.5,1315.1,3
1357,2018-06-22,1321.3,1320.5,1320.5,1320.0,4
1358,2018-06-25,1319.2,1320.2,1320.2,1317.2,0
1359,2018-06-26,1309.6,1314.0,1314.0,1309.4,1
1360,2018-06-27,1305.7,1307.8,1307.8,1304.5,2
1361,2018-06-28,1300.2,1301.1,1301.1,1301.1,3
1362,2018-06-29,1303.9,1302.0,1304.1,1299.5,4
1363,2018-07-02,1289.9,1300.0,1300.0,1300.0,0
1364,2018-07-03,1302.4,1288.5,1305.1,1288.5,1
1365,2018-07-04,1258.1,1256.2,1262.4,1255.3,2
1366,2018-07-05,1307.6,1307.9,1307.9,1305.4,3
1367,2018-07-06,1304.8,1305.5,1305.5,1305.5,4
1368,2018-07-09,1309.0,1303.5,1313.5,1303.5,0
1369,2018-07-10,1305.1,1310.1,1310.1,1304.1,1
1370,2018-07-11,1293.3,1290.7,1290.7,1290.7,2
1371,2018-07-12,1295.4,1292.4,1295.4,1291.5,3
1372,2018-07-13,1289.7,1290.0,1290.1,1287.9,4
1373,2018-07-16,1288.2,1289.9,1289.9,1288.9,0
1374,2018-07-17,1275.3,1288.3,1292.4,1276.1,1
1375,2018-07-18,1275.7,1271.1,1272.1,1268.9,2
1376,2018-07-19,1271.1,1265.9,1265.9,1262.9,3
1377,2018-07-20,1277.5,1264.6,1278.0,1264.6,4
1378,2018-07-23,1271.4,1278.5,1278.5,1270.3,0
1379,2018-07-24,1271.5,1270.0,1272.0,1265.9,1
1380,2018-07-25,1277.4,1275.8,1278.5,1275.0,2
1381,2018-07-26,1271.8,1271.8,1271.8,1271.8,3
1382,2018-07-27,1269.3,1265.1,1270.1,1265.1,4
1383,2018-07-30,1268.0,1268.3,1268.3,1268.3,0
1384,2018-07-31,1270.1,1268.1,1272.0,1260.0,1
1385,2018-08-01,1264.3,1263.4,1263.4,1261.9,2
1386,2018-08-02,1256.5,1262.8,1263.4,1253.5,3
1387,2018-08-03,1259.7,1249.5,1264.5,1249.5,4
1388,2018-08-06,1254.1,1260.1,1260.1,1254.0,0
1389,2018-08-07,1254.7,1257.5,1259.6,1255.5,1
1390,2018-08-08,1257.3,1256.8,1256.8,1256.8,2
1391,2018-08-09,1256.3,1256.3,1256.3,1256.3,3
1392,2018-08-10,1255.1,1251.0,1260.0,1251.0,4
1393,2018-08-13,1234.6,1251.5,1251.5,1236.2,0
1394,2018-08-14,1236.4,1236.7,1237.6,1236.4,1
1395,2018-08-15,1220.2,1230.0,1230.2,1217.1,2
1396,2018-08-16,1219.2,1211.1,1223.1,1208.6,3
1397,2018-08-17,1219.3,1214.3,1226.0,1214.3,4
1398,2018-08-20,1229.6,1227.9,1231.6,1227.3,0
1399,2018-08-21,1234.9,1236.0,1237.3,1231.6,1
1400,2018-08-22,1238.2,1239.2,1239.2,1237.4,2
1401,2018-08-23,1228.4,1229.3,1233.4,1228.0,3
1402,2018-08-24,1248.2,1228.6,1249.2,1228.6,4
1403,2018-08-27,1251.2,1245.2,1252.9,1245.2,0
1404,2018-08-28,1249.6,1247.9,1247.9,1242.5,1
1405,2018-08-29,1246.5,1242.8,1246.8,1242.8,2
1406,2018-08-30,1239.5,1243.0,1243.3,1237.4,3
1407,2018-08-31,1241.1,1243.8,1247.9,1241.6,4
1408,2018-09-02,1204.9,1206.2,1206.6,1204.5,6
1409,2018-09-03,1206.3,1204.9,1209.6,1201.3,0
1410,2018-09-04,1233.6,1241.0,1243.2,1230.3,1
1411,2018-09-05,1236.0,1234.4,1237.3,1233.7,2
1412,2018-09-06,1239.1,1242.5,1246.5,1237.8,3
1413,2018-09-07,1235.5,1240.6,1241.5,1235.8,4
1414,2018-09-10,1235.0,1233.7,1237.2,1233.5,0
1415,2018-09-11,1237.6,1234.8,1239.5,1230.0,1
1416,2018-09-12,1246.6,1238.0,1247.0,1235.7,2
1417,2018-09-13,1243.8,1246.4,1252.5,1242.1,3
1418,2018-09-14,1236.6,1244.0,1247.7,1234.8,4
1419,2018-09-17,1241.2,1236.7,1244.7,1236.7,0
1420,2018-09-18,1238.3,1238.2,1241.2,1238.2,1
1421,2018-09-19,1244.1,1240.0,1246.3,1240.0,2
1422,2018-09-20,1247.0,1243.1,1248.2,1241.9,3
1423,2018-09-21,1236.9,1249.7,1250.3,1231.9,4
1424,2018-09-24,1240.0,1237.7,1243.5,1237.7,0
1425,2018-09-25,1240.8,1240.8,1240.8,1240.8,1
1426,2018-09-26,1234.4,1239.7,1239.7,1231.0,2
1427,2018-09-27,1222.4,1236.1,1236.1,1221.8,3
1428,2018-09-28,1231.3,1222.9,1232.0,1220.7,4
1429,2018-10-01,1227.0,1225.2,1228.8,1223.8,0
1430,2018-10-02,1242.7,1228.1,1247.3,1228.1,1
1431,2018-10-03,1238.7,1245.2,1245.2,1237.9,2
1432,2018-10-04,1237.5,1239.0,1242.9,1239.0,3
1433,2018-10-05,1242.2,1238.1,1244.6,1238.1,4
1434,2018-10-08,1224.9,1230.0,1230.0,1223.6,0
1435,2018-10-09,1227.8,1230.1,1231.3,1224.9,1
1436,2018-10-10,1229.4,1228.8,1233.0,1227.0,2
1437,2018-10-11,1264.0,1233.2,1265.7,1231.2,3
1438,2018-10-12,1258.1,1259.4,1261.4,1256.7,4
1439,2018-10-15,1266.9,1258.9,1272.9,1258.9,0
1440,2018-10-16,1267.3,1269.4,1269.4,1268.4,1
1441,2018-10-17,1263.4,1260.4,1268.6,1260.4,2
1442,2018-10-18,1266.6,1262.7,1267.3,1261.3,3
1443,2018-10-19,1265.3,1268.5,1268.5,1265.5,4
1444,2018-10-22,1261.3,1266.9,1266.9,1259.7,0
1445,2018-10-23,1273.5,1269.9,1276.4,1269.9,1
1446,2018-10-24,1267.6,1271.8,1271.8,1269.5,2
1447,2018-10-25,1269.0,1276.5,1277.5,1267.7,3
1448,2018-10-26,1272.3,1270.7,1281.3,1270.0,4
1449,2018-10-29,1263.7,1272.2,1272.2,1263.9,0
1450,2018-10-30,1261.5,1263.7,1263.7,1257.4,1
1451,2018-10-31,1250.8,1260.4,1260.4,1250.0,2
1452,2018-11-01,1274.8,1255.3,1272.0,1255.3,3
1453,2018-11-02,1269.9,1271.0,1273.9,1268.4,4
1454,2018-11-05,1269.0,1269.9,1270.8,1266.5,0
1455,2018-11-06,1263.0,1273.5,1273.5,1262.9,1
1456,2018-11-07,1265.4,1265.3,1273.0,1262.0,2
1457,2018-11-08,1262.0,1262.7,1263.7,1258.0,3
1458,2018-11-09,1245.0,1252.7,1252.7,1243.9,4
1459,2018-11-12,1239.6,1243.4,1244.4,1237.7,0
1460,2018-11-13,1237.5,1239.7,1240.8,1232.5,1
1461,2018-11-14,1246.2,1234.2,1251.3,1234.0,2
1462,2018-11-15,1251.7,1249.6,1252.3,1245.5,3
1463,2018-11-16,1259.0,1253.3,1260.6,1253.3,4
1464,2018-11-19,1261.6,1257.6,1261.0,1257.0,0
1465,2018-11-20,1257.5,1261.9,1262.6,1258.2,1
1466,2018-11-21,1264.7,1261.3,1265.4,1260.6,2
1467,2018-11-22,1228.0,1226.4,1229.7,1225.5,3
1468,2018-11-23,1260.0,1265.2,1265.5,1257.8,4
1469,2018-11-26,1259.7,1260.1,1263.9,1259.4,0
1470,2018-11-27,1250.4,1258.0,1260.0,1248.9,1
1471,2018-11-28,1260.2,1250.9,1261.3,1247.7,2
1472,2018-11-29,1260.8,1261.1,1264.1,1259.0,3
1473,2018-11-30,1256.5,1257.4,1257.7,1255.3,4
1474,2018-12-03,1270.2,1260.6,1271.0,1260.3,0
1475,2018-12-04,1277.4,1271.0,1277.5,1271.0,1
1476,2018-12-05,1273.4,1273.5,1273.5,1269.7,2
1477,2018-12-06,1274.3,1273.0,1279.2,1271.2,3
1478,2018-12-07,1283.6,1273.6,1286.6,1273.5,4
1479,2018-12-10,1280.0,1283.8,1283.8,1279.6,0
1480,2018-12-11,1278.1,1279.8,1285.0,1277.1,1
1481,2018-12-12,1281.0,1280.0,1282.6,1279.8,2
1482,2018-12-13,1278.4,1281.2,1281.9,1276.9,3
1483,2018-12-14,1272.2,1277.1,1277.1,1267.5,4
1484,2018-12-17,1282.6,1271.4,1282.0,1270.2,0
1485,2018-12-18,1284.0,1282.7,1284.6,1280.7,1
1486,2018-12-19,1286.8,1283.9,1289.4,1276.1,2
1487,2018-12-20,1298.6,1279.3,1300.0,1279.2,3
1488,2018-12-21,1288.6,1295.5,1295.5,1287.9,4
1489,2018-12-24,1302.4,1292.5,1303.8,1292.5,0
1490,2018-12-25,1270.75,1272.5,1274.55,1270.65,1
1491,2018-12-26,1303.7,1299.0,1312.8,1298.7,2
1492,2018-12-27,1311.9,1304.0,1312.3,1300.3,3
1493,2018-12-28,1313.7,1311.0,1313.9,1309.2,4
1494,2018-12-31,1312.5,1313.0,1317.1,1311.0,0
1495,2019-01-01,1283.35,1284.7,1284.75,1282.85,1
1496,2019-01-02,1315.3,1319.9,1320.6,1315.0,2
1497,2019-01-03,1326.1,1318.7,1327.0,1318.7,3
1498,2019-01-04,1317.4,1328.0,1330.8,1309.6,4
1499,2019-01-07,1321.5,1317.6,1326.8,1317.6,0
1500,2019-01-08,1317.4,1321.6,1321.6,1312.9,1
1501,2019-01-09,1323.5,1314.3,1326.0,1312.4,2
1502,2019-01-10,1319.2,1325.0,1328.0,1319.1,3
1503,2019-01-11,1321.3,1319.3,1325.8,1319.0,4
1504,2019-01-14,1323.3,1323.1,1327.1,1321.0,0
1505,2019-01-15,1319.7,1324.7,1326.0,1318.1,1
1506,2019-01-16,1325.1,1321.3,1326.0,1321.3,2
1507,2019-01-17,1323.6,1323.5,1323.5,1319.9,3
1508,2019-01-18,1313.8,1322.0,1322.1,1312.0,4
1509,2019-01-20,1282.05,1281.3,1282.7,1280.5,6
1510,2019-01-21,1279.05,1281.95,1282.95,1276.15,0
1511,2019-01-22,1314.2,1311.1,1315.8,1308.0,1
1512,2019-01-23,1315.2,1315.0,1316.3,1309.9,2
1513,2019-01-24,1310.8,1314.0,1314.0,1308.5,3
1514,2019-01-25,1329.1,1313.1,1333.2,1312.3,4
1515,2019-01-28,1334.5,1331.9,1334.7,1329.3,0
1516,2019-01-29,1340.2,1334.2,1341.7,1333.1,1
1517,2019-01-30,1340.5,1341.3,1353.2,1340.2,2
1518,2019-01-31,1350.0,1350.6,1354.6,1347.0,3
1519,2019-02-01,1347.1,1349.8,1352.2,1345.9,4
1520,2019-02-04,1344.3,1346.4,1346.4,1338.0,0
1521,2019-02-05,1344.6,1343.4,1345.7,1340.8,1
1522,2019-02-06,1339.7,1344.9,1344.9,1335.0,2
1523,2019-02-07,1339.4,1335.6,1340.7,1332.0,3
1524,2019-02-08,1343.7,1337.9,1344.2,1337.9,4
1525,2019-02-11,1337.0,1342.5,1342.7,1333.0,0
1526,2019-02-12,1338.9,1337.0,1342.1,1336.8,1
1527,2019-02-13,1340.1,1338.6,1345.2,1333.2,2
1528,2019-02-14,1338.7,1337.0,1342.0,1329.9,3
1529,2019-02-15,1346.8,1340.4,1350.0,1340.4,4
1530,2019-02-17,1324.25,1324.65,1324.95,1323.85,6
1531,2019-02-18,1329.55,1324.35,1330.75,1324.05,0
1532,2019-02-19,1369.6,1349.5,1369.6,1349.0,1
1533,2019-02-20,1372.5,1371.3,1374.3,1366.3,2
1534,2019-02-21,1352.4,1367.9,1368.4,1351.2,3
1535,2019-02-22,1357.6,1351.3,1359.8,1349.1,4
1536,2019-02-25,1354.2,1357.8,1359.0,1352.4,0
1537,2019-02-26,1353.4,1356.1,1357.0,1350.7,1
1538,2019-02-27,1346.0,1356.0,1356.0,1344.3,2
1539,2019-02-28,1341.0,1347.6,1353.4,1338.9,3
1540,2019-03-01,1323.8,1339.1,1340.6,1316.3,4
1541,2019-03-04,1311.9,1320.6,1322.3,1308.4,0
1542,2019-03-05,1309.1,1311.8,1314.1,1306.9,1
1543,2019-03-06,1312.2,1314.0,1316.1,1309.6,2
1544,2019-03-07,1310.7,1312.4,1312.9,1306.7,3
1545,2019-03-08,1324.3,1312.3,1325.7,1312.3,4
1546,2019-03-11,1315.7,1323.5,1323.5,1315.4,0
1547,2019-03-12,1322.4,1319.1,1326.3,1319.0,1
1548,2019-03-13,1333.8,1327.2,1336.0,1327.2,2
1549,2019-03-14,1319.4,1332.1,1332.1,1317.2,3
1550,2019-03-15,1327.1,1320.3,1330.1,1320.0,4
1551,2019-03-18,1325.8,1323.1,1330.4,1323.0,0
1552,2019-03-19,1330.9,1328.0,1334.7,1328.0,1
1553,2019-03-20,1325.8,1330.9,1341.1,1323.0,2
1554,2019-03-21,1331.6,1338.0,1344.2,1327.8,3
1555,2019-03-22,1336.5,1333.0,1338.8,1331.7,4
1556,2019-03-25,1346.7,1335.3,1348.4,1335.3,0
1557,2019-03-26,1339.2,1345.2,1345.6,1336.6,1
1558,2019-03-27,1334.7,1341.1,1342.8,1331.8,2
1559,2019-03-28,1313.3,1332.5,1334.7,1311.4,3
1560,2019-03-29,1316.5,1314.0,1322.3,1310.0,4
1561,2019-04-01,1312.4,1314.4,1319.3,1309.5,0
1562,2019-04-02,1313.4,1310.7,1314.7,1308.0,1
1563,2019-04-03,1313.3,1314.0,1316.6,1310.6,2
1564,2019-04-04,1312.2,1313.1,1316.4,1302.8,3
1565,2019-04-05,1313.7,1315.0,1315.0,1306.6,4
1566,2019-04-08,1319.9,1313.7,1325.4,1313.7,0
1567,2019-04-09,1326.3,1320.0,1328.3,1320.0,1
1568,2019-04-10,1331.9,1326.5,1332.2,1322.8,2
1569,2019-04-11,1311.3,1329.2,1329.2,1311.0,3
1570,2019-04-12,1313.4,1314.2,1316.9,1312.1,4
1571,2019-04-15,1309.4,1312.3,1312.3,1303.6,0
1572,2019-04-16,1295.2,1309.5,1309.5,1293.9,1
1573,2019-04-17,1294.7,1297.4,1299.6,1293.5,2
1574,2019-04-18,1294.1,1293.7,1296.9,1291.0,3
1575,2019-04-19,1277.9,1277.9,1277.9,1277.9,4
1576,2019-04-22,1295.8,1295.8,1299.5,1294.1,0
1577,2019-04-23,1291.2,1295.2,1296.2,1286.0,1
1578,2019-04-24,1297.4,1290.3,1298.4,1289.1,2
1579,2019-04-25,1297.7,1294.2,1302.5,1293.5,3
1580,2019-04-26,1306.8,1298.0,1308.7,1296.9,4
1581,2019-04-29,1299.4,1306.4,1306.4,1298.0,0
1582,2019-04-30,1303.6,1299.8,1305.9,1299.6,1
1583,2019-05-01,1302.2,1302.3,1307.0,1292.9,2
1584,2019-05-02,1289.9,1297.0,1297.2,1285.1,3
1585,2019-05-03,1299.2,1289.6,1301.7,1288.5,4
1586,2019-05-06,1301.8,1302.0,1305.0,1296.3,0
1587,2019-05-07,1303.6,1300.7,1305.3,1297.2,1
1588,2019-05-08,1299.5,1303.5,1310.2,1298.4,2
1589,2019-05-09,1303.2,1300.5,1307.0,1298.6,3
1590,2019-05-10,1305.3,1303.2,1308.0,1302.0,4
1591,2019-05-13,1319.5,1306.0,1319.8,1300.3,0
1592,2019-05-14,1313.6,1318.7,1321.7,1312.0,1
1593,2019-05-15,1315.1,1315.0,1318.7,1310.8,2
1594,2019-05-16,1303.5,1314.5,1316.2,1301.9,3
1595,2019-05-17,1293.0,1304.1,1305.9,1292.0,4
1596,2019-05-20,1294.6,1294.7,1295.8,1291.1,0
1597,2019-05-21,1290.4,1293.7,1293.8,1286.3,1
1598,2019-05-22,1291.4,1291.2,1293.7,1289.2,2
1599,2019-05-23,1302.7,1290.2,1304.2,1289.9,3
1600,2019-05-24,1301.0,1300.4,1302.0,1297.4,4
1601,2019-05-26,1284.15,1284.2,1285.15,1283.65,6
1602,2019-05-27,1284.95,1284.25,1286.85,1283.25,0
1603,2019-05-28,1294.3,1301.8,1304.0,1292.9,1
1604,2019-05-29,1297.9,1295.9,1302.0,1295.9,2
1605,2019-05-30,1304.1,1296.2,1305.2,1290.8,3
1606,2019-05-31,1322.6,1304.4,1323.0,1304.2,4
1607,2019-06-03,1339.3,1323.1,1344.1,1322.7,0
1608,2019-06-04,1340.1,1340.9,1345.2,1336.1,1
1609,2019-06-05,1344.9,1341.0,1360.1,1341.0,2
1610,2019-06-06,1354.0,1348.0,1355.3,1343.5,3
1611,2019-06-07,1357.4,1351.4,1363.8,1345.8,4
1612,2019-06-10,1340.7,1351.4,1353.0,1340.3,0
1613,2019-06-11,1342.7,1343.5,1344.7,1335.1,1
1614,2019-06-12,1348.2,1342.3,1353.6,1341.5,2
1615,2019-06-13,1355.1,1349.0,1358.0,1347.6,3
1616,2019-06-14,1355.9,1357.6,1373.6,1352.8,4
1617,2019-06-17,1354.2,1357.1,1358.2,1348.2,0
1618,2019-06-18,1362.1,1354.7,1369.6,1353.7,1
1619,2019-06-19,1360.1,1361.4,1377.6,1356.5,2
1620,2019-06-20,1408.3,1375.2,1408.9,1373.3,3
1621,2019-06-21,1411.2,1403.5,1425.5,1398.0,4
1622,2019-06-24,1429.5,1414.7,1435.9,1414.7,0
1623,2019-06-25,1430.1,1433.2,1453.7,1427.0,1
1624,2019-06-26,1426.8,1438.0,1438.0,1416.4,2
1625,2019-06-27,1423.4,1423.6,1426.0,1412.7,3
1626,2019-06-28,1425.1,1424.4,1439.1,1420.1,4
1627,2019-07-01,1400.8,1418.0,1418.0,1396.4,0
1628,2019-07-02,1419.8,1399.5,1435.0,1398.8,1
1629,2019-07-03,1432.9,1435.5,1452.6,1426.6,2
1630,2019-07-04,1423.55,1421.25,1426.65,1412.85,3
1631,2019-07-05,1412.1,1434.1,1437.5,1400.7,4
1632,2019-07-08,1412.2,1412.4,1421.5,1406.0,0
1633,2019-07-09,1412.8,1409.8,1414.1,1399.8,1
1634,2019-07-10,1424.9,1412.2,1433.3,1404.4,2
1635,2019-07-11,1419.3,1433.4,1441.3,1415.5,3
1636,2019-07-12,1424.8,1418.4,1431.4,1417.2,4
1637,2019-07-15,1426.1,1429.0,1433.9,1421.9,0
1638,2019-07-16,1423.6,1428.8,1432.4,1415.0,1
1639,2019-07-17,1435.9,1420.6,1440.8,1413.7,2
1640,2019-07-18,1440.8,1441.0,1462.3,1428.1,3
1641,2019-07-19,1439.4,1460.4,1467.0,1434.0,4
1642,2019-07-22,1439.7,1441.7,1443.5,1435.7,0
1643,2019-07-23,1434.5,1438.4,1444.0,1427.5,1
1644,2019-07-24,1436.5,1431.0,1442.9,1429.4,2
1645,2019-07-25,1427.5,1439.3,1447.0,1423.9,3
1646,2019-07-26,1432.2,1427.4,1437.6,1425.6,4
1647,2019-07-29,1433.3,1431.9,1440.8,1427.5,0
1648,2019-07-30,1441.8,1439.5,1445.7,1434.8,1
1649,2019-07-31,1437.8,1443.7,1447.8,1422.3,2
1650,2019-08-01,1432.4,1425.6,1458.2,1412.1,3
1651,2019-08-02,1457.5,1457.5,1461.9,1442.5,4
1652,2019-08-05,1476.5,1451.2,1481.8,1448.8,0
1653,2019-08-06,1484.2,1481.1,1486.8,1468.2,1
1654,2019-08-07,1519.6,1486.7,1522.7,1484.3,2
1655,2019-08-08,1509.5,1512.1,1521.3,1501.6,3
1656,2019-08-09,1508.5,1515.9,1521.1,1506.2,4
1657,2019-08-12,1517.2,1509.2,1531.5,1498.6,0
1658,2019-08-13,1514.1,1522.3,1546.1,1488.9,1
1659,2019-08-14,1527.8,1513.0,1534.9,1504.5,2
1660,2019-08-15,1531.2,1526.6,1537.7,1518.3,3
1661,2019-08-16,1523.6,1533.9,1538.6,1513.9,4
1662,2019-08-19,1511.6,1523.0,1523.6,1503.3,0
1663,2019-08-20,1515.7,1506.3,1518.8,1503.0,1
1664,2019-08-21,1515.7,1518.4,1518.4,1506.5,2
1665,2019-08-22,1508.5,1512.4,1514.6,1502.1,3
1666,2019-08-23,1537.6,1508.8,1540.3,1503.0,4
1667,2019-08-26,1537.2,1545.4,1565.0,1534.8,0
1668,2019-08-27,1551.8,1537.3,1554.5,1535.3,1
1669,2019-08-28,1549.1,1551.8,1556.6,1541.4,2
1670,2019-08-29,1536.9,1549.4,1559.8,1528.6,3
1671,2019-08-30,1529.4,1536.9,1541.9,1525.6,4
1672,2019-09-01,1538.05,1535.25,1542.9,1535.25,6
1673,2019-09-02,1535.15,1537.95,1540.05,1528.15,0
1674,2019-09-03,1555.9,1535.2,1558.9,1528.0,1
1675,2019-09-04,1560.4,1556.0,1566.2,1542.6,2
1676,2019-09-05,1525.5,1561.4,1561.9,1514.3,3
1677,2019-09-06,1515.5,1525.6,1536.2,1510.7,4
1678,2019-09-09,1511.1,1516.4,1523.8,1505.5,0
1679,2019-09-10,1499.2,1507.0,1509.1,1492.1,1
1680,2019-09-11,1503.2,1493.9,1506.2,1492.9,2
1681,2019-09-12,1507.4,1504.9,1532.2,1496.8,3
1682,2019-09-13,1499.5,1506.5,1516.6,1493.1,4
1683,2019-09-16,1511.5,1513.1,1519.7,1503.4,0
1684,2019-09-17,1513.4,1506.5,1515.0,1500.9,1
1685,2019-09-18,1515.8,1509.7,1519.5,1490.7,2
1686,2019-09-19,1506.2,1502.0,1512.1,1496.3,3
1687,2019-09-20,1515.1,1506.8,1524.5,1505.3,4
1688,2019-09-23,1531.5,1521.5,1534.4,1505.3,0
1689,2019-09-24,1540.2,1529.8,1543.3,1517.9,1
1690,2019-09-25,1512.3,1539.8,1543.3,1507.4,2
1691,2019-09-26,1515.2,1510.9,1542.8,1507.1,3
1692,2019-09-27,1506.4,1511.8,1519.5,1493.3,4
1693,2019-09-30,1472.9,1501.7,1507.2,1470.5,0
1694,2019-10-01,1489.0,1478.0,1493.5,1465.0,1
1695,2019-10-02,1507.9,1485.4,1511.4,1480.5,2
1696,2019-10-03,1513.8,1505.6,1525.8,1501.7,3
1697,2019-10-04,1512.9,1511.6,1522.2,1501.4,4
1698,2019-10-07,1504.4,1518.6,1518.8,1493.3,0
1699,2019-10-08,1503.9,1498.7,1515.3,1492.1,1
1700,2019-10-09,1512.8,1510.9,1518.0,1505.1,2
1701,2019-10-10,1500.9,1510.8,1522.3,1495.7,3
1702,2019-10-11,1488.7,1498.3,1508.0,1478.0,4
1703,2019-10-14,1497.6,1492.0,1501.5,1487.1,0
1704,2019-10-15,1483.5,1497.7,1503.0,1480.8,1
1705,2019-10-16,1494.0,1484.8,1495.5,1480.6,2
1706,2019-10-17,1498.3,1494.2,1501.1,1487.0,3
