,dt,x
0,2013-04-28,1467.4
1,2013-04-29,1467.4
2,2013-04-30,1472.2
3,2013-05-01,1446.3
4,2013-05-02,1467.7
5,2013-05-03,1464.3
6,2013-05-04,1464.3
7,2013-05-05,1464.3
8,2013-05-06,1468.1
9,2013-05-07,1449.0
10,2013-05-08,1473.9
11,2013-05-09,1468.8
12,2013-05-10,1436.8
13,2013-05-11,1436.8
14,2013-05-12,1436.8
15,2013-05-13,1434.5
16,2013-05-14,1424.7
17,2013-05-15,1396.5
18,2013-05-16,1387.1
19,2013-05-17,1364.9
20,2013-05-18,1364.9
21,2013-05-19,1364.9
22,2013-05-20,1384.3
23,2013-05-21,1377.8
24,2013-05-22,1367.6
25,2013-05-23,1392.0
26,2013-05-24,1386.8
27,2013-05-25,1386.8
28,2013-05-26,1386.8
29,2013-05-27,1395.95
30,2013-05-28,1379.1
31,2013-05-29,1391.3
32,2013-05-30,1411.5
33,2013-05-31,1392.6
34,2013-06-01,1392.6
35,2013-06-02,1392.6
36,2013-06-03,1411.7
37,2013-06-04,1397.1
38,2013-06-05,1398.4
39,2013-06-06,1415.7
40,2013-06-07,1383.0
41,2013-06-08,1383.0
42,2013-06-09,1383.0
43,2013-06-10,1386.2
44,2013-06-11,1377.0
45,2013-06-12,1391.8
46,2013-06-13,1377.6
47,2013-06-14,1387.3
48,2013-06-15,1387.3
49,2013-06-16,1387.3
50,2013-06-17,1382.8
51,2013-06-18,1366.6
52,2013-06-19,1373.6
53,2013-06-20,1285.9
54,2013-06-21,1291.6
55,2013-06-22,1291.6
56,2013-06-23,1291.6
57,2013-06-24,1276.8
58,2013-06-25,1274.8
59,2013-06-26,1229.6
60,2013-06-27,1360.2
61,2013-06-28,1374.9
62,2013-06-29,1374.9
63,2013-06-30,1374.9
64,2013-07-01,1407.8
65,2013-07-02,1393.9
66,2013-07-03,1403.9
67,2013-07-04,1247.05
68,2013-07-05,1374.2
69,2013-07-06,1374.2
70,2013-07-07,1374.2
71,2013-07-08,1394.3
72,2013-07-09,1403.3
73,2013-07-10,1405.7
74,2013-07-11,1435.4
75,2013-07-12,1433.6
76,2013-07-13,1433.6
77,2013-07-14,1433.6
78,2013-07-15,1437.9
79,2013-07-16,1442.7
80,2013-07-17,1426.3
81,2013-07-18,1433.1
82,2013-07-19,1440.3
83,2013-07-20,1440.3
84,2013-07-21,1440.3
85,2013-07-22,1485.2
86,2013-07-23,1483.4
87,2013-07-24,1472.0
88,2013-07-25,1483.4
89,2013-07-26,1471.7
90,2013-07-27,1471.7
91,2013-07-28,1471.7
92,2013-07-29,1482.2
93,2013-07-30,1476.3
94,2013-07-31,1468.6
95,2013-08-01,1468.5
96,2013-08-02,1463.0
97,2013-08-03,1463.0
98,2013-08-04,1463.0
99,2013-08-05,1456.4
100,2013-08-06,1435.4
101,2013-08-07,1437.3
102,2013-08-08,1462.2
103,2013-08-09,1465.4
104,2013-08-10,1465.4
105,2013-08-11,1465.4
106,2013-08-12,1488.2
107,2013-08-13,1480.0
108,2013-08-14,1492.0
109,2013-08-15,1523.1
110,2013-08-16,1539.5
111,2013-08-17,1539.5
112,2013-08-18,1539.5
113,2013-08-19,1535.3
114,2013-08-20,1540.5
115,2013-08-21,1540.3
116,2013-08-22,1550.3
117,2013-08-23,1575.6
118,2013-08-24,1575.6
119,2013-08-25,1575.6
120,2013-08-26,1570.7
121,2013-08-27,1596.0
122,2013-08-28,1597.0
123,2013-08-29,1590.3
124,2013-08-30,1573.0
125,2013-08-31,1573.0
126,2013-09-01,1573.0
127,2013-09-02,1393.7
128,2013-09-03,1592.0
129,2013-09-04,1570.3
130,2013-09-05,1559.2
131,2013-09-06,1571.4
132,2013-09-07,1571.4
133,2013-09-08,1571.4
134,2013-09-09,1568.5
135,2013-09-10,1547.1
136,2013-09-11,1546.8
137,2013-09-12,1507.8
138,2013-09-13,1485.7
139,2013-09-14,1485.7
140,2013-09-15,1485.7
141,2013-09-16,1490.1
142,2013-09-17,1482.3
143,2013-09-18,1482.3
144,2013-09-19,1541.9
145,2013-09-20,1497.7
146,2013-09-21,1497.7
147,2013-09-22,1497.7
148,2013-09-23,1490.4
149,2013-09-24,1473.9
150,2013-09-25,1494.4
151,2013-09-26,1483.4
152,2013-09-27,1497.3
153,2013-09-28,1497.3
154,2013-09-29,1497.3
155,2013-09-30,1485.4
156,2013-10-01,1442.3
157,2013-10-02,1477.1
158,2013-10-03,1472.0
159,2013-10-04,1466.1
160,2013-10-05,1466.1
161,2013-10-06,1466.1
162,2013-10-07,1480.4
163,2013-10-08,1480.4
164,2013-10-09,1461.6
165,2013-10-10,1451.9
166,2013-10-11,1419.9
167,2013-10-12,1419.9
168,2013-10-13,1419.9
169,2013-10-14,1429.3
170,2013-10-15,1425.2
171,2013-10-16,1434.0
172,2013-10-17,1473.5
173,2013-10-18,1464.8
174,2013-10-19,1464.8
175,2013-10-20,1464.8
176,2013-10-21,1462.9
177,2013-10-22,1484.3
178,2013-10-23,1469.5
179,2013-10-24,1485.9
180,2013-10-25,1486.2
181,2013-10-26,1486.2
182,2013-10-27,1486.2
183,2013-10-28,1485.5
184,2013-10-29,1478.5
185,2013-10-30,1480.4
186,2013-10-31,1453.9
187,2013-11-01,1444.7
188,2013-11-02,1444.7
189,2013-11-03,1444.7
190,2013-11-04,1446.4
191,2013-11-05,1442.0
192,2013-11-06,1449.5
193,2013-11-07,1438.3
194,2013-11-08,1419.2
195,2013-11-09,1419.2
196,2013-11-10,1419.2
197,2013-11-11,1415.2
198,2013-11-12,1406.7
199,2013-11-13,1401.3
200,2013-11-14,1415.9
201,2013-11-15,1416.9
202,2013-11-16,1416.9
203,2013-11-17,1416.9
204,2013-11-18,1400.0
205,2013-11-19,1401.1
206,2013-11-20,1385.4
207,2013-11-21,1369.1
208,2013-11-22,1370.3
209,2013-11-23,1370.3
210,2013-11-24,1370.3
211,2013-11-25,1366.8
212,2013-11-26,1366.1
213,2013-11-27,1364.2
214,2013-11-28,1243.8
215,2013-11-29,1377.2
216,2013-11-30,1377.2
217,2013-12-01,1377.2
218,2013-12-02,1350.6
219,2013-12-03,1348.0
220,2013-12-04,1376.3
221,2013-12-05,1360.8
222,2013-12-06,1358.2
223,2013-12-07,1358.2
224,2013-12-08,1358.2
225,2013-12-09,1362.8
226,2013-12-10,1389.7
227,2013-12-11,1386.3
228,2013-12-12,1355.4
229,2013-12-13,1365.7
230,2013-12-14,1365.7
231,2013-12-15,1365.7
232,2013-12-16,1375.9
233,2013-12-17,1357.7
234,2013-12-18,1364.5
235,2013-12-19,1324.3
236,2013-12-20,1336.3
237,2013-12-21,1336.3
238,2013-12-22,1336.3
239,2013-12-23,1330.6
240,2013-12-24,1339.4
241,2013-12-25,1339.4
242,2013-12-26,1348.8
243,2013-12-27,1350.4
244,2013-12-28,1350.4
245,2013-12-29,1350.4
246,2013-12-30,1339.2
247,2013-12-31,1367.4
248,2014-01-01,1205.4
249,2014-01-02,1391.7
250,2014-01-03,1405.5
251,2014-01-04,1405.5
252,2014-01-05,1405.5
253,2014-01-06,1405.0
254,2014-01-07,1395.5
255,2014-01-08,1392.6
256,2014-01-09,1397.9
257,2014-01-10,1413.4
258,2014-01-11,1413.4
259,2014-01-12,1413.4
260,2014-01-13,1416.0
261,2014-01-14,1411.8
262,2014-01-15,1405.9
263,2014-01-16,1405.7
264,2014-01-17,1417.1
265,2014-01-18,1417.1
266,2014-01-19,1417.1
267,2014-01-20,1255.1
268,2014-01-21,1405.1
269,2014-01-22,1403.6
270,2014-01-23,1426.1
271,2014-01-24,1426.0
272,2014-01-25,1426.0
273,2014-01-26,1426.0
274,2014-01-27,1425.1
275,2014-01-28,1412.0
276,2014-01-29,1422.2
277,2014-01-30,1402.8
278,2014-01-31,1398.9
279,2014-02-01,1398.9
280,2014-02-02,1398.9
281,2014-02-03,1417.1
282,2014-02-04,1407.3
283,2014-02-05,1413.0
284,2014-02-06,1413.3
285,2014-02-07,1415.7
286,2014-02-08,1415.7
287,2014-02-09,1415.7
288,2014-02-10,1427.5
289,2014-02-11,1443.6
290,2014-02-12,1451.1
291,2014-02-13,1451.4
292,2014-02-14,1470.8
293,2014-02-15,1470.8
294,2014-02-16,1470.8
295,2014-02-17,1328.5
296,2014-02-18,1473.2
297,2014-02-19,1467.7
298,2014-02-20,1467.8
299,2014-02-21,1474.4
300,2014-02-22,1474.4
301,2014-02-23,1474.4
302,2014-02-24,1491.0
303,2014-02-25,1493.8
304,2014-02-26,1478.4
305,2014-02-27,1481.3
306,2014-02-28,1473.0
307,2014-03-01,1473.0
308,2014-03-02,1473.0
309,2014-03-03,1500.0
310,2014-03-04,1488.7
311,2014-03-05,1491.1
312,2014-03-06,1504.3
313,2014-03-07,1494.6
314,2014-03-08,1494.6
315,2014-03-09,1494.6
316,2014-03-10,1497.2
317,2014-03-11,1502.2
318,2014-03-12,1525.2
319,2014-03-13,1526.0
320,2014-03-14,1532.4
321,2014-03-15,1532.4
322,2014-03-16,1532.4
323,2014-03-17,1525.6
324,2014-03-18,1511.6
325,2014-03-19,1493.0
326,2014-03-20,1488.7
327,2014-03-21,1493.5
328,2014-03-22,1493.5
329,2014-03-23,1493.5
330,2014-03-24,1468.5
331,2014-03-25,1466.4
332,2014-03-26,1456.1
333,2014-03-27,1447.8
334,2014-03-28,1445.3
335,2014-03-29,1445.3
336,2014-03-30,1445.3
337,2014-03-31,1433.8
338,2014-04-01,1430.0
339,2014-04-02,1442.5
340,2014-04-03,1435.1
341,2014-04-04,1452.7
342,2014-04-05,1452.7
343,2014-04-06,1452.7
344,2014-04-07,1442.7
345,2014-04-08,1452.3
346,2014-04-09,1451.1
347,2014-04-10,1461.7
348,2014-04-11,1459.7
349,2014-04-12,1459.7
350,2014-04-13,1459.7
351,2014-04-14,1469.3
352,2014-04-15,1442.0
353,2014-04-16,1446.0
354,2014-04-17,1437.5
355,2014-04-18,1437.5
356,2014-04-19,1437.5
357,2014-04-20,1437.5
358,2014-04-21,1432.4
359,2014-04-22,1425.4
360,2014-04-23,1424.0
361,2014-04-24,1429.7
362,2014-04-25,1438.9
363,2014-04-26,1438.9
364,2014-04-27,1438.9
365,2014-04-28,1435.7
366,2014-04-29,1432.5
367,2014-04-30,1431.8
368,2014-05-01,1417.5
369,2014-05-02,1437.5
370,2014-05-03,1437.5
371,2014-05-04,1437.5
372,2014-05-05,1444.4
373,2014-05-06,1444.0
374,2014-05-07,1423.3
375,2014-05-08,1421.7
376,2014-05-09,1421.8
377,2014-05-10,1421.8
378,2014-05-11,1421.8
379,2014-05-12,1430.6
380,2014-05-13,1427.5
381,2014-05-14,1435.3
382,2014-05-15,1422.0
383,2014-05-16,1422.3
384,2014-05-17,1422.3
385,2014-05-18,1422.3
386,2014-05-19,1421.9
387,2014-05-20,1422.5
388,2014-05-21,1416.1
389,2014-05-22,1422.7
390,2014-05-23,1419.1
391,2014-05-24,1419.1
392,2014-05-25,1291.7
393,2014-05-26,1292.5
394,2014-05-27,1392.9
395,2014-05-28,1385.4
396,2014-05-29,1379.5
397,2014-05-30,1368.9
398,2014-05-31,1368.9
399,2014-06-01,1368.9
400,2014-06-02,1367.7
401,2014-06-03,1368.2
402,2014-06-04,1368.4
403,2014-06-05,1377.3
404,2014-06-06,1377.6
405,2014-06-07,1377.6
406,2014-06-08,1377.6
407,2014-06-09,1380.2
408,2014-06-10,1386.5
409,2014-06-11,1387.0
410,2014-06-12,1399.9
411,2014-06-13,1401.6
412,2014-06-14,1401.6
413,2014-06-15,1401.6
414,2014-06-16,1403.0
415,2014-06-17,1399.9
416,2014-06-18,1400.6
417,2014-06-19,1442.5
418,2014-06-20,1445.2
419,2014-06-21,1445.2
420,2014-06-22,1445.2
421,2014-06-23,1447.0
422,2014-06-24,1448.6
423,2014-06-25,1449.2
424,2014-06-26,1443.4
425,2014-06-27,1444.7
426,2014-06-28,1444.7
427,2014-06-29,1444.7
428,2014-06-30,1445.1
429,2014-07-01,1450.2
430,2014-07-02,1454.8
431,2014-07-03,1445.6
432,2014-07-04,1321.3
433,2014-07-05,1321.3
434,2014-07-06,1321.3
435,2014-07-07,1442.0
436,2014-07-08,1441.4
437,2014-07-09,1449.7
438,2014-07-10,1464.7
439,2014-07-11,1462.9
440,2014-07-12,1462.9
441,2014-07-13,1462.9
442,2014-07-14,1430.7
443,2014-07-15,1421.3
444,2014-07-16,1424.9
445,2014-07-17,1442.1
446,2014-07-18,1434.7
447,2014-07-19,1434.7
448,2014-07-20,1434.7
449,2014-07-21,1439.6
450,2014-07-22,1431.6
451,2014-07-23,1430.3
452,2014-07-24,1417.3
453,2014-07-25,1430.3
454,2014-07-26,1430.3
455,2014-07-27,1430.3
456,2014-07-28,1432.0
457,2014-07-29,1426.7
458,2014-07-30,1426.1
459,2014-07-31,1411.5
460,2014-08-01,1421.1
461,2014-08-02,1421.1
462,2014-08-03,1421.1
463,2014-08-04,1411.9
464,2014-08-05,1409.0
465,2014-08-06,1432.7
466,2014-08-07,1437.3
467,2014-08-08,1435.9
468,2014-08-09,1435.9
469,2014-08-10,1435.9
470,2014-08-11,1435.5
471,2014-08-12,1435.3
472,2014-08-13,1437.9
473,2014-08-14,1439.1
474,2014-08-15,1429.4
475,2014-08-16,1429.4
476,2014-08-17,1429.4
477,2014-08-18,1422.8
478,2014-08-19,1419.0
479,2014-08-20,1419.0
480,2014-08-21,1399.2
481,2014-08-22,1404.1
482,2014-08-23,1404.1
483,2014-08-24,1404.1
484,2014-08-25,1403.1
485,2014-08-26,1409.3
486,2014-08-27,1406.9
487,2014-08-28,1413.8
488,2014-08-29,1410.6
489,2014-08-30,1410.6
490,2014-08-31,1287.7
491,2014-09-01,1287.4
492,2014-09-02,1389.0
493,2014-09-03,1395.5
494,2014-09-04,1392.3
495,2014-09-05,1393.2
496,2014-09-06,1393.2
497,2014-09-07,1393.2
498,2014-09-08,1380.2
499,2014-09-09,1374.6
500,2014-09-10,1372.0
501,2014-09-11,1365.4
502,2014-09-12,1357.8
503,2014-09-13,1357.8
504,2014-09-14,1357.8
505,2014-09-15,1361.3
506,2014-09-16,1363.0
507,2014-09-17,1362.0
508,2014-09-18,1353.4
509,2014-09-19,1343.1
510,2014-09-20,1343.1
511,2014-09-21,1343.1
512,2014-09-22,1344.2
513,2014-09-23,1347.2
514,2014-09-24,1344.9
515,2014-09-25,1346.4
516,2014-09-26,1340.4
517,2014-09-27,1340.4
518,2014-09-28,1340.4
519,2014-09-29,1343.7
520,2014-09-30,1336.7
521,2014-10-01,1340.2
522,2014-10-02,1338.1
523,2014-10-03,1316.9
524,2014-10-04,1316.9
525,2014-10-05,1316.9
526,2014-10-06,1330.7
527,2014-10-07,1333.6
528,2014-10-08,1314.2
529,2014-10-09,1328.8
530,2014-10-10,1323.7
531,2014-10-11,1323.7
532,2014-10-12,1323.7
533,2014-10-13,1329.3
534,2014-10-14,1329.3
535,2014-10-15,1331.3
536,2014-10-16,1327.5
537,2014-10-17,1328.5
538,2014-10-18,1328.5
539,2014-10-19,1328.5
540,2014-10-20,1334.3
541,2014-10-21,1341.8
542,2014-10-22,1336.6
543,2014-10-23,1322.1
544,2014-10-24,1325.0
545,2014-10-25,1325.0
546,2014-10-26,1325.0
547,2014-10-27,1322.4
548,2014-10-28,1322.6
549,2014-10-29,1319.2
550,2014-10-30,1292.9
551,2014-10-31,1265.9
552,2014-11-01,1265.9
553,2014-11-02,1265.9
554,2014-11-03,1264.4
555,2014-11-04,1260.3
556,2014-11-05,1238.1
557,2014-11-06,1234.4
558,2014-11-07,1261.0
559,2014-11-08,1261.0
560,2014-11-09,1261.0
561,2014-11-10,1251.3
562,2014-11-11,1255.1
563,2014-11-12,1250.4
564,2014-11-13,1251.4
565,2014-11-14,1275.6
566,2014-11-15,1275.6
567,2014-11-16,1275.6
568,2014-11-17,1273.7
569,2014-11-18,1285.5
570,2014-11-19,1283.4
571,2014-11-20,1278.9
572,2014-11-21,1285.9
573,2014-11-22,1285.9
574,2014-11-23,1285.9
575,2014-11-24,1284.2
576,2014-11-25,1285.2
577,2014-11-26,1284.5
578,2014-11-27,1188.8
579,2014-11-28,1261.2
580,2014-11-29,1261.2
581,2014-11-30,1261.2
582,2014-12-01,1302.5
583,2014-12-02,1284.7
584,2014-12-03,1295.8
585,2014-12-04,1294.2
586,2014-12-05,1280.8
587,2014-12-06,1280.8
588,2014-12-07,1280.8
589,2014-12-08,1284.4
590,2014-12-09,1320.2
591,2014-12-10,1315.5
592,2014-12-11,1312.3
593,2014-12-12,1303.5
594,2014-12-13,1303.5
595,2014-12-14,1303.5
596,2014-12-15,1287.7
597,2014-12-16,1272.0
598,2014-12-17,1272.3
599,2014-12-18,1273.9
600,2014-12-19,1275.6
601,2014-12-20,1275.6
602,2014-12-21,1275.6
603,2014-12-22,1259.7
604,2014-12-23,1259.7
605,2014-12-24,1255.6
606,2014-12-25,1177.0
607,2014-12-26,1277.7
608,2014-12-27,1277.7
609,2014-12-28,1277.7
610,2014-12-29,1262.9
611,2014-12-30,1281.9
612,2014-12-31,1265.4
613,2015-01-01,1186.8
614,2015-01-02,1267.7
615,2015-01-03,1267.7
616,2015-01-04,1267.7
617,2015-01-05,1283.5
618,2015-01-06,1292.2
619,2015-01-07,1283.6
620,2015-01-08,1281.6
621,2015-01-09,1287.4
622,2015-01-10,1287.4
623,2015-01-11,1287.4
624,2015-01-12,1303.2
625,2015-01-13,1304.5
626,2015-01-14,1294.5
627,2015-01-15,1322.8
628,2015-01-16,1334.9
629,2015-01-17,1334.9
630,2015-01-18,1279.0
631,2015-01-19,1275.9
632,2015-01-20,1352.4
633,2015-01-21,1353.4
634,2015-01-22,1365.2
635,2015-01-23,1357.6
636,2015-01-24,1357.6
637,2015-01-25,1357.6
638,2015-01-26,1345.6
639,2015-01-27,1354.7
640,2015-01-28,1346.9
641,2015-01-29,1315.8
642,2015-01-30,1336.6
643,2015-01-31,1336.6
644,2015-02-01,1336.6
645,2015-02-02,1334.4
646,2015-02-03,1319.3
647,2015-02-04,1325.4
648,2015-02-05,1323.9
649,2015-02-06,1301.6
650,2015-02-07,1301.6
651,2015-02-08,1301.6
652,2015-02-09,1308.9
653,2015-02-10,1300.2
654,2015-02-11,1288.2
655,2015-02-12,1287.7
656,2015-02-13,1294.2
657,2015-02-14,1294.2
658,2015-02-15,1228.8
659,2015-02-16,1231.7
660,2015-02-17,1278.9
661,2015-02-18,1270.5
662,2015-02-19,1275.9
663,2015-02-20,1272.2
664,2015-02-21,1272.2
665,2015-02-22,1272.2
666,2015-02-23,1267.7
667,2015-02-24,1262.1
668,2015-02-25,1265.0
669,2015-02-26,1275.1
670,2015-02-27,1278.4
671,2015-02-28,1278.4
672,2015-03-01,1278.4
673,2015-03-02,1274.8
674,2015-03-03,1273.2
675,2015-03-04,1269.6
676,2015-03-05,1265.1
677,2015-03-06,1234.6
678,2015-03-07,1234.6
679,2015-03-08,1234.6
680,2015-03-09,1237.0
681,2015-03-10,1227.1
682,2015-03-11,1217.4
683,2015-03-12,1218.0
684,2015-03-13,1217.9
685,2015-03-14,1217.9
686,2015-03-15,1217.9
687,2015-03-16,1218.3
688,2015-03-17,1213.5
689,2015-03-18,1216.5
690,2015-03-19,1228.5
691,2015-03-20,1243.7
692,2015-03-21,1243.7
693,2015-03-22,1243.7
694,2015-03-23,1246.5
695,2015-03-24,1250.2
696,2015-03-25,1256.3
697,2015-03-26,1266.0
698,2015-03-27,1260.9
699,2015-03-28,1260.9
700,2015-03-29,1260.9
701,2015-03-30,1245.4
702,2015-03-31,1241.2
703,2015-04-01,1263.2
704,2015-04-02,1257.2
705,2015-04-03,1257.2
706,2015-04-04,1257.2
707,2015-04-05,1257.2
708,2015-04-06,1274.4
709,2015-04-07,1267.4
710,2015-04-08,1260.1
711,2015-04-09,1250.6
712,2015-04-10,1262.3
713,2015-04-11,1262.3
714,2015-04-12,1262.3
715,2015-04-13,1256.8
716,2015-04-14,1247.1
717,2015-04-15,1255.5
718,2015-04-16,1252.0
719,2015-04-17,1257.1
720,2015-04-18,1257.1
721,2015-04-19,1257.1
722,2015-04-20,1248.3
723,2015-04-21,1258.1
724,2015-04-22,1243.7
725,2015-04-23,1251.0
726,2015-04-24,1229.4
727,2015-04-25,1229.4
728,2015-04-26,1229.4
729,2015-04-27,1258.2
730,2015-04-28,1270.4
731,2015-04-29,1269.0
732,2015-04-30,1242.0
733,2015-05-01,1235.1
734,2015-05-02,1235.1
735,2015-05-03,1235.1
736,2015-05-04,1248.0
737,2015-05-05,1257.2
738,2015-05-06,1255.7
739,2015-05-07,1247.5
740,2015-05-08,1251.5
741,2015-05-09,1251.5
742,2015-05-10,1251.5
743,2015-05-11,1246.3
744,2015-05-12,1256.0
745,2015-05-13,1281.2
746,2015-05-14,1288.0
747,2015-05-15,1287.9
748,2015-05-16,1287.9
749,2015-05-17,1287.9
750,2015-05-18,1290.2
751,2015-05-19,1270.4
752,2015-05-20,1272.5
753,2015-05-21,1267.1
754,2015-05-22,1268.7
755,2015-05-23,1268.7
756,2015-05-24,1204.4
757,2015-05-25,1207.4
758,2015-05-26,1251.2
759,2015-05-27,1249.6
760,2015-05-28,1251.5
761,2015-05-29,1251.7
762,2015-05-30,1251.7
763,2015-05-31,1251.7
764,2015-06-01,1251.4
765,2015-06-02,1258.8
766,2015-06-03,1250.9
767,2015-06-04,1241.1
768,2015-06-05,1237.6
769,2015-06-06,1237.6
770,2015-06-07,1237.6
771,2015-06-08,1243.0
772,2015-06-09,1247.8
773,2015-06-10,1259.6
774,2015-06-11,1253.6
775,2015-06-12,1252.0
776,2015-06-13,1252.0
777,2015-06-14,1252.0
778,2015-06-15,1256.8
779,2015-06-16,1250.4
780,2015-06-17,1247.9
781,2015-06-18,1271.8
782,2015-06-19,1270.4
783,2015-06-20,1270.4
784,2015-06-21,1270.4
785,2015-06-22,1253.1
786,2015-06-23,1245.8
787,2015-06-24,1242.0
788,2015-06-25,1241.3
789,2015-06-26,1244.1
790,2015-06-27,1244.1
791,2015-06-28,1244.1
792,2015-06-29,1249.0
793,2015-06-30,1241.8
794,2015-07-01,1239.5
795,2015-07-02,1232.5
796,2015-07-03,1167.8
797,2015-07-04,1167.8
798,2015-07-05,1167.8
799,2015-07-06,1241.6
800,2015-07-07,1220.5
801,2015-07-08,1229.6
802,2015-07-09,1226.1
803,2015-07-10,1227.6
804,2015-07-11,1227.6
805,2015-07-12,1227.6
806,2015-07-13,1226.0
807,2015-07-14,1223.4
808,2015-07-15,1217.3
809,2015-07-16,1214.2
810,2015-07-17,1201.7
811,2015-07-18,1201.7
812,2015-07-19,1201.7
813,2015-07-20,1176.5
814,2015-07-21,1170.5
815,2015-07-22,1158.6
816,2015-07-23,1161.1
817,2015-07-24,1151.0
818,2015-07-25,1151.0
819,2015-07-26,1151.0
820,2015-07-27,1161.6
821,2015-07-28,1161.6
822,2015-07-29,1158.5
823,2015-07-30,1154.4
824,2015-07-31,1154.1
825,2015-08-01,1154.1
826,2015-08-02,1154.1
827,2015-08-03,1147.8
828,2015-08-04,1149.7
829,2015-08-05,1148.1
830,2015-08-06,1152.6
831,2015-08-07,1156.8
832,2015-08-08,1156.8
833,2015-08-09,1156.8
834,2015-08-10,1166.8
835,2015-08-11,1168.7
836,2015-08-12,1184.0
837,2015-08-13,1176.1
838,2015-08-14,1173.3
839,2015-08-15,1173.3
840,2015-08-16,1173.3
841,2015-08-17,1178.9
842,2015-08-18,1177.3
843,2015-08-19,1188.1
844,2015-08-20,1213.2
845,2015-08-21,1217.8
846,2015-08-22,1217.8
847,2015-08-23,1217.8
848,2015-08-24,1209.9
849,2015-08-25,1194.7
850,2015-08-26,1180.0
851,2015-08-27,1178.2
852,2015-08-28,1189.4
853,2015-08-29,1189.4
854,2015-08-30,1189.4
855,2015-08-31,1187.9
856,2015-09-01,1192.3
857,2015-09-02,1185.4
858,2015-09-03,1174.5
859,2015-09-04,1171.5
860,2015-09-05,1171.5
861,2015-09-06,1119.9
862,2015-09-07,1119.9
863,2015-09-08,1170.9
864,2015-09-09,1151.7
865,2015-09-10,1158.9
866,2015-09-11,1152.9
867,2015-09-12,1152.9
868,2015-09-13,1152.9
869,2015-09-14,1156.7
870,2015-09-15,1151.5
871,2015-09-16,1168.6
872,2015-09-17,1167.2
873,2015-09-18,1186.5
874,2015-09-19,1186.5
875,2015-09-20,1186.5
876,2015-09-21,1181.8
877,2015-09-22,1172.7
878,2015-09-23,1179.4
879,2015-09-24,1200.7
880,2015-09-25,1192.6
881,2015-09-26,1192.6
882,2015-09-27,1192.6
883,2015-09-28,1178.2
884,2015-09-29,1172.9
885,2015-09-30,1158.4
886,2015-10-01,1156.9
887,2015-10-02,1179.0
888,2015-10-03,1179.0
889,2015-10-04,1179.0
890,2015-10-05,1178.3
891,2015-10-06,1186.4
892,2015-10-07,1189.1
893,2015-10-08,1185.0
894,2015-10-09,1197.5
895,2015-10-10,1197.5
896,2015-10-11,1197.5
897,2015-10-12,1206.2
898,2015-10-13,1206.9
899,2015-10-14,1219.3
900,2015-10-15,1227.1
901,2015-10-16,1222.3
902,2015-10-17,1222.3
903,2015-10-18,1222.3
904,2015-10-19,1212.0
905,2015-10-20,1216.6
906,2015-10-21,1205.4
907,2015-10-22,1204.1
908,2015-10-23,1200.1
909,2015-10-24,1200.1
910,2015-10-25,1200.1
911,2015-10-26,1201.7
912,2015-10-27,1199.8
913,2015-10-28,1210.9
914,2015-10-29,1183.4
915,2015-10-30,1176.8
916,2015-10-31,1176.8
917,2015-11-01,1176.8
918,2015-11-02,1172.0
919,2015-11-03,1150.2
920,2015-11-04,1142.8
921,2015-11-05,1141.7
922,2015-11-06,1129.5
923,2015-11-07,1129.5
924,2015-11-08,1129.5
925,2015-11-09,1130.8
926,2015-11-10,1131.0
927,2015-11-11,1127.0
928,2015-11-12,1122.9
929,2015-11-13,1122.9
930,2015-11-14,1122.9
931,2015-11-15,1122.9
932,2015-11-16,1124.1
933,2015-11-17,1108.5
934,2015-11-18,1108.5
935,2015-11-19,1117.2
936,2015-11-20,1115.4
937,2015-11-21,1115.4
938,2015-11-22,1115.4
939,2015-11-23,1106.3
940,2015-11-24,1113.2
941,2015-11-25,1110.0
942,2015-11-26,1070.8
943,2015-11-27,1096.5
944,2015-11-28,1096.5
945,2015-11-29,1096.5
946,2015-11-30,1105.9
947,2015-12-01,1104.0
948,2015-12-02,1094.4
949,2015-12-03,1102.6
950,2015-12-04,1125.2
951,2015-12-05,1125.2
952,2015-12-06,1125.2
953,2015-12-07,1116.3
954,2015-12-08,1116.4
955,2015-12-09,1117.3
956,2015-12-10,1112.7
957,2015-12-11,1116.2
958,2015-12-12,1116.2
959,2015-12-13,1116.2
960,2015-12-14,1103.8
961,2015-12-15,1102.2
962,2015-12-16,1117.7
963,2015-12-17,1090.5
964,2015-12-18,1105.7
965,2015-12-19,1105.7
966,2015-12-20,1105.7
967,2015-12-21,1122.9
968,2015-12-22,1116.4
969,2015-12-23,1110.6
970,2015-12-24,1118.3
971,2015-12-25,1118.3
972,2015-12-26,1118.3
973,2015-12-27,1118.3
974,2015-12-28,1110.5
975,2015-12-29,1111.0
976,2015-12-30,1103.2
977,2015-12-31,1103.4
978,2016-01-01,1103.4
979,2016-01-02,1103.4
980,2016-01-03,1103.4
981,2016-01-04,1118.1
982,2016-01-05,1121.0
983,2016-01-06,1134.5
984,2016-01-07,1145.3
985,2016-01-08,1134.9
986,2016-01-09,1134.9
987,2016-01-10,1134.9
988,2016-01-11,1131.7
989,2016-01-12,1120.3
990,2016-01-13,1120.6
991,2016-01-14,1106.4
992,2016-01-15,1121.6
993,2016-01-16,1121.6
994,2016-01-17,1090.3
995,2016-01-18,1088.5
996,2016-01-19,1119.9
997,2016-01-20,1135.8
998,2016-01-21,1127.7
999,2016-01-22,1126.7
1000,2016-01-23,1126.7
1001,2016-01-24,1126.7
1002,2016-01-25,1136.5
1003,2016-01-26,1151.4
1004,2016-01-27,1148.0
1005,2016-01-28,1147.8
1006,2016-01-29,1146.2
1007,2016-01-30,1146.2
1008,2016-01-31,1146.2
1009,2016-02-01,1157.8
1010,2016-02-02,1156.4
1011,2016-02-03,1169.6
1012,2016-02-04,1184.0
1013,2016-02-05,1184.3
1014,2016-02-06,1184.3
1015,2016-02-07,1184.3
1016,2016-02-08,1224.5
1017,2016-02-09,1223.4
1018,2016-02-10,1219.3
1019,2016-02-11,1268.8
1020,2016-02-12,1257.9
1021,2016-02-13,1257.9
1022,2016-02-14,1233.6
1023,2016-02-15,1208.1
1024,2016-02-16,1227.8
1025,2016-02-17,1233.9
1026,2016-02-18,1249.2
1027,2016-02-19,1254.1
1028,2016-02-20,1254.1
1029,2016-02-21,1254.1
1030,2016-02-22,1233.4
1031,2016-02-23,1248.1
1032,2016-02-24,1263.8
1033,2016-02-25,1263.7
1034,2016-02-26,1245.5
1035,2016-02-27,1245.5
1036,2016-02-28,1245.5
1037,2016-02-29,1260.0
1038,2016-03-01,1257.9
1039,2016-03-02,1269.7
1040,2016-03-03,1287.4
1041,2016-03-04,1302.3
1042,2016-03-05,1302.3
1043,2016-03-06,1302.3
1044,2016-03-07,1297.0
1045,2016-03-08,1295.7
1046,2016-03-09,1290.1
1047,2016-03-10,1306.8
1048,2016-03-11,1295.3
1049,2016-03-12,1295.3
1050,2016-03-13,1295.3
1051,2016-03-14,1281.1
1052,2016-03-15,1266.9
1053,2016-03-16,1267.6
1054,2016-03-17,1300.8
1055,2016-03-18,1288.7
1056,2016-03-19,1288.7
1057,2016-03-20,1288.7
1058,2016-03-21,1279.4
1059,2016-03-22,1285.5
1060,2016-03-23,1260.7
1061,2016-03-24,1259.1
1062,2016-03-25,1216.7
1063,2016-03-26,1216.7
1064,2016-03-27,1216.7
1065,2016-03-28,1257.4
1066,2016-03-29,1273.0
1067,2016-03-30,1263.6
1068,2016-03-31,1267.6
1069,2016-04-01,1255.6
1070,2016-04-02,1255.6
1071,2016-04-03,1255.6
1072,2016-04-04,1251.4
1073,2016-04-05,1261.2
1074,2016-04-06,1255.5
1075,2016-04-07,1269.0
1076,2016-04-08,1274.0
1077,2016-04-09,1274.0
1078,2016-04-10,1274.0
1079,2016-04-11,1289.1
1080,2016-04-12,1293.1
1081,2016-04-13,1280.6
1082,2016-04-14,1258.8
1083,2016-04-15,1266.4
1084,2016-04-16,1266.4
1085,2016-04-17,1266.4
1086,2016-04-18,1267.0
1087,2016-04-19,1287.5
1088,2016-04-20,1289.0
1089,2016-04-21,1286.2
1090,2016-04-22,1265.5
1091,2016-04-23,1265.5
1092,2016-04-24,1265.5
1093,2016-04-25,1275.8
1094,2016-04-26,1279.1
1095,2016-04-27,1286.5
1096,2016-04-28,1303.1
1097,2016-04-29,1327.7
1098,2016-04-30,1327.7
1099,2016-05-01,1327.7
1100,2016-05-02,1333.6
1101,2016-05-03,1329.1
1102,2016-05-04,1310.6
1103,2016-05-05,1307.1
1104,2016-05-06,1329.4
1105,2016-05-07,1329.4
1106,2016-05-08,1329.4
1107,2016-05-09,1302.2
1108,2016-05-10,1300.6
1109,2016-05-11,1311.9
1110,2016-05-12,1307.0
1111,2016-05-13,1308.8
1112,2016-05-14,1308.8
1113,2016-05-15,1308.8
1114,2016-05-16,1311.1
1115,2016-05-17,1314.2
1116,2016-05-18,1313.6
1117,2016-05-19,1295.2
1118,2016-05-20,1295.2
1119,2016-05-21,1295.2
1120,2016-05-22,1295.2
1121,2016-05-23,1294.2
1122,2016-05-24,1272.0
1123,2016-05-25,1266.7
1124,2016-05-26,1262.9
1125,2016-05-27,1256.9
1126,2016-05-28,1256.9
1127,2016-05-29,1256.9
1128,2016-05-30,1212.15
1129,2016-05-31,1258.6
1130,2016-06-01,1256.5
1131,2016-06-02,1254.2
1132,2016-06-03,1283.9
1133,2016-06-04,1283.9
1134,2016-06-05,1283.9
1135,2016-06-06,1288.7
1136,2016-06-07,1288.1
1137,2016-06-08,1303.3
1138,2016-06-09,1313.7
1139,2016-06-10,1317.0
1140,2016-06-11,1317.0
1141,2016-06-12,1317.0
1142,2016-06-13,1328.1
1143,2016-06-14,1325.6
1144,2016-06-15,1326.0
1145,2016-06-16,1336.6
1146,2016-06-17,1333.9
1147,2016-06-18,1333.9
1148,2016-06-19,1333.9
1149,2016-06-20,1333.8
1150,2016-06-21,1314.2
1151,2016-06-22,1311.7
1152,2016-06-23,1306.6
1153,2016-06-24,1365.7
1154,2016-06-25,1365.7
1155,2016-06-26,1365.7
1156,2016-06-27,1367.7
1157,2016-06-28,1361.1
1158,2016-06-29,1370.3
1159,2016-06-30,1363.9
1160,2016-07-01,1383.2
1161,2016-07-02,1383.2
1162,2016-07-03,1345.5
1163,2016-07-04,1352.0
1164,2016-07-05,1403.3
1165,2016-07-06,1411.7
1166,2016-07-07,1405.5
1167,2016-07-08,1402.5
1168,2016-07-09,1402.5
1169,2016-07-10,1402.5
1170,2016-07-11,1401.8
1171,2016-07-12,1381.2
1172,2016-07-13,1389.5
1173,2016-07-14,1378.2
1174,2016-07-15,1374.0
1175,2016-07-16,1374.0
1176,2016-07-17,1374.0
1177,2016-07-18,1375.9
1178,2016-07-19,1379.3
1179,2016-07-20,1366.7
1180,2016-07-21,1379.2
1181,2016-07-22,1372.5
1182,2016-07-23,1372.5
1183,2016-07-24,1372.5
1184,2016-07-25,1368.3
1185,2016-07-26,1369.6
1186,2016-07-27,1378.1
1187,2016-07-28,1384.9
1188,2016-07-29,1401.8
1189,2016-07-30,1401.8
1190,2016-07-31,1401.8
1191,2016-08-01,1402.3
1192,2016-08-02,1415.5
1193,2016-08-03,1410.0
1194,2016-08-04,1414.0
1195,2016-08-05,1394.0
1196,2016-08-06,1394.0
1197,2016-08-07,1394.0
1198,2016-08-08,1391.4
1199,2016-08-09,1396.7
1200,2016-08-10,1401.7
1201,2016-08-11,1400.1
1202,2016-08-12,1392.9
1203,2016-08-13,1392.9
1204,2016-08-14,1392.9
1205,2016-08-15,1396.7
1206,2016-08-16,1405.1
1207,2016-08-17,1396.7
1208,2016-08-18,1405.2
1209,2016-08-19,1394.1
1210,2016-08-20,1394.1
1211,2016-08-21,1394.1
1212,2016-08-22,1391.3
1213,2016-08-23,1393.9
1214,2016-08-24,1376.5
1215,2016-08-25,1370.1
1216,2016-08-26,1369.3
1217,2016-08-27,1369.3
1218,2016-08-28,1369.3
1219,2016-08-29,1370.5
1220,2016-08-30,1360.6
1221,2016-08-31,1354.0
1222,2016-09-01,1359.0
1223,2016-09-02,1371.7
1224,2016-09-03,1371.7
1225,2016-09-04,1326.25
1226,2016-09-05,1331.1
1227,2016-09-06,1397.5
1228,2016-09-07,1393.5
1229,2016-09-08,1386.6
1230,2016-09-09,1379.5
1231,2016-09-10,1379.5
1232,2016-09-11,1379.5
1233,2016-09-12,1370.8
1234,2016-09-13,1367.2
1235,2016-09-14,1369.7
1236,2016-09-15,1361.3
1237,2016-09-16,1353.5
1238,2016-09-17,1353.5
1239,2016-09-18,1353.5
1240,2016-09-19,1360.8
1241,2016-09-20,1361.3
1242,2016-09-21,1374.9
1243,2016-09-22,1386.7
1244,2016-09-23,1383.7
1245,2016-09-24,1383.7
1246,2016-09-25,1383.7
1247,2016-09-26,1386.6
1248,2016-09-27,1372.7
1249,2016-09-28,1365.6
1250,2016-09-29,1368.0
1251,2016-09-30,1359.3
1252,2016-10-01,1359.3
1253,2016-10-02,1359.3
1254,2016-10-03,1354.8
1255,2016-10-04,1311.0
1256,2016-10-05,1310.2
1257,2016-10-06,1294.4
1258,2016-10-07,1293.4
1259,2016-10-08,1293.4
1260,2016-10-09,1293.4
1261,2016-10-10,1302.8
1262,2016-10-11,1298.4
1263,2016-10-12,1296.6
1264,2016-10-13,1301.2
1265,2016-10-14,1299.3
1266,2016-10-15,1299.3
1267,2016-10-16,1299.3
1268,2016-10-17,1300.7
1269,2016-10-18,1307.5
1270,2016-10-19,1314.3
1271,2016-10-20,1312.6
1272,2016-10-21,1312.1
1273,2016-10-22,1312.1
1274,2016-10-23,1312.1
1275,2016-10-24,1306.3
1276,2016-10-25,1317.7
1277,2016-10-26,1310.7
1278,2016-10-27,1315.6
1279,2016-10-28,1322.7
1280,2016-10-29,1322.7
1281,2016-10-30,1322.7
1282,2016-10-31,1319.3
1283,2016-11-01,1334.4
1284,2016-11-02,1354.4
1285,2016-11-03,1350.2
1286,2016-11-04,1352.1
1287,2016-11-05,1352.1
1288,2016-11-06,1352.1
1289,2016-11-07,1326.8
1290,2016-11-08,1322.6
1291,2016-11-09,1322.1
1292,2016-11-10,1313.0
1293,2016-11-11,1269.1
1294,2016-11-12,1269.1
1295,2016-11-13,1269.1
1296,2016-11-14,1271.7
1297,2016-11-15,1275.7
1298,2016-11-16,1275.1
1299,2016-11-17,1268.6
1300,2016-11-18,1261.2
1301,2016-11-19,1261.2
1302,2016-11-20,1261.2
1303,2016-11-21,1261.6
1304,2016-11-22,1262.8
1305,2016-11-23,1241.7
1306,2016-11-24,1185.55
1307,2016-11-25,1230.3
1308,2016-11-26,1230.3
1309,2016-11-27,1230.3
1310,2016-11-28,1243.4
1311,2016-11-29,1240.3
1312,2016-11-30,1223.2
1313,2016-12-01,1218.5
1314,2016-12-02,1227.2
1315,2016-12-03,1227.2
1316,2016-12-04,1227.2
1317,2016-12-05,1226.5
1318,2016-12-06,1219.8
1319,2016-12-07,1231.4
1320,2016-12-08,1227.2
1321,2016-12-09,1216.8
1322,2016-12-10,1216.8
1323,2016-12-11,1216.8
1324,2016-12-12,1221.1
1325,2016-12-13,1214.4
1326,2016-12-14,1219.1
1327,2016-12-15,1190.8
1328,2016-12-16,1198.6
1329,2016-12-17,1198.6
1330,2016-12-18,1198.6
1331,2016-12-19,1203.6
1332,2016-12-20,1194.7
1333,2016-12-21,1194.2
1334,2016-12-22,1191.5
1335,2016-12-23,1194.5
1336,2016-12-24,1194.5
1337,2016-12-25,1135.0
1338,2016-12-26,1134.55
1339,2016-12-27,1199.6
1340,2016-12-28,1201.7
1341,2016-12-29,1218.9
1342,2016-12-30,1212.2
1343,2016-12-31,1212.2
1344,2017-01-01,1212.2
1345,2017-01-02,1151.05
1346,2017-01-03,1222.4
1347,2017-01-04,1224.8
1348,2017-01-05,1239.8
1349,2017-01-06,1233.4
1350,2017-01-07,1233.4
1351,2017-01-08,1233.4
1352,2017-01-09,1245.3
1353,2017-01-10,1246.2
1354,2017-01-11,1257.7
1355,2017-01-12,1261.0
1356,2017-01-13,1259.0
1357,2017-01-14,1259.0
1358,2017-01-15,1203.35
1359,2017-01-16,1202.85
1360,2017-01-17,1275.1
1361,2017-01-18,1273.4
1362,2017-01-19,1263.2
1363,2017-01-20,1266.9
1364,2017-01-21,1266.9
1365,2017-01-22,1266.9
1366,2017-01-23,1276.6
1367,2017-01-24,1271.8
1368,2017-01-25,1258.8
1369,2017-01-26,1250.6
1370,2017-01-27,1249.4
1371,2017-01-28,1249.4
1372,2017-01-29,1249.4
1373,2017-01-30,1254.1
1374,2017-01-31,1269.5
1375,2017-02-01,1267.2
1376,2017-02-02,1278.3
1377,2017-02-03,1279.9
1378,2017-02-04,1279.9
1379,2017-02-05,1279.9
1380,2017-02-06,1291.0
1381,2017-02-07,1294.1
1382,2017-02-08,1296.0
1383,2017-02-09,1293.1
1384,2017-02-10,1292.2
1385,2017-02-11,1292.2
1386,2017-02-12,1292.2
1387,2017-02-13,1282.6
1388,2017-02-14,1282.6
1389,2017-02-15,1291.9
1390,2017-02-16,1300.4
1391,2017-02-17,1297.1
1392,2017-02-18,1297.1
1393,2017-02-19,1237.3
1394,2017-02-20,1238.2
1395,2017-02-21,1296.9
1396,2017-02-22,1291.0
1397,2017-02-23,1309.4
1398,2017-02-24,1316.1
1399,2017-02-25,1316.1
1400,2017-02-26,1316.1
1401,2017-02-27,1316.8
1402,2017-02-28,1312.0
1403,2017-03-01,1308.8
1404,2017-03-02,1291.6
1405,2017-03-03,1286.5
1406,2017-03-04,1286.5
1407,2017-03-05,1286.5
1408,2017-03-06,1285.0
1409,2017-03-07,1275.4
1410,2017-03-08,1269.6
1411,2017-03-09,1263.4
1412,2017-03-10,1261.7
1413,2017-03-11,1261.7
1414,2017-03-12,1261.7
1415,2017-03-13,1264.3
1416,2017-03-14,1264.0
1417,2017-03-15,1262.0
1418,2017-03-16,1288.4
1419,2017-03-17,1291.3
1420,2017-03-18,1291.3
1421,2017-03-19,1291.3
1422,2017-03-20,1294.9
1423,2017-03-21,1306.7
1424,2017-03-22,1309.2
1425,2017-03-23,1306.2
1426,2017-03-24,1308.1
1427,2017-03-25,1308.1
1428,2017-03-26,1308.1
1429,2017-03-27,1315.1
1430,2017-03-28,1315.2
1431,2017-03-29,1313.2
1432,2017-03-30,1304.4
1433,2017-03-31,1307.5
1434,2017-04-01,1307.5
1435,2017-04-02,1307.5
1436,2017-04-03,1310.4
1437,2017-04-04,1314.5
1438,2017-04-05,1304.6
1439,2017-04-06,1309.5
1440,2017-04-07,1313.9
1441,2017-04-08,1313.9
1442,2017-04-09,1313.9
1443,2017-04-10,1310.4
1444,2017-04-11,1330.5
1445,2017-04-12,1334.4
1446,2017-04-13,1343.8
1447,2017-04-14,1289.65
1448,2017-04-15,1289.65
1449,2017-04-16,1289.65
1450,2017-04-17,1346.9
1451,2017-04-18,1348.0
1452,2017-04-19,1337.6
1453,2017-04-20,1338.8
1454,2017-04-21,1344.1
1455,2017-04-22,1344.1
1456,2017-04-23,1344.1
1457,2017-04-24,1332.9
1458,2017-04-25,1323.1
1459,2017-04-26,1320.1
1460,2017-04-27,1321.8
1461,2017-04-28,1324.2
1462,2017-04-29,1324.2
1463,2017-04-30,1324.2
1464,2017-05-01,1311.7
1465,2017-05-02,1313.2
1466,2017-05-03,1304.7
1467,2017-05-04,1284.5
1468,2017-05-05,1282.9
1469,2017-05-06,1282.9
1470,2017-05-07,1282.9
1471,2017-05-08,1283.2
1472,2017-05-09,1272.2
1473,2017-05-10,1274.7
1474,2017-05-11,1280.0
1475,2017-05-12,1282.8
1476,2017-05-13,1282.8
1477,2017-05-14,1282.8
1478,2017-05-15,1285.1
1479,2017-05-16,1291.5
1480,2017-05-17,1313.3
1481,2017-05-18,1306.3
1482,2017-05-19,1307.0
1483,2017-05-20,1307.0
1484,2017-05-21,1307.0
1485,2017-05-22,1315.1
1486,2017-05-23,1309.2
1487,2017-05-24,1306.8
1488,2017-05-25,1310.4
1489,2017-05-26,1321.9
1490,2017-05-27,1321.9
1491,2017-05-28,1268.22
1492,2017-05-29,1266.69
1493,2017-05-30,1316.2
1494,2017-05-31,1325.6
1495,2017-06-01,1320.3
1496,2017-06-02,1330.2
1497,2017-06-03,1330.2
1498,2017-06-04,1330.2
1499,2017-06-05,1332.7
1500,2017-06-06,1347.1
1501,2017-06-07,1342.7
1502,2017-06-08,1329.0
1503,2017-06-09,1321.0
1504,2017-06-10,1321.0
1505,2017-06-11,1321.0
1506,2017-06-12,1318.6
1507,2017-06-13,1318.3
1508,2017-06-14,1325.3
1509,2017-06-15,1303.9
1510,2017-06-16,1305.8
1511,2017-06-17,1305.8
1512,2017-06-18,1305.8
1513,2017-06-19,1296.1
1514,2017-06-20,1292.5
1515,2017-06-21,1294.6
1516,2017-06-22,1298.1
1517,2017-06-23,1305.4
1518,2017-06-24,1305.4
1519,2017-06-25,1305.4
1520,2017-06-26,1295.4
1521,2017-06-27,1296.1
1522,2017-06-28,1298.5
1523,2017-06-29,1295.4
1524,2017-06-30,1291.7
1525,2017-07-01,1291.7
1526,2017-07-02,1291.7
1527,2017-07-03,1268.6
1528,2017-07-04,1227.55
1529,2017-07-05,1271.6
1530,2017-07-06,1274.4
1531,2017-07-07,1260.1
1532,2017-07-08,1260.1
1533,2017-07-09,1260.1
1534,2017-07-10,1263.7
1535,2017-07-11,1265.4
1536,2017-07-12,1268.9
1537,2017-07-13,1266.2
1538,2017-07-14,1276.5
1539,2017-07-15,1276.5
1540,2017-07-16,1276.5
1541,2017-07-17,1283.1
1542,2017-07-18,1291.2
1543,2017-07-19,1291.4
1544,2017-07-20,1294.8
1545,2017-07-21,1303.6
1546,2017-07-22,1303.6
1547,2017-07-23,1303.6
1548,2017-07-24,1303.1
1549,2017-07-25,1300.9
1550,2017-07-26,1298.9
1551,2017-07-27,1310.2
1552,2017-07-28,1319.1
1553,2017-07-29,1319.1
1554,2017-07-30,1319.1
1555,2017-07-31,1317.2
1556,2017-08-01,1323.0
1557,2017-08-02,1322.2
1558,2017-08-03,1318.3
1559,2017-08-04,1308.4
1560,2017-08-05,1308.4
1561,2017-08-06,1308.4
1562,2017-08-07,1308.7
1563,2017-08-08,1307.1
1564,2017-08-09,1323.7
1565,2017-08-10,1334.5
1566,2017-08-11,1338.1
1567,2017-08-12,1338.1
1568,2017-08-13,1338.1
1569,2017-08-14,1334.8
1570,2017-08-15,1324.2
1571,2017-08-16,1327.5
1572,2017-08-17,1336.8
1573,2017-08-18,1335.7
1574,2017-08-19,1335.7
1575,2017-08-20,1335.7
1576,2017-08-21,1341.0
1577,2017-08-22,1335.5
1578,2017-08-23,1338.8
1579,2017-08-24,1336.0
1580,2017-08-25,1341.9
1581,2017-08-26,1341.9
1582,2017-08-27,1341.9
1583,2017-08-28,1359.7
1584,2017-08-29,1362.8
1585,2017-08-30,1358.0
1586,2017-08-31,1365.6
1587,2017-09-01,1374.2
1588,2017-09-02,1374.2
1589,2017-09-03,1341.22
1590,2017-09-04,1338.08
1591,2017-09-05,1388.3
1592,2017-09-06,1383.0
1593,2017-09-07,1395.1
1594,2017-09-08,1396.4
1595,2017-09-09,1396.4
1596,2017-09-10,1396.4
1597,2017-09-11,1381.2
1598,2017-09-12,1378.9
1599,2017-09-13,1373.8
1600,2017-09-14,1376.3
1601,2017-09-15,1372.2
1602,2017-09-16,1372.2
1603,2017-09-17,1372.2
1604,2017-09-18,1357.4
1605,2017-09-19,1358.3
1606,2017-09-20,1364.0
1607,2017-09-21,1342.4
1608,2017-09-22,1345.1
1609,2017-09-23,1345.1
1610,2017-09-24,1345.1
1611,2017-09-25,1359.2
1612,2017-09-26,1349.7
1613,2017-09-27,1336.3
1614,2017-09-28,1336.9
1615,2017-09-29,1333.2
1616,2017-09-30,1333.2
1617,2017-10-01,1333.2
1618,2017-10-02,1324.7
1619,2017-10-03,1323.4
1620,2017-10-04,1325.6
1621,2017-10-05,1322.6
1622,2017-10-06,1324.3
1623,2017-10-07,1324.3
1624,2017-10-08,1324.3
1625,2017-10-09,1334.7
1626,2017-10-10,1343.7
1627,2017-10-11,1338.8
1628,2017-10-12,1346.6
1629,2017-10-13,1354.7
1630,2017-10-14,1354.7
1631,2017-10-15,1354.7
1632,2017-10-16,1353.9
1633,2017-10-17,1336.7
1634,2017-10-18,1333.5
1635,2017-10-19,1340.1
1636,2017-10-20,1330.4
1637,2017-10-21,1330.4
1638,2017-10-22,1330.4
1639,2017-10-23,1331.1
1640,2017-10-24,1328.4
1641,2017-10-25,1329.7
1642,2017-10-26,1320.3
1643,2017-10-27,1322.0
1644,2017-10-28,1322.0
1645,2017-10-29,1322.0
1646,2017-10-30,1327.8
1647,2017-10-31,1320.6
1648,2017-11-01,1327.5
1649,2017-11-02,1328.3
1650,2017-11-03,1319.8
1651,2017-11-04,1319.8
1652,2017-11-05,1319.8
1653,2017-11-06,1332.4
1654,2017-11-07,1326.5
1655,2017-11-08,1334.9
1656,2017-11-09,1339.4
1657,2017-11-10,1327.1
1658,2017-11-11,1327.1
1659,2017-11-12,1327.1
1660,2017-11-13,1332.5
1661,2017-11-14,1336.3
1662,2017-11-15,1330.8
1663,2017-11-16,1331.5
1664,2017-11-17,1350.1
1665,2017-11-18,1350.1
1666,2017-11-19,1350.1
1667,2017-11-20,1329.4
1668,2017-11-21,1336.5
1669,2017-11-22,1347.1
1670,2017-11-23,1291.66
1671,2017-11-24,1342.3
1672,2017-11-25,1342.3
1673,2017-11-26,1342.3
1674,2017-11-27,1349.4
1675,2017-11-28,1349.7
1676,2017-11-29,1337.1
1677,2017-11-30,1328.0
1678,2017-12-01,1333.5
1679,2017-12-02,1333.5
1680,2017-12-03,1333.5
1681,2017-12-04,1328.7
1682,2017-12-05,1315.8
1683,2017-12-06,1316.9
1684,2017-12-07,1303.7
1685,2017-12-08,1298.8
1686,2017-12-09,1298.8
1687,2017-12-10,1298.8
1688,2017-12-11,1297.5
1689,2017-12-12,1292.6
1690,2017-12-13,1299.4
1691,2017-12-14,1307.9
1692,2017-12-15,1308.1
1693,2017-12-16,1308.1
1694,2017-12-17,1308.1
1695,2017-12-18,1316.3
1696,2017-12-19,1315.5
1697,2017-12-20,1321.1
1698,2017-12-21,1322.0
1699,2017-12-22,1330.5
1700,2017-12-23,1330.5
1701,2017-12-24,1330.5
1702,2017-12-25,1277.9
1703,2017-12-26,1339.2
1704,2017-12-27,1343.0
1705,2017-12-28,1350.1
1706,2017-12-29,1362.6
1707,2017-12-30,1362.6
1708,2017-12-31,1362.6
1709,2018-01-01,1308.7
1710,2018-01-02,1370.5
1711,2018-01-03,1374.2
1712,2018-01-04,1377.4
1713,2018-01-05,1378.4
1714,2018-01-06,1378.4
1715,2018-01-07,1378.4
1716,2018-01-08,1376.8
1717,2018-01-09,1370.0
1718,2018-01-10,1377.0
1719,2018-01-11,1380.1
1720,2018-01-12,1394.4
1721,2018-01-13,1394.4
1722,2018-01-14,1337.4
1723,2018-01-15,1341.8
1724,2018-01-16,1396.8
1725,2018-01-17,1399.7
1726,2018-01-18,1387.4
1727,2018-01-19,1394.3
1728,2018-01-20,1394.3
1729,2018-01-21,1394.3
1730,2018-01-22,1394.0
1731,2018-01-23,1398.2
1732,2018-01-24,1419.1
1733,2018-01-25,1425.9
1734,2018-01-26,1416.0
1735,2018-01-27,1416.0
1736,2018-01-28,1416.0
1737,2018-01-29,1403.6
1738,2018-01-30,1398.5
1739,2018-01-31,1401.7
1740,2018-02-01,1406.7
1741,2018-02-02,1396.2
1742,2018-02-03,1396.2
1743,2018-02-04,1396.2
1744,2018-02-05,1394.5
1745,2018-02-06,1387.0
1746,2018-02-07,1372.3
1747,2018-02-08,1376.4
1748,2018-02-09,1372.3
1749,2018-02-10,1372.3
1750,2018-02-11,1372.3
1751,2018-02-12,1383.1
1752,2018-02-13,1387.0
1753,2018-02-14,1415.1
1754,2018-02-15,1413.7
1755,2018-02-16,1415.0
1756,2018-02-17,1415.0
1757,2018-02-18,1350.5
1758,2018-02-19,1347.8
1759,2018-02-20,1390.1
1760,2018-02-21,1392.3
1761,2018-02-22,1393.1
1762,2018-02-23,1390.7
1763,2018-02-24,1390.7
1764,2018-02-25,1390.7
1765,2018-02-26,1394.8
1766,2018-02-27,1381.3
1767,2018-02-28,1380.8
1768,2018-03-01,1367.6
1769,2018-03-02,1385.8
1770,2018-03-03,1385.8
1771,2018-03-04,1385.8
1772,2018-03-05,1382.1
1773,2018-03-06,1397.5
1774,2018-03-07,1389.5
1775,2018-03-08,1384.0
1776,2018-03-09,1386.9
1777,2018-03-10,1386.9
1778,2018-03-11,1386.9
1779,2018-03-12,1383.7
1780,2018-03-13,1390.3
1781,2018-03-14,1388.6
1782,2018-03-15,1380.6
1783,2018-03-16,1375.2
1784,2018-03-17,1375.2
1785,2018-03-18,1375.2
1786,2018-03-19,1380.6
1787,2018-03-20,1375.1
1788,2018-03-21,1385.5
1789,2018-03-22,1391.1
1790,2018-03-23,1413.9
1791,2018-03-24,1413.9
1792,2018-03-25,1413.9
1793,2018-03-26,1419.9
1794,2018-03-27,1406.7
1795,2018-03-28,1387.8
1796,2018-03-29,1384.9
1797,2018-03-30,1384.9
1798,2018-03-31,1384.9
1799,2018-04-01,1384.9
1800,2018-04-02,1404.7
1801,2018-04-03,1395.4
1802,2018-04-04,1398.6
1803,2018-04-05,1387.0
1804,2018-04-06,1394.8
1805,2018-04-07,1394.8
1806,2018-04-08,1394.8
1807,2018-04-09,1398.5
1808,2018-04-10,1404.4
1809,2018-04-11,1418.9
1810,2018-04-12,1400.3
1811,2018-04-13,1406.6
1812,2018-04-14,1406.6
1813,2018-04-15,1406.6
1814,2018-04-16,1409.3
1815,2018-04-17,1408.0
1816,2018-04-18,1412.2
1817,2018-04-19,1407.5
1818,2018-04-20,1396.9
1819,2018-04-21,1396.9
1820,2018-04-22,1396.9
1821,2018-04-23,1382.7
1822,2018-04-24,1391.8
1823,2018-04-25,1381.6
1824,2018-04-26,1376.7
1825,2018-04-27,1382.3
1826,2018-04-28,1382.3
1827,2018-04-29,1382.3
1828,2018-04-30,1377.8
1829,2018-05-01,1365.1
1830,2018-05-02,1364.0
1831,2018-05-03,1371.1
1832,2018-05-04,1373.4
1833,2018-05-05,1373.4
1834,2018-05-06,1373.4
1835,2018-05-07,1372.9
1836,2018-05-08,1372.5
1837,2018-05-09,1371.7
1838,2018-05-10,1380.8
1839,2018-05-11,1379.1
1840,2018-05-12,1379.1
1841,2018-05-13,1379.1
1842,2018-05-14,1376.6
1843,2018-05-15,1348.5
1844,2018-05-16,1350.1
1845,2018-05-17,1347.9
1846,2018-05-18,1349.2
1847,2018-05-19,1349.2
1848,2018-05-20,1349.2
1849,2018-05-21,1349.0
1850,2018-05-22,1350.0
1851,2018-05-23,1347.4
1852,2018-05-24,1362.4
1853,2018-05-25,1361.4
1854,2018-05-26,1361.4
1855,2018-05-27,1298.3
1856,2018-05-28,1297.6
1857,2018-05-29,1354.6
1858,2018-05-30,1357.6
1859,2018-05-31,1355.9
1860,2018-06-01,1350.9
1861,2018-06-02,1350.9
1862,2018-06-03,1350.9
1863,2018-06-04,1349.4
1864,2018-06-05,1354.1
1865,2018-06-06,1353.5
1866,2018-06-07,1354.4
1867,2018-06-08,1354.4
1868,2018-06-09,1354.4
1869,2018-06-10,1354.4
1870,2018-06-11,1355.5
1871,2018-06-12,1351.8
1872,2018-06-13,1353.5
1873,2018-06-14,1360.6
1874,2018-06-15,1329.3
1875,2018-06-16,1329.3
1876,2018-06-17,1329.3
1877,2018-06-18,1331.1
1878,2018-06-19,1329.2
1879,2018-06-20,1325.3
1880,2018-06-21,1321.0
1881,2018-06-22,1321.3
1882,2018-06-23,1321.3
1883,2018-06-24,1321.3
1884,2018-06-25,1319.2
1885,2018-06-26,1309.6
1886,2018-06-27,1305.7
1887,2018-06-28,1300.2
1888,2018-06-29,1303.9
1889,2018-06-30,1303.9
1890,2018-07-01,1303.9
1891,2018-07-02,1289.9
1892,2018-07-03,1302.4
1893,2018-07-04,1258.1
1894,2018-07-05,1307.6
1895,2018-07-06,1304.8
1896,2018-07-07,1304.8
1897,2018-07-08,1304.8
1898,2018-07-09,1309.0
1899,2018-07-10,1305.1
1900,2018-07-11,1293.3
1901,2018-07-12,1295.4
1902,2018-07-13,1289.7
1903,2018-07-14,1289.7
1904,2018-07-15,1289.7
1905,2018-07-16,1288.2
1906,2018-07-17,1275.3
1907,2018-07-18,1275.7
1908,2018-07-19,1271.1
1909,2018-07-20,1277.5
1910,2018-07-21,1277.5
1911,2018-07-22,1277.5
1912,2018-07-23,1271.4
1913,2018-07-24,1271.5
1914,2018-07-25,1277.4
1915,2018-07-26,1271.8
1916,2018-07-27,1269.3
1917,2018-07-28,1269.3
1918,2018-07-29,1269.3
1919,2018-07-30,1268.0
1920,2018-07-31,1270.1
1921,2018-08-01,1264.3
1922,2018-08-02,1256.5
1923,2018-08-03,1259.7
1924,2018-08-04,1259.7
1925,2018-08-05,1259.7
1926,2018-08-06,1254.1
1927,2018-08-07,1254.7
1928,2018-08-08,1257.3
1929,2018-08-09,1256.3
1930,2018-08-10,1255.1
1931,2018-08-11,1255.1
1932,2018-08-12,1255.1
1933,2018-08-13,1234.6
1934,2018-08-14,1236.4
1935,2018-08-15,1220.2
1936,2018-08-16,1219.2
1937,2018-08-17,1219.3
1938,2018-08-18,1219.3
1939,2018-08-19,1219.3
1940,2018-08-20,1229.6
1941,2018-08-21,1234.9
1942,2018-08-22,1238.2
1943,2018-08-23,1228.4
1944,2018-08-24,1248.2
1945,2018-08-25,1248.2
1946,2018-08-26,1248.2
1947,2018-08-27,1251.2
1948,2018-08-28,1249.6
1949,2018-08-29,1246.5
1950,2018-08-30,1239.5
1951,2018-08-31,1241.1
1952,2018-09-01,1241.1
1953,2018-09-02,1204.9
1954,2018-09-03,1206.3
1955,2018-09-04,1233.6
1956,2018-09-05,1236.0
1957,2018-09-06,1239.1
1958,2018-09-07,1235.5
1959,2018-09-08,1235.5
1960,2018-09-09,1235.5
1961,2018-09-10,1235.0
1962,2018-09-11,1237.6
1963,2018-09-12,1246.6
1964,2018-09-13,1243.8
1965,2018-09-14,1236.6
1966,2018-09-15,1236.6
1967,2018-09-16,1236.6
1968,2018-09-17,1241.2
1969,2018-09-18,1238.3
1970,2018-09-19,1244.1
1971,2018-09-20,1247.0
1972,2018-09-21,1236.9
1973,2018-09-22,1236.9
1974,2018-09-23,1236.9
1975,2018-09-24,1240.0
1976,2018-09-25,1240.8
1977,2018-09-26,1234.4
1978,2018-09-27,1222.4
1979,2018-09-28,1231.3
1980,2018-09-29,1231.3
1981,2018-09-30,1231.3
1982,2018-10-01,1227.0
1983,2018-10-02,1242.7
1984,2018-10-03,1238.7
1985,2018-10-04,1237.5
1986,2018-10-05,1242.2
1987,2018-10-06,1242.2
1988,2018-10-07,1242.2
1989,2018-10-08,1224.9
1990,2018-10-09,1227.8
1991,2018-10-10,1229.4
1992,2018-10-11,1264.0
1993,2018-10-12,1258.1
1994,2018-10-13,1258.1
1995,2018-10-14,1258.1
1996,2018-10-15,1266.9
1997,2018-10-16,1267.3
1998,2018-10-17,1263.4
1999,2018-10-18,1266.6
2000,2018-10-19,1265.3
2001,2018-10-20,1265.3
2002,2018-10-21,1265.3
2003,2018-10-22,1261.3
2004,2018-10-23,1273.5
2005,2018-10-24,1267.6
2006,2018-10-25,1269.0
2007,2018-10-26,1272.3
2008,2018-10-27,1272.3
2009,2018-10-28,1272.3
2010,2018-10-29,1263.7
2011,2018-10-30,1261.5
2012,2018-10-31,1250.8
2013,2018-11-01,1274.8
2014,2018-11-02,1269.9
2015,2018-11-03,1269.9
2016,2018-11-04,1269.9
2017,2018-11-05,1269.0
2018,2018-11-06,1263.0
2019,2018-11-07,1265.4
2020,2018-11-08,1262.0
2021,2018-11-09,1245.0
2022,2018-11-10,1245.0
2023,2018-11-11,1245.0
2024,2018-11-12,1239.6
2025,2018-11-13,1237.5
2026,2018-11-14,1246.2
2027,2018-11-15,1251.7
2028,2018-11-16,1259.0
2029,2018-11-17,1259.0
2030,2018-11-18,1259.0
2031,2018-11-19,1261.6
2032,2018-11-20,1257.5
2033,2018-11-21,1264.7
2034,2018-11-22,1228.0
2035,2018-11-23,1260.0
2036,2018-11-24,1260.0
2037,2018-11-25,1260.0
2038,2018-11-26,1259.7
2039,2018-11-27,1250.4
2040,2018-11-28,1260.2
2041,2018-11-29,1260.8
2042,2018-11-30,1256.5
2043,2018-12-01,1256.5
2044,2018-12-02,1256.5
2045,2018-12-03,1270.2
2046,2018-12-04,1277.4
2047,2018-12-05,1273.4
2048,2018-12-06,1274.3
2049,2018-12-07,1283.6
2050,2018-12-08,1283.6
2051,2018-12-09,1283.6
2052,2018-12-10,1280.0
2053,2018-12-11,1278.1
2054,2018-12-12,1281.0
2055,2018-12-13,1278.4
2056,2018-12-14,1272.2
2057,2018-12-15,1272.2
2058,2018-12-16,1272.2
2059,2018-12-17,1282.6
2060,2018-12-18,1284.0
2061,2018-12-19,1286.8
2062,2018-12-20,1298.6
2063,2018-12-21,1288.6
2064,2018-12-22,1288.6
2065,2018-12-23,1288.6
2066,2018-12-24,1302.4
2067,2018-12-25,1270.75
2068,2018-12-26,1303.7
2069,2018-12-27,1311.9
2070,2018-12-28,1313.7
2071,2018-12-29,1313.7
2072,2018-12-30,1313.7
2073,2018-12-31,1312.5
2074,2019-01-01,1283.35
2075,2019-01-02,1315.3
2076,2019-01-03,1326.1
2077,2019-01-04,1317.4
2078,2019-01-05,1317.4
2079,2019-01-06,1317.4
2080,2019-01-07,1321.5
2081,2019-01-08,1317.4
2082,2019-01-09,1323.5
2083,2019-01-10,1319.2
2084,2019-01-11,1321.3
2085,2019-01-12,1321.3
2086,2019-01-13,1321.3
2087,2019-01-14,1323.3
2088,2019-01-15,1319.7
2089,2019-01-16,1325.1
2090,2019-01-17,1323.6
2091,2019-01-18,1313.8
2092,2019-01-19,1313.8
2093,2019-01-20,1282.05
2094,2019-01-21,1279.05
2095,2019-01-22,1314.2
2096,2019-01-23,1315.2
2097,2019-01-24,1310.8
2098,2019-01-25,1329.1
2099,2019-01-26,1329.1
2100,2019-01-27,1329.1
2101,2019-01-28,1334.5
2102,2019-01-29,1340.2
2103,2019-01-30,1340.5
2104,2019-01-31,1350.0
2105,2019-02-01,1347.1
2106,2019-02-02,1347.1
2107,2019-02-03,1347.1
2108,2019-02-04,1344.3
2109,2019-02-05,1344.6
2110,2019-02-06,1339.7
2111,2019-02-07,1339.4
2112,2019-02-08,1343.7
2113,2019-02-09,1343.7
2114,2019-02-10,1343.7
2115,2019-02-11,1337.0
2116,2019-02-12,1338.9
2117,2019-02-13,1340.1
2118,2019-02-14,1338.7
2119,2019-02-15,1346.8
2120,2019-02-16,1346.8
2121,2019-02-17,1324.25
2122,2019-02-18,1329.55
2123,2019-02-19,1369.6
2124,2019-02-20,1372.5
2125,2019-02-21,1352.4
2126,2019-02-22,1357.6
2127,2019-02-23,1357.6
2128,2019-02-24,1357.6
2129,2019-02-25,1354.2
2130,2019-02-26,1353.4
2131,2019-02-27,1346.0
2132,2019-02-28,1341.0
2133,2019-03-01,1323.8
2134,2019-03-02,1323.8
2135,2019-03-03,1323.8
2136,2019-03-04,1311.9
2137,2019-03-05,1309.1
2138,2019-03-06,1312.2
2139,2019-03-07,1310.7
2140,2019-03-08,1324.3
2141,2019-03-09,1324.3
2142,2019-03-10,1324.3
2143,2019-03-11,1315.7
2144,2019-03-12,1322.4
2145,2019-03-13,1333.8
2146,2019-03-14,1319.4
2147,2019-03-15,1327.1
2148,2019-03-16,1327.1
2149,2019-03-17,1327.1
2150,2019-03-18,1325.8
2151,2019-03-19,1330.9
2152,2019-03-20,1325.8
2153,2019-03-21,1331.6
2154,2019-03-22,1336.5
2155,2019-03-23,1336.5
2156,2019-03-24,1336.5
2157,2019-03-25,1346.7
2158,2019-03-26,1339.2
2159,2019-03-27,1334.7
2160,2019-03-28,1313.3
2161,2019-03-29,1316.5
2162,2019-03-30,1316.5
2163,2019-03-31,1316.5
2164,2019-04-01,1312.4
2165,2019-04-02,1313.4
2166,2019-04-03,1313.3
2167,2019-04-04,1312.2
2168,2019-04-05,1313.7
2169,2019-04-06,1313.7
2170,2019-04-07,1313.7
2171,2019-04-08,1319.9
2172,2019-04-09,1326.3
2173,2019-04-10,1331.9
2174,2019-04-11,1311.3
2175,2019-04-12,1313.4
2176,2019-04-13,1313.4
2177,2019-04-14,1313.4
2178,2019-04-15,1309.4
2179,2019-04-16,1295.2
2180,2019-04-17,1294.7
2181,2019-04-18,1294.1
2182,2019-04-19,1277.9
2183,2019-04-20,1277.9
2184,2019-04-21,1277.9
2185,2019-04-22,1295.8
2186,2019-04-23,1291.2
2187,2019-04-24,1297.4
2188,2019-04-25,1297.7
2189,2019-04-26,1306.8
2190,2019-04-27,1306.8
2191,2019-04-28,1306.8
2192,2019-04-29,1299.4
2193,2019-04-30,1303.6
2194,2019-05-01,1302.2
2195,2019-05-02,1289.9
2196,2019-05-03,1299.2
2197,2019-05-04,1299.2
2198,2019-05-05,1299.2
2199,2019-05-06,1301.8
2200,2019-05-07,1303.6
2201,2019-05-08,1299.5
2202,2019-05-09,1303.2
2203,2019-05-10,1305.3
2204,2019-05-11,1305.3
2205,2019-05-12,1305.3
2206,2019-05-13,1319.5
2207,2019-05-14,1313.6
2208,2019-05-15,1315.1
2209,2019-05-16,1303.5
2210,2019-05-17,1293.0
2211,2019-05-18,1293.0
2212,2019-05-19,1293.0
2213,2019-05-20,1294.6
2214,2019-05-21,1290.4
2215,2019-05-22,1291.4
2216,2019-05-23,1302.7
2217,2019-05-24,1301.0
2218,2019-05-25,1301.0
2219,2019-05-26,1284.15
2220,2019-05-27,1284.95
2221,2019-05-28,1294.3
2222,2019-05-29,1297.9
2223,2019-05-30,1304.1
2224,2019-05-31,1322.6
2225,2019-06-01,1322.6
2226,2019-06-02,1322.6
2227,2019-06-03,1339.3
2228,2019-06-04,1340.1
2229,2019-06-05,1344.9
2230,2019-06-06,1354.0
2231,2019-06-07,1357.4
2232,2019-06-08,1357.4
2233,2019-06-09,1357.4
2234,2019-06-10,1340.7
2235,2019-06-11,1342.7
2236,2019-06-12,1348.2
2237,2019-06-13,1355.1
2238,2019-06-14,1355.9
2239,2019-06-15,1355.9
2240,2019-06-16,1355.9
2241,2019-06-17,1354.2
2242,2019-06-18,1362.1
2243,2019-06-19,1360.1
2244,2019-06-20,1408.3
2245,2019-06-21,1411.2
2246,2019-06-22,1411.2
2247,2019-06-23,1411.2
2248,2019-06-24,1429.5
2249,2019-06-25,1430.1
2250,2019-06-26,1426.8
2251,2019-06-27,1423.4
2252,2019-06-28,1425.1
2253,2019-06-29,1425.1
2254,2019-06-30,1425.1
2255,2019-07-01,1400.8
2256,2019-07-02,1419.8
2257,2019-07-03,1432.9
2258,2019-07-04,1423.55
2259,2019-07-05,1412.1
2260,2019-07-06,1412.1
2261,2019-07-07,1412.1
2262,2019-07-08,1412.2
2263,2019-07-09,1412.8
2264,2019-07-10,1424.9
2265,2019-07-11,1419.3
2266,2019-07-12,1424.8
2267,2019-07-13,1424.8
2268,2019-07-14,1424.8
2269,2019-07-15,1426.1
2270,2019-07-16,1423.6
2271,2019-07-17,1435.9
2272,2019-07-18,1440.8
2273,2019-07-19,1439.4
2274,2019-07-20,1439.4
2275,2019-07-21,1439.4
2276,2019-07-22,1439.7
2277,2019-07-23,1434.5
2278,2019-07-24,1436.5
2279,2019-07-25,1427.5
2280,2019-07-26,1432.2
2281,2019-07-27,1432.2
2282,2019-07-28,1432.2
2283,2019-07-29,1433.3
2284,2019-07-30,1441.8
2285,2019-07-31,1437.8
2286,2019-08-01,1432.4
2287,2019-08-02,1457.5
2288,2019-08-03,1457.5
2289,2019-08-04,1457.5
2290,2019-08-05,1476.5
2291,2019-08-06,1484.2
2292,2019-08-07,1519.6
2293,2019-08-08,1509.5
2294,2019-08-09,1508.5
2295,2019-08-10,1508.5
2296,2019-08-11,1508.5
2297,2019-08-12,1517.2
2298,2019-08-13,1514.1
2299,2019-08-14,1527.8
2300,2019-08-15,1531.2
2301,2019-08-16,1523.6
2302,2019-08-17,1523.6
2303,2019-08-18,1523.6
2304,2019-08-19,1511.6
2305,2019-08-20,1515.7
2306,2019-08-21,1515.7
2307,2019-08-22,1508.5
2308,2019-08-23,1537.6
2309,2019-08-24,1537.6
2310,2019-08-25,1537.6
2311,2019-08-26,1537.2
2312,2019-08-27,1551.8
2313,2019-08-28,1549.1
2314,2019-08-29,1536.9
2315,2019-08-30,1529.4
2316,2019-08-31,1529.4
2317,2019-09-01,1538.05
2318,2019-09-02,1535.15
2319,2019-09-03,1555.9
2320,2019-09-04,1560.4
2321,2019-09-05,1525.5
2322,2019-09-06,1515.5
2323,2019-09-07,1515.5
2324,2019-09-08,1515.5
2325,2019-09-09,1511.1
2326,2019-09-10,1499.2
2327,2019-09-11,1503.2
2328,2019-09-12,1507.4
2329,2019-09-13,1499.5
2330,2019-09-14,1499.5
2331,2019-09-15,1499.5
2332,2019-09-16,1511.5
2333,2019-09-17,1513.4
2334,2019-09-18,1515.8
2335,2019-09-19,1506.2
2336,2019-09-20,1515.1
2337,2019-09-21,1515.1
2338,2019-09-22,1515.1
2339,2019-09-23,1531.5
2340,2019-09-24,1540.2
2341,2019-09-25,1512.3
2342,2019-09-26,1515.2
2343,2019-09-27,1506.4
2344,2019-09-28,1506.4
2345,2019-09-29,1506.4
2346,2019-09-30,1472.9
2347,2019-10-01,1489.0
2348,2019-10-02,1507.9
2349,2019-10-03,1513.8
2350,2019-10-04,1512.9
2351,2019-10-05,1512.9
2352,2019-10-06,1512.9
2353,2019-10-07,1504.4
2354,2019-10-08,1503.9
2355,2019-10-09,1512.8
2356,2019-10-10,1500.9
2357,2019-10-11,1488.7
2358,2019-10-12,1488.7
2359,2019-10-13,1488.7
2360,2019-10-14,1497.6
2361,2019-10-15,1483.5
2362,2019-10-16,1494.0
2363,2019-10-17,1498.3
