date,S&P500_bond_us,S&P1200_equity_global,S&P500_equity_us
29/04/2013,376.35,1640.11,1593.609985
30/04/2013,376.27,1647.08,1597.569946
1/05/2013,377.17,1637.75,1582.699951
2/05/2013,377.47,1641,1597.589966
3/05/2013,375.17,1655.81,1614.420044
6/05/2013,374.9,1655.76,1617.5
7/05/2013,374.93,1666.8,1625.959961
8/05/2013,375.43,1678.32,1632.689941
9/05/2013,375.12,1666.27,1626.670044
10/05/2013,373.27,1670.82,1633.699951
13/05/2013,372.94,1670.67,1633.77002
14/05/2013,372.33,1679.11,1650.339966
15/05/2013,372.56,1687.66,1658.780029
16/05/2013,374.2,1681.63,1650.469971
17/05/2013,372.58,1688.71,1667.469971
20/05/2013,372.5,1696.84,1666.290039
21/05/2013,372.95,1698.74,1669.160034
22/05/2013,371.59,1690.29,1655.349976
23/05/2013,371.65,1669.48,1650.51001
24/05/2013,371.95,1667.02,1649.599976
27/05/2013,371.66,1663.96,1660.060059
28/05/2013,369.69,1672.88,1648.359985
29/05/2013,369.52,1663.72,1654.410034
30/05/2013,369.16,1667.1,1630.73999
31/05/2013,368.08,1646.54,1640.420044
3/06/2013,368.35,1648.38,1631.380005
4/06/2013,367.69,1647.71,1608.900024
5/06/2013,367.42,1622.37,1622.560059
6/06/2013,367.75,1630.49,1643.380005
7/06/2013,366.18,1642.1,1642.810059
10/06/2013,365.29,1646.67,1626.130005
11/06/2013,365.22,1635.65,1612.52002
12/06/2013,364.33,1624.97,1636.359985
13/06/2013,365.17,1633.8,1626.72998
14/06/2013,366.41,1632.3,1639.040039
17/06/2013,365.65,1646.37,1651.810059
18/06/2013,365.48,1652.84,1628.930054
19/06/2013,362.93,1633.51,1588.189941
20/06/2013,359.42,1587.42,1592.430054
21/06/2013,357.93,1582.38,1573.089966
24/06/2013,356.42,1560.64,1588.030029
25/06/2013,355.4,1573.13,1603.26001
26/06/2013,356.61,1586.35,1613.199951
27/06/2013,357.87,1601.69,1606.280029
28/06/2013,358.8,1598.9,1614.959961
1/07/2013,359.17,1609.48,1614.079956
2/07/2013,359.84,1606.24,1615.410034
3/07/2013,359.34,1603.02,1631.890015
4/07/2013,359.13,1611.32,1640.459961
5/07/2013,355.57,1611.6,1652.319946
8/07/2013,357.22,1621.26,1652.619995
9/07/2013,357.89,1633.61,1675.02002
10/07/2013,357.37,1638.25,1680.189941
11/07/2013,359.69,1667.3,1682.5
12/07/2013,359.35,1666.99,1676.26001
15/07/2013,360.45,1670.68,1680.910034
16/07/2013,361.21,1670.7,1689.369995
17/07/2013,362.09,1674.89,1692.089966
18/07/2013,361.6,1682.52,1695.530029
19/07/2013,362.82,1683.64,1692.390015
22/07/2013,363.42,1690.88,1685.939941
23/07/2013,363.05,1692.61,1690.25
24/07/2013,361.72,1688.34,1691.650024
25/07/2013,361.3,1692.54,1685.329956
26/07/2013,362.31,1687.57,1685.959961
29/07/2013,361.82,1679.21,1685.72998
30/07/2013,361.56,1680.27,1706.869995
31/07/2013,361.79,1679.34,1709.670044
1/08/2013,359.46,1693.85,1707.140015
2/08/2013,361.54,1704.93,1697.369995
5/08/2013,360.83,1702.92,1690.910034
6/08/2013,360.81,1697.54,1697.47998
7/08/2013,361.46,1688.56,1691.420044
8/08/2013,361.82,1697.16,1689.469971
9/08/2013,361.86,1697.06,1694.160034
12/08/2013,361.3,1694.38,1685.390015
13/08/2013,359.27,1700.06,1661.319946
14/08/2013,359.25,1698.67,1655.829956
15/08/2013,358.11,1683.85,1646.060059
16/08/2013,356.89,1679.89,1652.349976
19/08/2013,355.82,1670.87,1642.800049
20/08/2013,356.83,1669.07,1656.959961
21/08/2013,355.98,1655.14,1663.5
22/08/2013,355.45,1666.73,1656.780029
23/08/2013,357.1,1677.83,1630.47998
26/08/2013,357.69,1673.82,1634.959961
27/08/2013,359.29,1651.97,1638.170044
28/08/2013,358.2,1647.03,1632.969971
29/08/2013,359.08,1649.05,1639.77002
30/08/2013,359.5,1640.58,1653.079956
2/09/2013,358.32,1649.8,1655.079956
3/09/2013,357.83,1656.18,1655.170044
4/09/2013,356.99,1666.46,1671.709961
5/09/2013,355.13,1668.36,1683.98999
6/09/2013,355.48,1674.24,1689.130005
9/09/2013,356.38,1689.86,1683.420044
10/09/2013,355.31,1705.38,1687.98999
11/09/2013,356.06,1712.28,1697.599976
12/09/2013,356.25,1707.01,1704.76001
13/09/2013,356.32,1710.05,1725.52002
16/09/2013,356.72,1722.07,1722.339966
17/09/2013,357.3,1724.92,1709.910034
18/09/2013,359.82,1749.31,1701.839966
19/09/2013,359.47,1751.85,1697.420044
20/09/2013,360.08,1742.52,1692.77002
23/09/2013,360.45,1736.39,1698.670044
24/09/2013,361.78,1732.82,1691.75
25/09/2013,362.43,1731.39,1681.550049
26/09/2013,361.73,1733.63,1695
27/09/2013,361.91,1730.79,1693.869995
30/09/2013,361.68,1716.72,1678.660034
1/10/2013,361.24,1729.11,1690.5
2/10/2013,361.83,1726.34,1676.119995
3/10/2013,362.25,1718.16,1655.449951
4/10/2013,361.78,1721.26,1656.400024
7/10/2013,362.24,1712.09,1692.560059
8/10/2013,362.25,1696.49,1703.199951
9/10/2013,361.93,1694.1,1710.140015
10/10/2013,361.83,1722.9,1698.060059
11/10/2013,362.22,1735.36,1721.540039
14/10/2013,361.49,1740.16,1733.150024
15/10/2013,361.93,1737.74,1744.5
16/10/2013,363.23,1751.37,1744.660034
17/10/2013,365,1767.57,1754.670044
18/10/2013,365.28,1779.17,1746.380005
21/10/2013,365.08,1780.99,1752.069946
22/10/2013,366.86,1794.43,1759.77002
23/10/2013,367.29,1782.97,1762.109985
24/10/2013,366.59,1790.29,1771.949951
25/10/2013,367.01,1790.25,1763.310059
28/10/2013,366.97,1793.55,1756.540039
29/10/2013,367.1,1797.56,1761.640015
30/10/2013,366.94,1794.59,1767.930054
31/10/2013,366.86,1784.85,1762.969971
1/11/2013,365.57,1781.3,1770.48999
4/11/2013,365.92,1787.8,1747.150024
5/11/2013,364.73,1781.64,1770.609985
6/11/2013,364.9,1791.05,1771.890015
7/11/2013,365.63,1772.47,1767.689941
8/11/2013,363.14,1779.14,1782
11/11/2013,363.06,1783.37,1790.619995
12/11/2013,362.82,1779.47,1798.180054
13/11/2013,363.49,1784.25,1791.530029
14/11/2013,364.48,1795.22,1787.869995
15/11/2013,364.54,1806.44,1781.369995
18/11/2013,365.62,1808.86,1795.849976
19/11/2013,364.97,1803.25,1804.76001
20/11/2013,363.62,1794.7,1802.47998
21/11/2013,364.15,1801.3,1802.75
22/11/2013,364.94,1809.75,1807.22998
25/11/2013,365.39,1809.81,1805.810059
26/11/2013,366.46,1808,1800.900024
27/11/2013,365.9,1810.37,1795.150024
28/11/2013,365.84,1815.4,1792.810059
29/11/2013,365.73,1813.55,1785.030029
2/12/2013,365.11,1805.7,1805.089966
3/12/2013,365.63,1796.75,1808.369995
4/12/2013,364.37,1789.09,1802.619995
5/12/2013,364.1,1781.71,1782.219971
6/12/2013,364,1796.33,1775.5
9/12/2013,364.65,1803.06,1775.319946
10/12/2013,366.08,1798.43,1786.540039
11/12/2013,365.39,1781.66,1781
12/12/2013,364.95,1768.3,1810.650024
13/12/2013,365.43,1767.58,1809.599976
16/12/2013,365.45,1778.45,1818.319946
17/12/2013,366.31,1773.07,1827.98999
18/12/2013,365.78,1791.97,1833.319946
19/12/2013,365.72,1800.38,1842.02002
20/12/2013,366.86,1808.81,1841.400024
23/12/2013,366.58,1820.09,1841.069946
24/12/2013,365.46,1823.25,1848.359985
25/12/2013,365.58,1823.33,1831.97998
26/12/2013,365.36,1829.9,1831.369995
27/12/2013,365.22,1837.7,1826.77002
30/12/2013,366.19,1840.72,1837.880005
31/12/2013,365.67,1845.41,1837.48999
1/01/2014,365.31,1828.1,1838.130005
2/01/2014,366.65,1826.29,1842.369995
3/01/2014,366.14,1822.75,1819.199951
6/01/2014,367.08,1829.25,1838.880005
7/01/2014,367.59,1830.68,1848.380005
8/01/2014,366.57,1827.59,1845.890015
9/01/2014,367.2,1836.86,1838.699951
10/01/2014,369.21,1827.88,1843.800049
13/01/2014,369.97,1832.21,1844.859985
14/01/2014,369.07,1842.85,1828.459961
15/01/2014,368.89,1842.12,1790.290039
16/01/2014,369.58,1837.78,1781.560059
17/01/2014,369.89,1838.73,1792.5
20/01/2014,370.14,1841.66,1774.199951
21/01/2014,370.19,1842.71,1794.189941
22/01/2014,369.44,1831.87,1782.589966
23/01/2014,370.97,1795.15,1741.890015
24/01/2014,371.21,1779.98,1755.199951
27/01/2014,370.54,1787.36,1751.640015
28/01/2014,370.87,1778.16,1773.430054
29/01/2014,372.01,1782.62,1797.02002
30/01/2014,371.7,1773.13,1799.839966
31/01/2014,371.96,1743.51,1819.75
3/02/2014,373.56,1741.89,1819.26001
4/02/2014,372.84,1743.51,1829.829956
5/02/2014,371.88,1765.94,1838.630005
6/02/2014,371.51,1787.83,1840.76001
7/02/2014,372.24,1792.21,1828.75
10/02/2014,372.5,1811.49,1839.780029
11/02/2014,372.11,1816.46,1836.25
12/02/2014,371.45,1822.27,1847.609985
13/02/2014,372.74,1831.03,1845.119995
14/02/2014,372.76,1834.31,1845.160034
17/02/2014,372.98,1840.48,1854.290039
18/02/2014,373.69,1832.83,1859.449951
19/02/2014,373.17,1834.81,1845.72998
20/02/2014,372.83,1838.93,1873.910034
21/02/2014,373.38,1848.54,1873.810059
24/02/2014,373.32,1848.87,1877.030029
25/02/2014,374.58,1844.51,1878.040039
26/02/2014,375.22,1849.49,1877.170044
27/02/2014,375.99,1856.37,1867.630005
28/02/2014,376.08,1832.16,1868.199951
3/03/2014,376.94,1858.11,1846.339966
4/03/2014,375.41,1859.9,1841.130005
5/03/2014,375.29,1869.03,1858.829956
6/03/2014,374.4,1863.04,1872.25
7/03/2014,373.31,1857.34,1860.77002
10/03/2014,373.34,1852.43,1872.01001
11/03/2014,373.69,1845.73,1866.52002
12/03/2014,374.3,1828.38,1857.439941
13/03/2014,375.67,1817.65,1865.619995
14/03/2014,375.65,1832.24,1852.560059
17/03/2014,374.81,1845.38,1849.040039
18/03/2014,375.16,1831.94,1857.619995
19/03/2014,373.64,1833.49,1872.339966
20/03/2014,373.84,1833.21,1885.52002
21/03/2014,374.69,1827.34,1890.900024
24/03/2014,375.3,1838.23,1888.77002
25/03/2014,375.5,1837.2,1865.089966
26/03/2014,376.32,1835.94,1845.040039
27/03/2014,376.97,1845.94,1851.959961
28/03/2014,376.3,1858.14,1872.180054
31/03/2014,376.3,1869.39,1833.079956
1/04/2014,375.8,1873.66,1815.689941
2/04/2014,374.94,1871.73,1830.609985
3/04/2014,375.54,1863.33,1842.97998
4/04/2014,376.89,1845.97,1862.310059
7/04/2014,377.72,1851.69,1864.849976
8/04/2014,378.07,1865.14,1871.890015
9/04/2014,378.06,1842.95,1879.550049
10/04/2014,379.46,1823.71,1875.390015
11/04/2014,379.74,1830.58,1878.609985
14/04/2014,379.54,1831.55,1863.400024
15/04/2014,379.79,1852.09,1869.430054
16/04/2014,379.8,1856.13,1878.329956
17/04/2014,378.38,1857.06,1883.949951
18/04/2014,378.31,1859.69,1883.680054
21/04/2014,378.46,1870.45,1881.140015
22/04/2014,378.67,1866.67,1884.660034
23/04/2014,379.54,1869.83,1867.719971
24/04/2014,379.63,1857.32,1878.209961
25/04/2014,380.09,1861.23,1875.630005
28/04/2014,379.85,1871.38,1878.47998
29/04/2014,379.47,1877.1,1896.650024
30/04/2014,380.39,1879.24,1897.449951
1/05/2014,381.54,1878.06,1888.530029
2/05/2014,381.99,1878.55,1870.849976
5/05/2014,381.56,1871.84,1877.859985
6/05/2014,382.07,1872.66,1885.079956
7/05/2014,381.96,1876.65,1872.829956
8/05/2014,382.17,1873.24,1888.030029
9/05/2014,381.54,1886.35,1892.48999
12/05/2014,381.1,1889.61,1900.530029
13/05/2014,382.01,1887.26,1911.910034
14/05/2014,383.61,1872.77,1909.780029
15/05/2014,384.16,1874.87,1920.030029
16/05/2014,383.91,1876.21,1923.569946
19/05/2014,383.55,1868.08,1924.969971
20/05/2014,384.01,1878.77,1924.23999
21/05/2014,383.23,1884.01,1927.880005
22/05/2014,382.84,1889.5,1940.459961
23/05/2014,383.46,1895.21,1949.439941
26/05/2014,383.68,1900.49,1951.27002
27/05/2014,384.13,1898.64,1950.790039
28/05/2014,385.84,1905.66,1943.890015
29/05/2014,385.55,1906.75,1930.109985
30/05/2014,385.33,1908.52,1936.160034
2/06/2014,383.88,1908.48,1937.780029
3/06/2014,382.72,1909.31,1941.98999
4/06/2014,382.49,1920.84,1956.97998
5/06/2014,382.97,1929.3,1959.47998
6/06/2014,382.89,1931.26,1962.869995
9/06/2014,382.77,1931.54,1962.609985
10/06/2014,382.44,1926.07,1949.97998
11/06/2014,382.44,1920.05,1959.530029
12/06/2014,383.71,1921.42,1957.219971
13/06/2014,383.41,1920.86,1960.959961
16/06/2014,383.75,1922.35,1960.22998
17/06/2014,382.67,1934.62,1973.319946
18/06/2014,383.4,1942.87,1974.619995
19/06/2014,383.2,1943.36,1985.439941
20/06/2014,383.32,1941.43,1977.650024
23/06/2014,383.6,1932.79,1963.709961
24/06/2014,384.52,1932.08,1972.829956
25/06/2014,385.03,1932.4,1964.680054
26/06/2014,385.83,1935.87,1967.569946
27/06/2014,385.46,1937.67,1977.099976
30/06/2014,385.92,1950.56,1973.280029
1/07/2014,384.84,1952.81,1981.569946
2/07/2014,383.32,1961.12,1958.119995
3/07/2014,382.97,1960.14,1978.219971
4/07/2014,383.15,1951.04,1973.630005
7/07/2014,383.87,1936.64,1983.530029
8/07/2014,385.01,1942.29,1987.01001
9/07/2014,385.45,1930.22,1987.97998
10/07/2014,385.47,1931.73,1978.339966
11/07/2014,385.84,1943.42,1978.910034
14/07/2014,385.35,1938.29,1969.949951
15/07/2014,385.28,1948.69,1970.069946
16/07/2014,385.56,1931.22,1930.670044
17/07/2014,386.77,1942.05,1925.150024
18/07/2014,386.39,1937.27,1938.98999
21/07/2014,386.7,1949.58,1920.209961
22/07/2014,387.01,1952.77,1920.23999
23/07/2014,387.04,1955.77,1909.569946
24/07/2014,386.16,1946.05,1931.589966
25/07/2014,387.21,1946.38,1936.920044
28/07/2014,386.76,1942.44,1933.75
29/07/2014,387.52,1938.58,1946.719971
30/07/2014,385.55,1908.56,1955.180054
31/07/2014,385.28,1897.71,1955.060059
1/08/2014,385.78,1904.17,1971.73999
4/08/2014,385.95,1891,1981.599976
5/08/2014,386.18,1886.54,1986.51001
6/08/2014,386.13,1875.63,1992.369995
7/08/2014,387.14,1880.74,1988.400024
8/08/2014,387.19,1894.01,1997.920044
11/08/2014,387.15,1892.27,2000.02002
12/08/2014,386.64,1901.6,2000.119995
13/08/2014,387.36,1909.63,1996.73999
14/08/2014,388.26,1909.52,2003.369995
15/08/2014,389.49,1923.3,2002.280029
18/08/2014,388.55,1931.59,2000.719971
19/08/2014,388.09,1930.73,1997.650024
20/08/2014,387.77,1938.84,2007.709961
21/08/2014,388.43,1933.52,2001.540039
22/08/2014,388.82,1942.87,1988.439941
25/08/2014,389.34,1946.66,1995.689941
26/08/2014,389.26,1949.82,1997.449951
27/08/2014,390.16,1943.37,1985.540039
28/08/2014,390.93,1946.63,1984.130005
29/08/2014,390.76,1947.65,1998.97998
1/09/2014,390.64,1946.14,2001.569946
2/09/2014,388.96,1953.08,2011.359985
3/09/2014,389.15,1947.14,2010.400024
4/09/2014,388.11,1950.53,1994.290039
5/09/2014,387.7,1940.01,1982.77002
8/09/2014,387.69,1931.91,1998.300049
9/09/2014,387.13,1933.57,1965.98999
10/09/2014,386.14,1932.54,1982.849976
11/09/2014,386.29,1925.4,1977.800049
12/09/2014,384.39,1923.05,1972.290039
15/09/2014,384.81,1931.48,1946.160034
16/09/2014,384.68,1928.48,1946.170044
17/09/2014,384.28,1940.36,1967.900024
18/09/2014,384.13,1936.86,1964.819946
19/09/2014,385.28,1922.91,1935.099976
22/09/2014,385.75,1909.64,1968.890015
23/09/2014,386.39,1917.63,1928.209961
24/09/2014,385.45,1894.17,1906.130005
25/09/2014,386.53,1899.86,1874.73999
26/09/2014,385.73,1892.18,1877.699951
29/09/2014,386.3,1888.31,1862.48999
30/09/2014,385.74,1868.22,1862.76001
1/10/2014,388,1855.2,1886.76001
2/10/2014,387.36,1863.57,1904.01001
3/10/2014,387.77,1873.26,1941.280029
6/10/2014,388.48,1850.93,1927.109985
7/10/2014,390.07,1866.14,1950.819946
8/10/2014,390.24,1839.02,1964.579956
9/10/2014,390.25,1811.21,1961.630005
10/10/2014,390.58,1799.41,1985.050049
13/10/2014,391.78,1794.8,1982.300049
14/10/2014,392.34,1779.08,1994.650024
15/10/2014,393.63,1773.7,2018.050049
16/10/2014,392.12,1795.25,2017.810059
17/10/2014,391.77,1809.88,2012.099976
20/10/2014,392.25,1834.13,2023.569946
21/10/2014,392.12,1830.62,2031.209961
22/10/2014,391.74,1844.57,2031.920044
23/10/2014,390.69,1853.5,2038.26001
24/10/2014,390.64,1851.48,2039.680054
27/10/2014,391.05,1871.65,2038.25
28/10/2014,390.48,1868.22,2039.329956
29/10/2014,389.92,1878.05,2039.819946
30/10/2014,390.24,1900.09,2041.319946
31/10/2014,389.6,1889.31,2051.800049
3/11/2014,389.43,1887.32,2048.719971
4/11/2014,389.37,1896.65,2052.75
5/11/2014,389.18,1894.49,2063.5
6/11/2014,388.54,1898.95,2069.409912
7/11/2014,389.72,1903.96,2067.030029
10/11/2014,388.74,1909.86,2072.830078
11/11/2014,388.63,1902.84,2067.560059
12/11/2014,388.75,1905.43,2053.439941
13/11/2014,388.81,1908.54,2066.550049
14/11/2014,389.26,1904.13,2074.330078
17/11/2014,388.56,1918.32,2071.919922
18/11/2014,388.56,1914.94,2075.370117
19/11/2014,387.79,1916.09,2060.310059
20/11/2014,388.24,1928.78,2059.820068
21/11/2014,389.02,1933.68,2026.140015
24/11/2014,389.41,1935.39,2035.329956
25/11/2014,390.73,1941.34,2002.329956
26/11/2014,391.46,1939.31,1989.630005
27/11/2014,391.91,1932.2,1972.73999
28/11/2014,392.29,1922.08,2012.890015
1/12/2014,391.27,1927.02,2061.22998
2/12/2014,389.69,1930.76,2070.649902
3/12/2014,389.79,1927.12,2078.540039
4/12/2014,390.43,1930.99,2082.169922
5/12/2014,389.7,1919.67,2081.879883
8/12/2014,390.77,1909.8,2088.77002
9/12/2014,390.99,1888.07,2090.570068
10/12/2014,391.69,1887.8,2080.350098
11/12/2014,391.43,1859.03,2058.899902
12/12/2014,392.64,1837.45,2058.199951
15/12/2014,392.22,1838.2,2020.579956
16/12/2014,392.46,1852.39,2002.609985
17/12/2014,390.96,1893.76,2025.900024
18/12/2014,390.53,1904.01,2062.139893
19/12/2014,391.49,1911.49,2044.810059
22/12/2014,392.22,1912.79,2028.26001
23/12/2014,390.23,1916.06,2023.030029
24/12/2014,390.52,1915.54,2011.27002
25/12/2014,390.47,1919.02,1992.670044
26/12/2014,390.91,1920.84,2019.420044
29/12/2014,392.07,1909.82,2022.550049
30/12/2014,392.6,1897.82,2032.119995
31/12/2014,392.98,1889.9,2063.149902
1/01/2015,393.01,1854.8,2051.820068
2/01/2015,394.25,1835.3,2057.090088
5/01/2015,396.03,1848.13,2029.550049
6/01/2015,397.43,1882.18,2002.160034
7/01/2015,397.71,1871.2,2021.25
8/01/2015,396.33,1863.49,1994.98999
9/01/2015,397.44,1864.68,2020.849976
12/01/2015,398.84,1849.58,2050.030029
13/01/2015,399.01,1850.98,2041.51001
14/01/2015,399.44,1862.81,2062.52002
15/01/2015,400.71,1866.65,2055.469971
16/01/2015,399.42,1870.79,2046.73999
19/01/2015,400.56,1883.12,2068.590088
20/01/2015,399.97,1896.46,2068.530029
21/01/2015,398.96,1896.94,2088.47998
22/01/2015,398.47,1902.92,2096.98999
23/01/2015,400.42,1893.72,2100.340088
26/01/2015,400.44,1874.26,2099.679932
27/01/2015,400.48,1879.25,2097.449951
28/01/2015,402.98,1861.72,2110.300049
29/01/2015,402.26,1879.53,2109.659912
30/01/2015,403.87,1906.5,2115.47998
2/02/2015,404.12,1903.82,2113.860107
3/02/2015,401.8,1918.96,2110.73999
4/02/2015,401.75,1907.63,2104.5
5/02/2015,401.43,1901.61,2117.389893
6/02/2015,399.16,1912.79,2107.780029
9/02/2015,399.18,1907.93,2098.530029
10/02/2015,398.25,1931.75,2101.040039
11/02/2015,398.42,1942.3,2071.26001
12/02/2015,398.62,1941.92,2079.429932
13/02/2015,397.76,1945.92,2044.160034
16/02/2015,397,1951.44,2040.23999
17/02/2015,395.53,1950.09,2065.949951
18/02/2015,397.33,1959.09,2053.399902
19/02/2015,396.66,1960.91,2081.189941
20/02/2015,396.51,1968.82,2074.280029
23/02/2015,398.66,1970,2099.5
24/02/2015,400.4,1965.32,2089.27002
25/02/2015,400.91,1963.59,2108.100098
26/02/2015,399.9,1968.1,2104.419922
27/02/2015,400.39,1958.37,2091.5
2/03/2015,398.44,1950.76,2061.050049
3/03/2015,397.83,1952.45,2056.149902
4/03/2015,397.78,1928.52,2061.02002
5/03/2015,398.19,1928.56,2086.23999
6/03/2015,395.25,1894.85,2067.889893
9/03/2015,396.3,1892.74,2059.689941
10/03/2015,397.59,1913.3,2066.959961
11/03/2015,398.04,1901.97,2080.620117
12/03/2015,398.14,1924.98,2076.330078
13/03/2015,397.61,1921.34,2081.899902
16/03/2015,397.68,1957.81,2091.179932
17/03/2015,398.34,1939.47,2102.060059
18/03/2015,400.71,1965.71,2092.429932
19/03/2015,400.35,1970.1,2095.840088
20/03/2015,401.42,1963.18,2106.629883
23/03/2015,401.61,1944.04,2104.98999
24/03/2015,402.63,1930.27,2081.179932
25/03/2015,401.59,1930.11,2100.399902
26/03/2015,399.35,1944.47,2097.290039
27/03/2015,401.16,1927.26,2107.959961
30/03/2015,400.89,1925.13,2112.929932
31/03/2015,401.5,1937.44,2117.689941
1/04/2015,403.11,1943.99,2108.919922
2/04/2015,402.39,1948.69,2114.76001
3/04/2015,403.85,1951.22,2106.850098
6/04/2015,402.38,1956.01,2085.51001
7/04/2015,403.22,1962.07,2108.290039
8/04/2015,403.52,1971.44,2114.48999
9/04/2015,401.91,1966.08,2089.459961
10/04/2015,402.27,1970.79,2080.149902
13/04/2015,402.69,1982.1,2088
14/04/2015,403.45,1985.14,2116.100098
15/04/2015,403.5,1963.29,2105.330078
16/04/2015,403.84,1972.19,2099.120117
17/04/2015,404.6,1976.04,2098.47998
20/04/2015,403.38,1982.45,2121.100098
21/04/2015,403.07,1990.66,2122.72998
22/04/2015,401.67,1999,2129.199951
23/04/2015,402.15,2001.22,2127.830078
24/04/2015,402.77,2003.44,2125.850098
27/04/2015,402.75,1992.65,2130.820068
28/04/2015,401.31,1976.2,2126.060059
29/04/2015,399.46,1984.66,2104.199951
30/04/2015,398.95,1988.47,2123.47998
1/05/2015,397.33,1969.55,2120.790039
4/05/2015,396.77,1967.49,2107.389893
5/05/2015,395.88,1964.62,2111.72998
6/05/2015,394.3,1993.16,2109.600098
7/05/2015,395.63,1985.94,2114.070068
8/05/2015,396.29,1980.29,2095.840088
11/05/2015,393.57,1986.56,2092.830078
12/05/2015,393.89,2003,2079.280029
13/05/2015,393.41,2005.26,2080.149902
14/05/2015,393.96,2004.26,2105.199951
15/05/2015,396.49,2002.06,2108.860107
18/05/2015,394.58,2001.16,2094.110107
19/05/2015,393.74,2007.62,2084.429932
20/05/2015,393.5,1999.38,2096.290039
21/05/2015,394.88,1998.64,2100.439941
22/05/2015,394,1975.06,2121.23999
25/05/2015,394.67,1991.02,2109.98999
26/05/2015,396.21,1988.31,2122.850098
27/05/2015,396.29,1973.8,2124.199951
28/05/2015,396.17,1971.95,2108.580078
29/05/2015,396.81,1977.25,2102.310059
1/06/2015,394.39,1983.87,2101.48999
2/06/2015,392.67,1967.11,2057.639893
3/06/2015,390.82,1951.81,2063.110107
4/06/2015,392.22,1947.05,2077.419922
5/06/2015,390.27,1942.28,2076.780029
8/06/2015,390.68,1968.16,2068.76001
9/06/2015,389.57,1973.36,2081.340088
10/06/2015,388.24,1960.55,2046.680054
11/06/2015,390.41,1948.36,2051.310059
12/06/2015,390.31,1953.99,2076.620117
15/06/2015,390.59,1958.29,2099.600098
16/06/2015,391.18,1970.76,2108.949951
17/06/2015,391.23,1966.15,2107.399902
18/06/2015,390.1,1987.44,2124.290039
19/06/2015,391.87,1989.75,2126.639893
22/06/2015,389.87,1980.5,2128.280029
23/06/2015,388.92,1974.91,2119.209961
24/06/2015,389.87,1969.78,2114.149902
25/06/2015,389.53,1927.98,2102.149902
26/06/2015,387.7,1922.87,2079.649902
29/06/2015,390.61,1932.98,2067.639893
30/06/2015,390.49,1935.01,2093.25
1/07/2015,388.78,1932.01,2108.570068
2/07/2015,389.39,1913.63,2108.629883
6/07/2015,391.91,1910.7,2103.840088
7/07/2015,392.92,1888.2,2098.040039
8/07/2015,393.35,1899.79,2093.320068
9/07/2015,391.09,1928.79,2099.840088
10/07/2015,388.59,1946.1,2083.560059
13/07/2015,388.56,1957.58,2077.570068
14/07/2015,389,1955.46,2104.179932
15/07/2015,390.07,1969.64,2084.070068
16/07/2015,390.13,1968.45,2086.050049
17/07/2015,390.44,1968.87,2083.389893
20/07/2015,389.84,1965.76,2091.540039
21/07/2015,390.35,1953.58,2102.439941
22/07/2015,390.73,1948.42,2096.919922
23/07/2015,391.76,1928.27,2079.610107
24/07/2015,391.72,1913.32,2035.72998
27/07/2015,392.36,1930.82,1970.890015
28/07/2015,391.78,1941.6,1893.209961
29/07/2015,391.31,1943.12,1867.609985
30/07/2015,391.71,1946.71,1940.51001
31/07/2015,392.64,1942.4,1987.660034
3/08/2015,393.9,1937.83,1988.869995
4/08/2015,392.73,1945.97,1972.180054
5/08/2015,391.33,1934.88,1913.849976
6/08/2015,391.74,1928.68,1948.859985
7/08/2015,393.09,1950.95,1951.130005
10/08/2015,391.58,1929.49,1921.219971
11/08/2015,393.45,1920.3,1969.410034
12/08/2015,392.92,1921.65,1942.040039
13/08/2015,391.71,1922.8,1952.290039
14/08/2015,391.64,1927.07,1961.050049
17/08/2015,392.74,1922.08,1953.030029
18/08/2015,391.56,1905.26,1978.089966
19/08/2015,392.66,1872.82,1995.310059
20/08/2015,393.48,1821.09,1990.199951
21/08/2015,393.8,1751.31,1958.030029
24/08/2015,394.16,1749.34,1966.969971
25/08/2015,391.08,1778.48,1942.73999
26/08/2015,389.78,1820.68,1938.76001
27/08/2015,390.68,1826.6,1932.23999
28/08/2015,390.59,1815.17,1931.339966
31/08/2015,390.36,1765.99,1881.77002
1/09/2015,390.68,1781.28,1884.089966
2/09/2015,390.3,1790.56,1920.030029
3/09/2015,391.21,1759.4,1923.819946
4/09/2015,392.4,1761.78,1951.359985
8/09/2015,391.34,1794.38,1987.050049
9/09/2015,392.11,1796.82,1979.920044
10/09/2015,391.28,1794.01,1995.829956
11/09/2015,392.16,1795.51,2013.430054
14/09/2015,392.2,1787.4,2014.890015
15/09/2015,389.77,1801.74,2017.459961
16/09/2015,389.48,1824.57,2003.689941
17/09/2015,391.53,1828.79,1994.23999
18/09/2015,393.65,1795.5,2023.859985
21/09/2015,391.78,1796.73,2033.109985
22/09/2015,393.67,1765.93,2033.660034
23/09/2015,393.29,1760.88,2030.77002
24/09/2015,393.63,1748.12,2018.939941
25/09/2015,392.46,1760.1,2052.51001
28/09/2015,393.51,1721.88,2075.149902
29/09/2015,393.57,1712.63,2071.179932
30/09/2015,392.9,1746.75,2065.889893
1/10/2015,393.08,1751.8,2090.350098
2/10/2015,394,1772.21,2089.409912
5/10/2015,393,1807.41,2079.360107
6/10/2015,393.97,1813.44,2104.050049
7/10/2015,394.27,1827.48,2109.790039
8/10/2015,393.29,1840.03,2102.310059
9/10/2015,393.86,1850.45,2099.929932
13/10/2015,394.79,1850.79,2099.199951
14/10/2015,396.49,1836.65,2078.580078
15/10/2015,395.66,1830.3,2081.719971
16/10/2015,395.84,1853.06,2075
19/10/2015,395.84,1860.31,2045.969971
20/10/2015,395.1,1857.51,2023.040039
21/10/2015,396.48,1854.85,2053.189941
22/10/2015,396.96,1849.43,2050.439941
23/10/2015,396.19,1867.33,2083.580078
26/10/2015,397.2,1886.66,2081.23999
27/10/2015,397.59,1885.83,2089.169922
28/10/2015,396.52,1875.6,2086.590088
29/10/2015,394.53,1889.43,2089.139893
30/10/2015,395.05,1887.64,2088.870117
2/11/2015,394.61,1883.73,2090.110107
3/11/2015,393.79,1894.89,2080.409912
4/11/2015,393.8,1900.53,2102.629883
5/11/2015,393.47,1895.52,2079.51001
6/11/2015,391.61,1892.12,2049.620117
9/11/2015,391.41,1884.33,2091.689941
10/11/2015,391.82,1870.42,2077.070068
12/11/2015,391.65,1869.15,2063.590088
13/11/2015,392.2,1870.43,2047.619995
16/11/2015,392.15,1850.51,2052.22998
17/11/2015,392.8,1829.2,2012.369995
18/11/2015,392.72,1841.06,2021.939941
19/11/2015,393.39,1851.81,2043.410034
20/11/2015,393,1869.38,2073.070068
23/11/2015,393.37,1879.1,2041.890015
24/11/2015,393.4,1880.84,2005.550049
25/11/2015,393.71,1875.65,2021.150024
27/11/2015,393.76,1873.98,2038.969971
30/11/2015,394.15,1876.6,2064.290039
1/12/2015,395.82,1881.5,2060.98999
2/12/2015,395.63,1876.72,2056.5
3/12/2015,391.97,1869.93,2078.360107
4/12/2015,393.29,1888.99,2063.360107
7/12/2015,394.43,1874.37,2043.939941
8/12/2015,393.41,1859.11,2012.660034
9/12/2015,393.99,1870.93,2016.709961
10/12/2015,393.25,1861.32,1990.26001
11/12/2015,394.75,1844.27,1943.089966
14/12/2015,391.81,1839.47,1922.030029
15/12/2015,391.07,1836.22,1923.670044
16/12/2015,390.72,1806.94,1938.680054
17/12/2015,391.98,1800.53,1890.280029
18/12/2015,392.38,1818.41,1921.839966
21/12/2015,392.23,1841.94,1880.329956
22/12/2015,391.45,1827.7,1881.329956
23/12/2015,391.06,1804.43,1859.329956
24/12/2015,391.73,1809.45,1868.98999
28/12/2015,392.36,1821.32,1906.900024
29/12/2015,390.53,1846.68,1877.079956
30/12/2015,390.71,1848.38,1903.630005
31/12/2015,391.48,1847.69,1882.949951
4/01/2016,391.97,1843.57,1893.359985
5/01/2016,391.79,1861.04,1940.23999
6/01/2016,393.32,1849.85,1939.380005
7/01/2016,393.6,1834.71,1903.030029
8/01/2016,393.85,1799,1912.530029
11/01/2016,392.99,1798.74,1915.449951
12/01/2016,394.21,1776.23,1880.050049
13/01/2016,394.42,1740.86,1853.439941
14/01/2016,393.09,1721.68,1852.209961
15/01/2016,393.55,1716.49,1851.859985
19/01/2016,393.3,1723.39,1829.079956
20/01/2016,392.58,1704.31,1864.780029
21/01/2016,391.84,1710.3,1895.579956
22/01/2016,391.62,1676.14,1926.819946
25/01/2016,391.96,1670.71,1917.829956
26/01/2016,392.31,1679.55,1917.780029
27/01/2016,391.94,1646.32,1945.5
28/01/2016,391.96,1655.98,1921.27002
29/01/2016,392.98,1694.76,1929.800049
1/02/2016,391.88,1680.25,1951.699951
2/02/2016,393.71,1695.53,1948.050049
3/02/2016,392.89,1691.27,1932.22998
4/02/2016,393.24,1692.95,1978.349976
5/02/2016,393.42,1727.61,1986.449951
8/02/2016,395.21,1731.6,1993.400024
9/02/2016,394.49,1700.93,1999.98999
10/02/2016,394.88,1704.67,2001.76001
11/02/2016,394.63,1713.04,1979.26001
12/02/2016,392.67,1686.29,1989.26001
16/02/2016,392.41,1660.74,1989.569946
17/02/2016,391.9,1647.93,2022.189941
18/02/2016,393.68,1651.98,2019.640015
19/02/2016,393.94,1626.22,2015.930054
22/02/2016,394.15,1646.79,2027.219971
23/02/2016,394.77,1665.43,2040.589966
24/02/2016,394.86,1681.82,2049.580078
25/02/2016,396.12,1709,2051.600098
26/02/2016,395.13,1708.13,2049.800049
29/02/2016,396.38,1704.28,2036.709961
1/03/2016,395.02,1724.13,2035.939941
2/03/2016,395.64,1704.04,2037.050049
3/03/2016,396.7,1696.87,2055.01001
4/03/2016,396.26,1718.48,2063.949951
7/03/2016,396.81,1719.01,2059.73999
8/03/2016,398.67,1710.94,2072.780029
9/03/2016,397.83,1743.01,2066.129883
10/03/2016,398.03,1759.45,2045.170044
11/03/2016,398.04,1769.84,2066.659912
14/03/2016,399.36,1781.08,2041.910034
15/03/2016,400.04,1782.04,2047.599976
16/03/2016,400.61,1763.59,2041.98999
17/03/2016,402.06,1769.94,2061.719971
18/03/2016,403.34,1770.55,2082.419922
21/03/2016,402.61,1801.19,2082.780029
22/03/2016,402.95,1802.51,2080.72998
23/03/2016,404.73,1792.58,2094.340088
24/03/2016,404.08,1804.86,2100.800049
28/03/2016,404.67,1821.08,2102.399902
29/03/2016,405.85,1823.13,2091.47998
30/03/2016,405.63,1821.2,2091.580078
31/03/2016,406.83,1821.15,2087.790039
1/04/2016,406.76,1808.65,2091.699951
4/04/2016,407.34,1798.81,2095.149902
5/04/2016,408.62,1799.04,2075.810059
6/04/2016,408.19,1803.95,2065.300049
7/04/2016,409.73,1819.25,2081.429932
8/04/2016,408.97,1831.11,2063.370117
11/04/2016,409.13,1825.37,2051.120117
12/04/2016,408.17,1820.83,2050.629883
13/04/2016,409.28,1817.52,2057.139893
14/04/2016,409.23,1793.36,2058.689941
15/04/2016,410.36,1809.44,2084.389893
18/04/2016,410.17,1793.33,2064.459961
19/04/2016,410.64,1807.15,2064.110107
20/04/2016,409.69,1806.62,2046.609985
21/04/2016,409.83,1823.86,2066.659912
22/04/2016,409.79,1846.05,2047.209961
25/04/2016,409.76,1852.59,2047.630005
26/04/2016,409.45,1851.8,2040.040039
27/04/2016,411.1,1856.44,2052.320068
28/04/2016,411.15,1876.3,2048.040039
29/04/2016,412.59,1875.29,2076.060059
2/05/2016,411.43,1871.97,2090.540039
3/05/2016,412.66,1866.56,2090.100098
4/05/2016,412.7,1862.1,2099.060059
5/05/2016,413.5,1866.04,2096.949951
6/05/2016,412.44,1867.7,2099.330078
9/05/2016,412.75,1860.49,2105.26001
10/05/2016,412.88,1850.54,2099.129883
11/05/2016,413.5,1856.45,2109.409912
12/05/2016,412.58,1835.18,2112.129883
13/05/2016,413.73,1819.96,2119.120117
16/05/2016,412.64,1816.84,2115.47998
17/05/2016,412.6,1818.11,2096.070068
18/05/2016,409.8,1817.71,2079.060059
19/05/2016,410.64,1838.98,2075.320068
20/05/2016,410.56,1830.04,2071.5
23/05/2016,410.73,1824.14,2077.98999
24/05/2016,410.55,1810.69,2071.219971
25/05/2016,410.43,1823.26,2083.25
26/05/2016,412.03,1815.67,2088.899902
27/05/2016,411.84,1811.67,2085.449951
31/05/2016,412.35,1800.63,2113.320068
1/06/2016,411.97,1813.91,2037.410034
2/06/2016,412.84,1810.05,2000.540039
3/06/2016,415.24,1828.71,2036.089966
6/06/2016,414.95,1847.16,2070.77002
7/06/2016,415.47,1850.19,2098.860107
8/06/2016,416.06,1853.14,2102.949951
9/06/2016,416.8,1855.25,2088.550049
10/06/2016,417.44,1851.43,2099.72998
13/06/2016,417.62,1850.55,2097.899902
14/06/2016,417.05,1850.4,2129.899902
15/06/2016,417.37,1858.46,2137.159912
16/06/2016,417.67,1865.51,2152.139893
17/06/2016,416.61,1875.58,2152.429932
20/06/2016,416.33,1881,2163.75
21/06/2016,416,1869.48,2161.73999
22/06/2016,416.43,1842.55,2166.889893
23/06/2016,415.49,1821.04,2163.780029
24/06/2016,417.5,1804.3,2173.02002
27/06/2016,420.15,1809.26,2165.169922
28/06/2016,420.44,1806.19,2175.030029
29/06/2016,420.78,1812.65,2168.47998
30/06/2016,420.64,1842.38,2169.179932
1/07/2016,422.05,1846.99,2166.580078
5/07/2016,425.03,1849.27,2170.060059
6/07/2016,424.74,1875.7,2173.600098
7/07/2016,425.39,1781.8,2170.840088
8/07/2016,426.55,1743.89,2157.030029
11/07/2016,426.03,1774.97,2163.790039
12/07/2016,424.66,1811.57,2164.25
13/07/2016,426.12,1832.92,2182.870117
14/07/2016,424.75,1841.75,2180.889893
15/07/2016,423.43,1843.11,2181.73999
18/07/2016,423.78,1823.52,2175.48999
19/07/2016,424.51,1819.81,2185.790039
20/07/2016,424.12,1821.58,2184.050049
21/07/2016,424.53,1843.93,2190.149902
22/07/2016,424.69,1858.73,2178.149902
25/07/2016,424.66,1875.74,2182.219971
26/07/2016,424.69,1878.45,2187.02002
27/07/2016,425.81,1891.13,2183.870117
28/07/2016,425.61,1888.4,2182.639893
29/07/2016,426.91,1892.43,2186.899902
1/08/2016,425.49,1886.27,2175.439941
2/08/2016,424.13,1894.9,2172.469971
3/08/2016,423.96,1893.76,2169.040039
4/08/2016,425.21,1895.24,2180.379883
5/08/2016,423.61,1891.65,2176.120117
8/08/2016,424.25,1893.42,2170.949951
9/08/2016,425.69,1897.58,2170.860107
10/08/2016,426.69,1894.46,2179.97998
11/08/2016,425.14,1909.15,2186.47998
12/08/2016,426.68,1905.04,2186.159912
15/08/2016,426.03,1893.56,2181.300049
16/08/2016,425.62,1889.18,2127.810059
17/08/2016,426.29,1894.21,2159.040039
18/08/2016,427.06,1906.49,2127.02002
19/08/2016,426.27,1910.31,2125.77002
22/08/2016,427.75,1919.51,2147.26001
23/08/2016,427.81,1918.47,2139.159912
24/08/2016,427.83,1925.96,2139.120117
25/08/2016,427.32,1925.93,2139.76001
26/08/2016,426.11,1931.1,2163.120117
29/08/2016,428.19,1924.87,2177.179932
30/08/2016,427.87,1924.24,2164.689941
31/08/2016,427.83,1931.42,2146.100098
1/09/2016,427.68,1924.68,2159.929932
2/09/2016,426.86,1923.97,2171.370117
6/09/2016,428.28,1929.95,2151.129883
7/09/2016,428.15,1923.05,2168.27002
8/09/2016,425.83,1918.59,2161.199951
9/09/2016,423.94,1910.57,2150.48999
12/09/2016,423.74,1918.69,2159.72998
13/09/2016,421.74,1914.55,2160.77002
14/09/2016,422.82,1910.69,2153.73999
15/09/2016,422.46,1913.71,2163.659912
16/09/2016,422.66,1926.71,2136.72998
19/09/2016,423.04,1930.51,2139.179932
20/09/2016,423.42,1941.21,2132.550049
21/09/2016,424.15,1941.55,2132.97998
22/09/2016,425.66,1935.99,2126.5
23/09/2016,426.26,1897.68,2139.600098
26/09/2016,426.75,1905.61,2144.290039
27/09/2016,427.65,1879.32,2141.340088
28/09/2016,427.49,1879.08,2141.159912
29/09/2016,427.97,1892.58,2151.330078
30/09/2016,426.59,1880.81,2143.159912
3/10/2016,426.6,1889.21,2139.429932
4/10/2016,425.15,1890.8,2133.040039
5/10/2016,424.67,1914.75,2126.409912
6/10/2016,424.39,1931.12,2126.149902
7/10/2016,424.51,1920.25,2111.719971
11/10/2016,424.43,1902.57,2097.939941
12/10/2016,424.14,1910.61,2088.659912
13/10/2016,425.18,1918.35,2085.179932
14/10/2016,423.6,1909.92,2131.52002
17/10/2016,424.68,1914.82,2139.560059
18/10/2016,425.38,1913.09,2163.26001
19/10/2016,425.65,1908.2,2167.47998
20/10/2016,425.92,1912.76,2164.449951
21/10/2016,425.94,1910.03,2164.199951
24/10/2016,425.4,1904.7,2180.389893
25/10/2016,425.55,1911.51,2176.939941
26/10/2016,424.39,1889.51,2187.120117
27/10/2016,422.97,1885.32,2181.899902
28/10/2016,422.7,1879.5,2198.179932
31/10/2016,423.11,1882.34,2202.939941
1/11/2016,423.06,1877.91,2204.719971
2/11/2016,422.91,1892.9,2213.350098
3/11/2016,422.21,1898.2,2201.719971
4/11/2016,422.88,1896.28,2204.659912
7/11/2016,422.37,1893.53,2198.810059
8/11/2016,421.72,1898.55,2191.080078
9/11/2016,416.57,1895.24,2191.949951
10/11/2016,416.23,1890.5,2204.709961
14/11/2016,413.8,1884.64,2212.22998
15/11/2016,413.77,1884.17,2241.350098
16/11/2016,414.65,1882.14,2246.189941
17/11/2016,413.31,1874.18,2259.530029
18/11/2016,411.96,1859.22,2256.959961
21/11/2016,411.9,1854.68,2271.719971
22/11/2016,412.2,1846.21,2253.280029
23/11/2016,411.64,1876.96,2262.030029
25/11/2016,411.61,1882.36,2258.070068
28/11/2016,412.91,1883.52,2262.530029
29/11/2016,413.65,1891.65,2270.76001
30/11/2016,412.5,1884.79,2265.179932
1/12/2016,411,1879.77,2260.959961
2/12/2016,412.17,1890.19,2263.790039
5/12/2016,412.53,1887.24,2268.879883
6/12/2016,412.34,1891.72,2249.919922
7/12/2016,413.89,1884.6,2249.26001
8/12/2016,412.97,1899.79,2238.830078
9/12/2016,411.44,1904.09,2257.830078
12/12/2016,411.58,1900.71,2270.75
13/12/2016,411.91,1902.34,2269
14/12/2016,411.4,1910.8,2276.97998
15/12/2016,410.73,1904.09,2268.899902
16/12/2016,410.08,1907.26,2268.899902
19/12/2016,411.67,1902.04,2275.320068
20/12/2016,411,1900.79,2270.439941
21/12/2016,411.7,1900.83,2274.639893
22/12/2016,411.84,1911.2,2267.889893
23/12/2016,412.33,1919.37,2271.889893
27/12/2016,411.75,1944.06,2263.689941
28/12/2016,413.19,1949.87,2271.310059
29/12/2016,413.87,1957.2,2265.199951
30/12/2016,414.9,1957.87,2280.070068
3/01/2017,415.09,1971.08,2298.370117
4/01/2017,415.55,1950.62,2296.679932
5/01/2017,417.82,1951.34,2294.689941
6/01/2017,416.59,1952.11,2280.899902
9/01/2017,417.63,1952.23,2278.870117
10/01/2017,417.41,1957.79,2279.550049
11/01/2017,417.7,1955.41,2280.850098
12/01/2017,417.73,1951.6,2297.419922
13/01/2017,417.4,1953.53,2292.560059
17/01/2017,418.84,1952.85,2293.080078
18/01/2017,417.19,1955.66,2294.669922
19/01/2017,415.84,1946.64,2307.870117
20/01/2017,415.76,1948.54,2316.100098
23/01/2017,417.48,1944.67,2328.25
24/01/2017,415.8,1946.72,2337.580078
25/01/2017,414.84,1955.55,2349.25
26/01/2017,415.37,1971.99,2347.219971
27/01/2017,416.21,1980.92,2351.159912
30/01/2017,415.89,1978.6,2365.379883
31/01/2017,416.4,1975.79,2362.820068
1/02/2017,415.77,1976.02,2363.810059
2/02/2017,415.91,1985.33,2367.340088
3/02/2017,415.49,1981.92,2369.75
6/02/2017,417.51,1989.74,2363.639893
7/02/2017,418.14,1982.06,2395.959961
8/02/2017,419.12,1984.18,2381.919922
9/02/2017,417.77,1979.82,2383.120117
10/02/2017,417.61,1977.8,2375.310059
13/02/2017,417.32,1984.48,2368.389893
14/02/2017,416.67,1982.41,2362.97998
15/02/2017,416.12,1990.43,2364.870117
16/02/2017,417.42,2010.05,2372.600098
17/02/2017,418,2007.11,2373.469971
21/02/2017,418.12,2005.74,2365.449951
22/02/2017,418.36,1993.74,2385.26001
23/02/2017,419.23,1992.75,2381.379883
24/02/2017,421,1996.19,2378.25
27/02/2017,420.1,1994.85,2373.469971
28/02/2017,420.52,2007.01,2344.02002
1/03/2017,418.22,2002.61,2348.449951
2/03/2017,417.9,1999.49,2345.959961
3/03/2017,417.97,2003.46,2343.97998
6/03/2017,417.83,2009.88,2341.590088
7/03/2017,417.03,2019.64,2358.570068
8/03/2017,415.75,2029.04,2361.129883
9/03/2017,414.1,2030.09,2368.060059
10/03/2017,414.54,2043.11,2362.719971
13/03/2017,413.87,2044.2,2358.840088
14/03/2017,414.04,2042.93,2360.159912
15/03/2017,416.36,2044.25,2352.949951
16/03/2017,416.09,2052.14,2357.48999
17/03/2017,416.72,2053.3,2355.540039
20/03/2017,417.48,2054.14,2357.159912
21/03/2017,418.35,2048,2353.780029
22/03/2017,419.09,2046.28,2344.929932
23/03/2017,418.75,2042.04,2328.949951
24/03/2017,419.39,2065.29,2349.01001
27/03/2017,419.96,2055.72,2342.189941
28/03/2017,419.23,2060.4,2338.169922
29/03/2017,420.01,2052.69,2355.840088
30/03/2017,419.49,2047.89,2348.689941
31/03/2017,419.92,2041.5,2374.149902
3/04/2017,420.92,2042.59,2388.610107
4/04/2017,420.78,2054.32,2387.449951
5/04/2017,420.75,2057.43,2388.77002
6/04/2017,421.19,2048.45,2384.199951
7/04/2017,420.68,2071.28,2388.330078
10/04/2017,421.17,2075.34,2391.169922
11/04/2017,422.79,2074.2,2388.129883
12/04/2017,422.81,2072.05,2389.52002
13/04/2017,424.19,2057.46,2399.290039
17/04/2017,423.73,2053.49,2399.379883
18/04/2017,425.45,2055.35,2396.919922
19/04/2017,424.99,2055.92,2399.629883
20/04/2017,424.08,2054.25,2394.439941
21/04/2017,424.19,2066.01,2390.899902
24/04/2017,423.55,2069.15,2402.320068
25/04/2017,422.45,2068.32,2400.669922
26/04/2017,422.96,2063.49,2357.030029
27/04/2017,423.33,2059.71,2365.719971
28/04/2017,423.88,2060.09,2381.72998
1/05/2017,422.65,2057.31,2394.02002
2/05/2017,423.49,2055.16,2398.419922
3/05/2017,423.62,2053.06,2404.389893
4/05/2017,422.63,2055.48,2415.070068
5/05/2017,422.71,2055.32,2415.820068
8/05/2017,422.47,2053.47,2412.909912
9/05/2017,421.95,2039.32,2411.800049
10/05/2017,422.11,2039.43,2430.060059
11/05/2017,422.56,2052.16,2439.070068
12/05/2017,424.01,2046.03,2436.100098
15/05/2017,424.15,2039.98,2429.330078
16/05/2017,424.73,2052.16,2433.139893
17/05/2017,427.2,2050.09,2433.790039
18/05/2017,426.76,2082.88,2431.77002
19/05/2017,426.77,2095.02,2429.389893
22/05/2017,426.75,2096.07,2440.350098
23/05/2017,426.12,2093.6,2437.919922
24/05/2017,426.47,2090.59,2432.459961
25/05/2017,426.74,2092.61,2433.149902
26/05/2017,426.93,2100.79,2453.459961
30/05/2017,427.83,2094.97,2437.030029
31/05/2017,428.48,2101.87,2435.610107
1/06/2017,428.14,2111.98,2434.5
2/06/2017,429.58,2111.99,2438.300049
5/06/2017,429.23,2108.64,2439.070068
6/06/2017,430.08,2111.31,2419.379883
7/06/2017,429.44,2108.09,2440.689941
8/06/2017,429.02,2110.45,2419.699951
9/06/2017,429.02,2120.17,2423.409912
12/06/2017,428.74,2126.05,2429.01001
13/06/2017,429.04,2099.96,2432.540039
14/06/2017,431.05,2092.98,2409.75
15/06/2017,430.63,2111.98,2425.179932
16/06/2017,430.75,2121.33,2427.429932
19/06/2017,430.48,2121.19,2425.530029
20/06/2017,431.61,2127.82,2443.25
21/06/2017,431.71,2132.59,2447.830078
22/06/2017,431.69,2130.84,2459.27002
23/06/2017,432.08,2129.58,2459.139893
26/06/2017,432.61,2128.39,2460.610107
27/06/2017,431.47,2127.76,2473.830078
28/06/2017,430.92,2139.36,2473.449951
29/06/2017,430.26,2154.37,2472.540039
30/06/2017,429.64,2150.14,2469.909912
3/07/2017,428.91,2145.18,2477.129883
5/07/2017,429.33,2144.22,2477.830078
6/07/2017,428.73,2142.17,2475.419922
7/07/2017,428.29,2142.14,2472.100098
10/07/2017,428.85,2136.13,2470.300049
11/07/2017,429.02,2146.41,2476.350098
12/07/2017,430.12,2145.09,2477.570068
13/07/2017,429.82,2132.68,2472.159912
14/07/2017,430.39,2140.51,2476.830078
17/07/2017,431.17,2154.57,2480.909912
18/07/2017,432.32,2141.33,2474.919922
19/07/2017,432.45,2138.31,2474.02002
20/07/2017,432.72,2139.71,2438.209961
21/07/2017,433.72,2142.83,2441.320068
24/07/2017,433.33,2145.46,2465.840088
25/07/2017,431.61,2138.87,2464.610107
26/07/2017,432.61,2152,2468.110107
27/07/2017,432.01,2139.35,2430.01001
28/07/2017,432.69,2135.2,2425.550049
31/07/2017,432.66,2139.08,2428.370117
1/08/2017,433.88,2136.14,2452.51001
2/08/2017,433.52,2139.71,2444.040039
3/08/2017,434.25,2127.27,2438.969971
4/08/2017,433.53,2131.37,2443.050049
7/08/2017,433.33,2136.55,2444.23999
8/08/2017,432.37,2137.7,2446.300049
9/08/2017,432.48,2155.55,2457.590088
10/08/2017,432.67,2161.06,2471.649902
11/08/2017,432.62,2174.34,2476.550049
14/08/2017,432.37,2173.79,2457.850098
15/08/2017,431.96,2174.01,2465.540039
16/08/2017,433.09,2184.44,2465.100098
17/08/2017,433.63,2189.41,2461.429932
18/08/2017,433.44,2185.12,2488.110107
21/08/2017,433.85,2180.23,2496.47998
22/08/2017,433.18,2185.31,2498.370117
23/08/2017,434.15,2194.2,2495.620117
24/08/2017,433.88,2191.09,2500.22998
25/08/2017,434.38,2186.81,2503.870117
28/08/2017,434.64,2189.44,2506.649902
29/08/2017,434.77,2197.1,2508.23999
30/08/2017,434.86,2198.31,2500.600098
31/08/2017,435.47,2196.74,2502.219971
1/09/2017,434.57,2197.65,2496.659912
5/09/2017,436.65,2202.08,2496.840088
6/09/2017,435.61,2198.78,2507.040039
7/09/2017,436.66,2191.53,2510.060059
8/09/2017,436.46,2167.07,2519.360107
11/09/2017,435.06,2163.66,2529.120117
12/09/2017,434.2,2178.34,2534.580078
13/09/2017,433.94,2176.86,2537.73999
14/09/2017,434.4,2186.39,2552.070068
15/09/2017,434.63,2162.47,2549.330078
18/09/2017,434.38,2156.25,2544.72998
19/09/2017,434.58,2157.8,2550.639893
20/09/2017,434.18,2172.3,2555.23999
21/09/2017,434.39,2170.38,2550.929932
22/09/2017,434.73,2166.92,2553.169922
25/09/2017,435.94,2174.99,2557.639893
26/09/2017,435.95,2175.27,2559.360107
27/09/2017,434.2,2169.22,2561.26001
28/09/2017,434.7,2175.17,2562.100098
29/09/2017,434.96,2190.46,2575.209961
2/10/2017,435.08,2194.54,2564.97998
3/10/2017,435.77,2191.11,2569.129883
4/10/2017,435.59,2182.61,2557.149902
5/10/2017,435.25,2186.65,2560.399902
6/10/2017,435.06,2195.43,2581.070068
10/10/2017,435.68,2195.65,2572.830078
11/10/2017,435.7,2212.05,2575.26001
12/10/2017,436.14,2220.87,2579.360107
13/10/2017,437.13,2218.01,2579.850098
16/10/2017,436.85,2218,2587.840088
17/10/2017,437.22,2221.23,2591.129883
18/10/2017,436.34,2223.98,2590.639893
19/10/2017,436.75,2231.39,2594.379883
20/10/2017,435.78,2227.62,2584.620117
23/10/2017,436.04,2226.09,2582.300049
24/10/2017,435.66,2228.11,2584.840088
25/10/2017,434.79,2221.7,2578.870117
26/10/2017,434.58,2216.95,2564.620117
27/10/2017,435.03,2220.31,2585.639893
30/10/2017,436.69,2225.3,2578.850098
31/10/2017,436.59,2233.82,2582.139893
1/11/2017,436.41,2238.17,2599.030029
2/11/2017,437.02,2245.79,2597.080078
3/11/2017,437.16,2247.58,2602.419922
6/11/2017,437.57,2252.17,2601.419922
7/11/2017,437.45,2251.69,2627.040039
8/11/2017,436.91,2250.35,2626.070068
9/11/2017,436.13,2259.17,2647.580078
10/11/2017,434.19,2266.15,2642.219971
13/11/2017,434.36,2264.55,2639.439941
14/11/2017,434.63,2268.59,2629.570068
15/11/2017,435.3,2270.17,2629.27002
16/11/2017,435.15,2269.92,2636.97998
17/11/2017,435.53,2273.25,2651.5
20/11/2017,435.64,2273.18,2659.98999
21/11/2017,436.42,2276.31,2664.110107
22/11/2017,437.42,2271.26,2662.850098
24/11/2017,437.28,2271.76,2652.01001
27/11/2017,437.57,2263.25,2675.810059
28/11/2017,437.44,2262.58,2690.159912
29/11/2017,436.68,2277.22,2681.469971
30/11/2017,436.07,2277.12,2679.25
1/12/2017,437.53,2278.09,2684.570068
4/12/2017,437.93,2284.31,2683.340088
5/12/2017,438.49,2285.97,2680.5
6/12/2017,438.99,2289.03,2682.620117
7/12/2017,438.12,2293.55,2687.540039
8/12/2017,438.12,2291.99,2673.610107
11/12/2017,437.91,2295.57,2695.810059
12/12/2017,438.03,2287.58,2713.060059
13/12/2017,439.21,2281.96,2723.98999
14/12/2017,439.64,2278.02,2743.149902
15/12/2017,440.05,2275.41,2747.709961
18/12/2017,439.15,2261.7,2751.290039
19/12/2017,437.89,2277.45,2748.22998
20/12/2017,436.51,2277.21,2767.560059
21/12/2017,437.05,2277.02,2786.23999
22/12/2017,437.23,2293.01,2776.419922
26/12/2017,437.79,2298.67,2802.560059
27/12/2017,439.65,2299.31,2798.030029
28/12/2017,439.41,2305.09,2810.300049
29/12/2017,440,2298.56,2832.969971
2/01/2018,438.39,2312.91,2839.129883
3/01/2018,438.91,2311.21,2837.540039
4/01/2018,438.75,2318.4,2839.25
5/01/2018,438.64,2314.24,2872.870117
8/01/2018,438.89,2314.96,2853.530029
9/01/2018,437.46,2306.28,2822.429932
10/01/2018,437.64,2298.52,2823.810059
11/01/2018,438.27,2303.6,2821.97998
12/01/2018,438.33,2316.92,2762.129883
16/01/2018,439.05,2323.24,2648.939941
17/01/2018,438.16,2328.09,2695.139893
18/01/2018,436.83,2332.55,2681.659912
19/01/2018,436.06,2321.82,2581
22/01/2018,435.8,2328.3,2619.550049
23/01/2018,436.63,2348.01,2656
24/01/2018,436.33,2343.67,2662.939941
25/01/2018,437.62,2339.74,2698.629883
26/01/2018,437.05,2347.07,2731.199951
29/01/2018,436.48,2346.15,2732.219971
30/01/2018,435.55,2346.43,2716.26001
31/01/2018,436.21,2344.64,2701.330078
1/02/2018,434.49,2349.09,2703.959961
2/02/2018,433.43,2354.32,2747.300049
5/02/2018,435.28,2349.63,2779.600098
6/02/2018,433.05,2366.75,2744.280029
7/02/2018,432.07,2376.93,2713.830078
8/02/2018,432.12,2396.63,2677.669922
9/02/2018,429.9,2412.85,2691.25
12/02/2018,430.16,2413.14,2720.939941
13/02/2018,429.84,2417.24,2728.120117
14/02/2018,428.31,2415.41,2726.800049
15/02/2018,428.93,2427.17,2738.969971
16/02/2018,429.75,2446.91,2786.570068
20/02/2018,429.59,2452.84,2783.02002
21/02/2018,427.96,2450.17,2765.310059
22/02/2018,428.48,2460.1,2749.47998
23/02/2018,429.34,2459.51,2747.330078
26/02/2018,429.76,2470,2752.01001
27/02/2018,429.21,2485.18,2712.919922
28/02/2018,429.51,2495.96,2716.939941
1/03/2018,430.01,2499.57,2711.929932
2/03/2018,428.54,2494.68,2643.689941
5/03/2018,428.15,2518.11,2588.26001
6/03/2018,428.54,2503.52,2658.550049
7/03/2018,428.42,2479.07,2612.620117
8/03/2018,428.74,2477.01,2605
9/03/2018,428.07,2480.3,2640.870117
12/03/2018,428.43,2432.02,2581.879883
13/03/2018,428.69,2356.2,2614.449951
14/03/2018,429.12,2350.38,2644.689941
15/03/2018,429.01,2347.99,2662.840088
16/03/2018,428.67,2287.54,2604.469971
19/03/2018,428.23,2293.03,2613.159912
20/03/2018,427.63,2322.35,2656.870117
21/03/2018,427.5,2326.77,2642.189941
22/03/2018,427.74,2359.37,2663.98999
23/03/2018,427.82,2387.3,2656.300049
26/03/2018,427.34,2390.21,2677.840088
27/03/2018,429.05,2389.78,2706.389893
28/03/2018,429.1,2376.98,2708.639893
29/03/2018,430.17,2368.99,2693.129883
2/04/2018,430.76,2370.02,2670.139893
3/04/2018,429.56,2395.78,2670.290039
4/04/2018,429.14,2418.98,2634.560059
5/04/2018,429.01,2396.08,2639.399902
6/04/2018,430.58,2368.91,2666.939941
9/04/2018,431.18,2344.2,2669.909912
10/04/2018,431.01,2338.01,2648.050049
11/04/2018,431.36,2354.46,2654.800049
12/04/2018,430.63,2368.92,2635.669922
13/04/2018,430.83,2366.66,2629.72998
16/04/2018,430.85,2376.16,2663.419922
17/04/2018,431.24,2404.47,2672.629883
18/04/2018,429.71,2411.99,2671.919922
19/04/2018,428.52,2400.32,2697.790039
20/04/2018,427.16,2390.13,2723.070068
23/04/2018,426.9,2387.17,2727.719971
24/04/2018,426.12,2389.3,2730.129883
25/04/2018,424.85,2362.66,2711.449951
26/04/2018,425.62,2362.27,2722.459961
27/04/2018,426.39,2366.79,2720.129883
30/04/2018,426.59,2320.86,2712.969971
1/05/2018,425.81,2278.38,2733.01001
2/05/2018,425.36,2315.67,2724.439941
3/05/2018,425.7,2302.35,2733.290039
4/05/2018,425.85,2289.31,2727.76001
7/05/2018,425.69,2311.96,2721.330078
8/05/2018,425.4,2314.28,2689.860107
9/05/2018,424.73,2282.36,2724.01001
10/05/2018,425.84,2293.54,2705.27002
11/05/2018,426.5,2304.98,2734.620117
14/05/2018,426.29,2328.04,2746.870117
15/05/2018,424.73,2298.05,2748.800049
16/05/2018,423.53,2307.56,2772.350098
17/05/2018,423.18,2338.92,2770.370117
18/05/2018,424.13,2329.69,2779.030029
21/05/2018,424.47,2340.15,2782
22/05/2018,424.35,2337.97,2786.850098
23/05/2018,425.42,2348.79,2775.629883
24/05/2018,426.22,2365.86,2782.48999
25/05/2018,427.4,2373.43,2779.659912
29/05/2018,430.21,2364.05,2773.75
30/05/2018,428.84,2347.11,2762.590088
31/05/2018,428.39,2342.19,2767.320068
1/06/2018,427.75,2328.08,2749.76001
4/06/2018,426.75,2320.88,2754.879883
5/06/2018,427.25,2337.48,2717.070068
6/06/2018,426.04,2344.58,2723.060059
7/06/2018,427.34,2333.22,2699.629883
8/06/2018,426.66,2330.71,2716.310059
11/06/2018,426.66,2320.28,2718.370117
12/06/2018,426.62,2315.84,2726.709961
13/06/2018,426.34,2333.88,2713.219971
14/06/2018,427.34,2340.13,2736.610107
15/06/2018,427.27,2339.35,2759.820068
18/06/2018,427.15,2354.29,2784.169922
19/06/2018,427.31,2374.88,2793.840088
20/06/2018,426.06,2381.43,2774.02002
21/06/2018,426.01,2384.05,2798.290039
22/06/2018,425.92,2366.78,2801.310059
25/06/2018,425.95,2371.61,2798.429932
26/06/2018,426.13,2372.57,2809.550049
27/06/2018,427.23,2366.3,2815.620117
28/06/2018,426.97,2379.55,2804.48999
29/06/2018,426.81,2376.35,2801.830078
2/07/2018,426.65,2369.55,2806.97998
3/07/2018,427.65,2362.94,2820.399902
5/07/2018,428.14,2355.07,2846.070068
6/07/2018,428.64,2351.43,2837.439941
9/07/2018,428.81,2322.69,2818.820068
10/07/2018,429.06,2342.02,2802.600098
11/07/2018,429.62,2332.52,2816.290039
12/07/2018,429.84,2351.53,2813.360107
13/07/2018,430.54,2365.87,2827.219971
16/07/2018,430.26,2364.99,2840.350098
17/07/2018,429.97,2380.91,2850.399902
18/07/2018,429.53,2382.11,2858.449951
19/07/2018,430.4,2381.52,2857.699951
20/07/2018,429.43,2387.75,2853.580078
23/07/2018,428.26,2387.63,2833.280029
24/07/2018,428.97,2383.56,2821.929932
25/07/2018,428.83,2378.76,2839.959961
26/07/2018,429,2372.9,2818.370117
27/07/2018,429.58,2363.63,2840.689941
30/07/2018,429.54,2347.66,2850.129883
31/07/2018,430.36,2353.77,2857.050049
1/08/2018,429.55,2340.99,2862.959961
2/08/2018,429.7,2352.2,2861.820068
3/08/2018,430.8,2319.65,2856.97998
6/08/2018,431.09,2320.46,2874.689941
7/08/2018,430.74,2305.71,2896.73999
8/08/2018,430.69,2310.46,2897.52002
9/08/2018,431.37,2324.26,2914.040039
10/08/2018,431.83,2316.28,2901.129883
13/08/2018,431.56,2316.12,2901.52002
14/08/2018,431.36,2315.75,2896.719971
15/08/2018,431.96,2329.36,2888.600098
16/08/2018,432.38,2348.68,2878.050049
17/08/2018,432.52,2367.67,2871.679932
20/08/2018,433.66,2374.78,2877.129883
21/08/2018,433.4,2347.85,2887.889893
22/08/2018,433.62,2366.58,2888.919922
23/08/2018,433.63,2373.6,2904.179932
24/08/2018,433.84,2371.36,2904.97998
27/08/2018,433.19,2374.62,2888.800049
28/08/2018,432.53,2381.28,2904.310059
29/08/2018,432.57,2373.87,2907.949951
30/08/2018,432.62,2380.47,2930.75
31/08/2018,432.23,2377.86,2929.669922
4/09/2018,431.68,2392.13,2919.370117
5/09/2018,431.24,2407.92,2915.560059
6/09/2018,432.01,2403.92,2905.969971
7/09/2018,431.06,2399.82,2914
10/09/2018,431.32,2391.25,2913.97998
11/09/2018,430.56,2396.83,2924.590088
12/09/2018,431.04,2392.31,2923.429932
13/09/2018,431.46,2386.11,2925.51001
14/09/2018,431.4,2396.95,2901.610107
17/09/2018,431.52,2399.83,2885.570068
18/09/2018,430.36,2410.26,2884.429932
19/09/2018,429.64,2411.47,2880.340088
20/09/2018,430.25,2405.48,2785.679932
21/09/2018,430.59,2377.97,2728.370117
24/09/2018,430.24,2364.52,2767.129883
25/09/2018,429.94,2374.28,2750.790039
26/09/2018,431.13,2353.09,2809.919922
27/09/2018,431.46,2366.23,2809.209961
28/09/2018,431.39,2376.85,2768.780029
1/10/2018,430.79,2386.67,2767.780029
2/10/2018,431.5,2393.3,2755.879883
3/10/2018,429.36,2396.64,2740.689941
4/10/2018,428.03,2387.1,2656.100098
5/10/2018,427.17,2401.89,2705.570068
9/10/2018,427.59,2423.75,2658.689941
10/10/2018,427.4,2425.21,2641.25
11/10/2018,428.39,2436.78,2682.629883
12/10/2018,427.82,2425.34,2711.73999
15/10/2018,428.27,2414.95,2740.370117
16/10/2018,428.19,2413.24,2723.060059
17/10/2018,427.07,2403.2,2738.310059
18/10/2018,427.2,2391.16,2755.449951
19/10/2018,427,2382.04,2813.889893
22/10/2018,426.4,2373.6,2806.830078
23/10/2018,426.2,2379.02,2781.01001
24/10/2018,427.63,2385.06,2726.219971
25/10/2018,427.06,2390.2,2722.179932
26/10/2018,427.53,2401.68,2701.580078
29/10/2018,427.82,2405.2,2730.199951
30/10/2018,426.44,2400.08,2736.27002
31/10/2018,425.89,2411.48,2690.72998
1/11/2018,425.79,2419.87,2641.889893
2/11/2018,424.58,2441.16,2649.929932
5/11/2018,425.03,2445.96,2632.560059
6/11/2018,425.52,2435.37,2673.449951
7/11/2018,425.89,2438.44,2682.169922
8/11/2018,425.85,2434.71,2743.790039
9/11/2018,426.43,2433.15,2737.800049
13/11/2018,426.66,2427.92,2760.169922
14/11/2018,426.13,2433.39,2790.370117
15/11/2018,425.19,2427.47,2700.060059
16/11/2018,425.66,2425.61,2695.949951
19/11/2018,426.05,2405.87,2633.080078
20/11/2018,425.31,2392.52,2637.719971
21/11/2018,425.81,2385.62,2636.780029
23/11/2018,425.82,2381.69,2651.070068
26/11/2018,425.95,2324.74,2650.540039
27/11/2018,425.69,2276.18,2599.949951
28/11/2018,425.05,2296.18,2545.939941
29/11/2018,425.3,2286.52,2546.159912
30/11/2018,425.33,2325.88,2506.959961
3/12/2018,426.81,2322.95,2467.419922
4/12/2018,427.61,2295.16,2416.620117
6/12/2018,427.17,2296.02,2351.100098
7/12/2018,428.24,2287.01,2467.699951
10/12/2018,428.44,2264.14,2488.830078
11/12/2018,428.44,2214.71,2485.73999
12/12/2018,428.54,2232.99,2506.850098
13/12/2018,428.92,2207.24,2510.030029
14/12/2018,429.26,2199.12,2447.889893
17/12/2018,430.25,2221.88,2531.939941
18/12/2018,431.01,2249.37,2549.689941
19/12/2018,432.13,2271.55,2574.409912
20/12/2018,430.5,2269.38,2584.959961
21/12/2018,430.23,2273.95,2596.639893
24/12/2018,431.3,2284.1,2596.26001
26/12/2018,429.1,2319.65,2582.610107
27/12/2018,428.52,2314.92,2610.300049
28/12/2018,430.18,2295.21,2616.100098
31/12/2018,431.14,2257.35,2635.959961
2/01/2019,431.85,2256.24,2670.709961
3/01/2019,433.45,2244.5,2632.899902
4/01/2019,431.7,2256.5,2638.699951
7/01/2019,431.49,2263.52,2642.330078
8/01/2019,431.79,2239.2,2664.76001
9/01/2019,432.7,2199.91,2643.850098
10/01/2019,432.25,2210.58,2640
11/01/2019,432.83,2209.96,2681.050049
14/01/2019,432.64,2198.84,2704.100098
15/01/2019,432.26,2224.55,2706.530029
16/01/2019,432.66,2227.92,2724.870117
17/01/2019,432.75,2266.37,2737.699951
18/01/2019,433.12,2266.71,2731.610107
22/01/2019,434.36,2273.29,2706.050049
23/01/2019,434.96,2302.07,2707.879883
24/01/2019,436.09,2248.14,2709.800049
25/01/2019,436.06,2238.59,2744.72998
28/01/2019,436.1,2216.75,2753.030029
29/01/2019,437.23,2189.68,2745.72998
30/01/2019,438.11,2174.35,2775.600098
31/01/2019,440.17,2177.05,2779.76001
1/02/2019,439.85,2200.52,2784.699951
4/02/2019,439.56,2201.57,2774.879883
5/02/2019,440.78,2164.95,2792.669922
6/02/2019,441.06,2134.81,2796.110107
7/02/2019,441.41,2127.81,2793.899902
8/02/2019,441.7,2108.26,2792.379883
11/02/2019,441.67,2081.37,2784.48999
12/02/2019,441.42,2047.48,2803.689941
13/02/2019,440.88,2014.9,2792.810059
14/02/2019,441.5,2006.79,2789.649902
15/02/2019,441.99,2062.88,2771.449951
19/02/2019,442.66,2078.81,2748.929932
20/02/2019,442.39,2089.01,2743.070068
21/02/2019,441.23,2103.72,2783.300049
22/02/2019,442,2098.83,2791.52002
25/02/2019,442.21,2068.35,2810.919922
26/02/2019,442.88,2122.52,2808.47998
27/02/2019,441.74,2140.1,2822.47998
28/02/2019,441.48,2156.19,2832.939941
1/03/2019,440.53,2176.82,2832.570068
4/03/2019,441.72,2180.54,2824.22998
5/03/2019,442.05,2181.81,2854.879883
6/03/2019,442.35,2171.45,2800.709961
7/03/2019,443.16,2189.43,2798.360107
8/03/2019,443.27,2192.65,2818.459961
11/03/2019,443.18,2204.04,2805.370117
12/03/2019,444.65,2229.79,2815.439941
13/03/2019,444.55,2230.98,2834.399902
14/03/2019,443.91,2206.39,2867.189941
15/03/2019,445.03,2209.05,2867.23999
18/03/2019,445.15,2210.9,2873.399902
19/03/2019,445.12,2234.84,2879.389893
20/03/2019,446.88,2218.74,2892.73999
21/03/2019,447.3,2219.88,2895.77002
22/03/2019,449.98,2247.9,2878.199951
25/03/2019,450.53,2261.9,2888.209961
26/03/2019,450.97,2263.79,2888.320068
27/03/2019,452.04,2272.89,2907.409912
28/03/2019,452.3,2287.54,2905.580078
29/03/2019,452.22,2280.78,2907.060059
1/04/2019,450.25,2258.42,2900.449951
2/04/2019,450.74,2252.15,2905.030029
3/04/2019,449.87,2253.77,2907.969971
4/04/2019,450.4,2280.86,2933.679932
5/04/2019,450.87,2285.93,2927.25
8/04/2019,450.65,2283.66,2926.169922
9/04/2019,451.54,2303.62,2939.879883
10/04/2019,452.29,2308.72,2943.030029
11/04/2019,452.08,2313.14,2945.830078
12/04/2019,451.68,2320.81,2923.72998
15/04/2019,452.35,2314.4,2917.52002
16/04/2019,451.65,2325.66,2945.639893
17/04/2019,451.59,2331.58,2932.469971
18/04/2019,452.41,2332.76,2884.050049
22/04/2019,451.48,2329.52,2879.419922
23/04/2019,451.95,2320.79,2870.719971
24/04/2019,453.26,2331.69,2881.399902
25/04/2019,453.22,2328.07,2811.870117
26/04/2019,454.01,2325.77,2834.409912
29/04/2019,453.52,2315.15,2850.959961
30/04/2019,454.14,2293.95,2876.320068
1/05/2019,454.37,2284.13,2859.530029
2/05/2019,453.15,2311.56,2840.22998
3/05/2019,453.59,2321.5,2864.360107
6/05/2019,454.05,2335.77,2856.27002
7/05/2019,455.06,2334.08,2822.23999
8/05/2019,454.28,2349.3,2826.060059
9/05/2019,454.64,2360.58,2802.389893
10/05/2019,454.09,2363.3,2783.02002
13/05/2019,454.87,2358.28,2788.860107
14/05/2019,454.59,2370.94,2752.060059
15/05/2019,455.73,2333.68,2744.449951
16/05/2019,455.53,2324.65,2803.27002
17/05/2019,455.72,2340.69,2826.149902
20/05/2019,455.04,2331.9,2843.48999
21/05/2019,454.69,2332.37,2873.340088
22/05/2019,455.54,2346.67,2886.72998
23/05/2019,456.73,2373.24,2885.719971
24/05/2019,456.84,2375.83,2879.840088
28/05/2019,457.94,2387.17,2891.639893
29/05/2019,457.28,2388.1,2886.97998
30/05/2019,459.02,2395.71,2889.669922
31/05/2019,460.87,2399.92,2917.75
3/06/2019,462.2,2389.47,2926.459961
4/06/2019,461.03,2395.17,2954.179932
5/06/2019,460.85,2391.92,2950.459961
6/06/2019,460.95,2404.78,2945.350098
7/06/2019,462.65,2406.9,2917.379883
10/06/2019,462.05,2410.09,2913.780029
11/06/2019,462.17,2408.24,2924.919922
12/06/2019,462.67,2406.89,2941.76001
13/06/2019,463.38,2407.6,2964.330078
14/06/2019,463.56,2408.94,2973.01001
17/06/2019,463.79,2423.19,2995.820068
18/06/2019,465.27,2412.54,2990.409912
19/06/2019,466.66,2410.84,2975.949951
20/06/2019,468.59,2420.07,2979.629883
21/06/2019,467.91,2424.42,2993.070068
24/06/2019,469.85,2427.18,2999.909912
25/06/2019,469.96,2414.21,3013.77002
26/06/2019,468.79,2406.78,3014.300049
27/06/2019,470.1,2425.92,3004.040039
28/06/2019,470.73,2411.49,2984.419922
1/07/2019,471.15,2378.37,2995.110107
2/07/2019,472.3,2373.13,2976.610107
3/07/2019,473.21,2357.13,2985.030029
5/07/2019,471.26,2364.7,3005.469971
8/07/2019,470.81,2321.42,3019.560059
9/07/2019,470.44,2334.1,3003.669922
10/07/2019,470.43,2346.2,3025.860107
11/07/2019,468.68,2361.65,3020.969971
12/07/2019,468.81,2350.48,3013.179932
15/07/2019,469.86,2338.07,2980.379883
16/07/2019,469.16,2351.51,2953.560059
17/07/2019,470.9,2346.65,2932.050049
18/07/2019,471.52,2321.12,2844.73999
19/07/2019,471.19,2328.74,2881.77002
22/07/2019,471.67,2329.38,2883.97998
23/07/2019,471.48,2316.34,2938.090088
24/07/2019,472.25,2294.76,2918.649902
25/07/2019,471.96,2298.94,2882.699951
26/07/2019,472.24,2277.51,2926.320068
29/07/2019,472.53,2279.42,2840.600098
30/07/2019,472.58,2312.56,2847.600098
31/07/2019,473.61,2327.12,2888.679932
1/08/2019,477.06,2337.87,2923.649902
2/08/2019,477.52,2362.79,2900.51001
5/08/2019,479.67,2373.7,2924.429932
6/08/2019,480.35,2380.08,2922.949951
7/08/2019,479.71,2370.92,2847.110107
8/08/2019,480.39,2375.23,2878.379883
9/08/2019,479.66,2366.73,2869.159912
12/08/2019,482.27,2367.38,2887.939941
13/08/2019,481.41,2391.48,2924.580078
14/08/2019,483.96,2405.68,2926.459961
15/08/2019,485.84,2429,2906.27002
16/08/2019,485.08,2426.43,2937.780029
19/08/2019,483.52,2425.11,2976
20/08/2019,485.33,2406.46,2978.709961
21/08/2019,485.04,2401.51,2978.429932
22/08/2019,484.56,2411.14,2979.389893
23/08/2019,486.87,2422.52,3000.929932
26/08/2019,486.39,2437.05,3009.570068
27/08/2019,488.59,2445.49,3007.389893
28/08/2019,488.7,2460.24,2997.959961
29/08/2019,488.12,2462.79,3005.699951
30/08/2019,488.15,2452.25,3006.72998
3/09/2019,488.07,2439.05,3006.790039
4/09/2019,488.68,2437.18,2992.070068
5/09/2019,485.78,2447.23,2991.780029
6/09/2019,486.45,2451.51,2966.600098
9/09/2019,484.18,2460.06,2984.870117
10/09/2019,480.94,2461.06,2977.620117
11/09/2019,480.7,2453.84,2961.790039
12/09/2019,479.93,2443.16,2976.73999
13/09/2019,476.31,2447.76,2940.25
16/09/2019,478.45,2440.25,2887.610107
17/09/2019,479.42,2442.54,2910.629883
18/09/2019,479.94,2455.88,2952.01001
19/09/2019,480.65,2463.59,2938.790039
20/09/2019,483.35,2451.89,2893.060059
23/09/2019,483.86,2462.02,2919.399902
24/09/2019,485.81,2459.22,2938.129883
25/09/2019,482.88,2449.36,2970.27002
26/09/2019,483.74,2425.27,2966.149902
27/09/2019,484.16,2415.96,2995.679932
30/09/2019,484.74,2388.46,2989.689941
1/10/2019,485.61,2329.11,
2/10/2019,485.66,2341.1,
3/10/2019,487.31,2345.42,
4/10/2019,488.43,2382.92,
7/10/2019,487.18,2369.88,
8/10/2019,487.49,2350.76,
9/10/2019,486.7,2368.44,
10/10/2019,484.44,2315.97,
11/10/2019,482.8,2313.87,
15/10/2019,482.74,2340.93,
16/10/2019,483.5,2365.19,
17/10/2019,483.62,2353.86,
,,2369.66,
,,2365.72,
,,2327.25,
,,2335.82,
,,2336.11,
,,2343.9,
,,2367.18,
,,2373.96,
,,2373.01,
,,2361.73,
,,2389.08,
,,2416.48,
,,2421.32,
,,2422.28,
,,2423.35,
,,2440.65,
,,2449.91,
,,2454.2,
,,2442.55,
,,2449.72,
,,2446.72,
,,2451.6,
,,2444.78,
,,2439.67,
,,2429.53,
,,2428.48,
,,2427.68,
,,2420.57,
,,2425.03,
,,2404.4,
,,2361.26,
,,2369.76,
,,2396.9,
,,2391.78,
,,2364.87,
,,2378.85,
,,2395.32,
,,2426.42,
,,2422.03,
,,2445.23,
,,2446.63,
,,2452.59,
,,2446.73,
,,2460.11,
,,2456.14,
,,2461.21,
,,2467.2,
,,2473.93,
,,2485.26,
