,date,supply
0,2013-04-28,11086050.0
1,2013-04-29,11086050.0
2,2013-04-30,11098475.0
3,2013-05-01,11098475.0
4,2013-05-02,11098475.0
5,2013-05-03,11109275.0
6,2013-05-04,11109275.0
7,2013-05-05,11109275.0
8,2013-05-06,11121050.0
9,2013-05-07,11121050.0
10,2013-05-08,11121050.0
11,2013-05-09,11133675.0
12,2013-05-10,11133675.0
13,2013-05-11,11133675.0
14,2013-05-12,11146675.0
15,2013-05-13,11146675.0
16,2013-05-14,11146675.0
17,2013-05-15,11158525.0
18,2013-05-16,11158525.0
19,2013-05-17,11158525.0
20,2013-05-18,11169850.0
21,2013-05-19,11169850.0
22,2013-05-20,11169850.0
23,2013-05-21,11180875.0
24,2013-05-22,11180875.0
25,2013-05-23,11180875.0
26,2013-05-24,11193100.0
27,2013-05-25,11193100.0
28,2013-05-26,11193100.0
29,2013-05-27,11205725.0
30,2013-05-28,11205725.0
31,2013-05-29,11205725.0
32,2013-05-30,11218200.0
33,2013-05-31,11218200.0
34,2013-06-01,11218200.0
35,2013-06-02,11232900.0
36,2013-06-03,11232900.0
37,2013-06-04,11232900.0
38,2013-06-05,11248425.0
39,2013-06-06,11248425.0
40,2013-06-07,11248425.0
41,2013-06-08,11261100.0
42,2013-06-09,11261100.0
43,2013-06-10,11261100.0
44,2013-06-11,11274175.0
45,2013-06-12,11274175.0
46,2013-06-13,11274175.0
47,2013-06-14,11288300.0
48,2013-06-15,11288300.0
49,2013-06-16,11288300.0
50,2013-06-17,11301225.0
51,2013-06-18,11301225.0
52,2013-06-19,11301225.0
53,2013-06-20,11311650.0
54,2013-06-21,11311650.0
55,2013-06-22,11311650.0
56,2013-06-23,11324675.0
57,2013-06-24,11324675.0
58,2013-06-25,11324675.0
59,2013-06-26,11336675.0
60,2013-06-27,11336675.0
61,2013-06-28,11336675.0
62,2013-06-29,11349050.0
63,2013-06-30,11349050.0
64,2013-07-01,11349050.0
65,2013-07-02,11360900.0
66,2013-07-03,11360900.0
67,2013-07-04,11360900.0
68,2013-07-05,11373950.0
69,2013-07-06,11373950.0
70,2013-07-07,11373950.0
71,2013-07-08,11387975.0
72,2013-07-09,11387975.0
73,2013-07-10,11387975.0
74,2013-07-11,11402075.0
75,2013-07-12,11402075.0
76,2013-07-13,11402075.0
77,2013-07-14,11414050.0
78,2013-07-15,11414050.0
79,2013-07-16,11414050.0
80,2013-07-17,11426650.0
81,2013-07-18,11426650.0
82,2013-07-19,11426650.0
83,2013-07-20,11439850.0
84,2013-07-21,11439850.0
85,2013-07-22,11439850.0
86,2013-07-23,11452850.0
87,2013-07-24,11452850.0
88,2013-07-25,11452850.0
89,2013-07-26,11464575.0
90,2013-07-27,11464575.0
91,2013-07-28,11464575.0
92,2013-07-29,11477275.0
93,2013-07-30,11477275.0
94,2013-07-31,11477275.0
95,2013-08-01,11491500.0
96,2013-08-02,11491500.0
97,2013-08-03,11491500.0
98,2013-08-04,11505000.0
99,2013-08-05,11505000.0
100,2013-08-06,11505000.0
101,2013-08-07,11518925.0
102,2013-08-08,11518925.0
103,2013-08-09,11518925.0
104,2013-08-10,11534150.0
105,2013-08-11,11534150.0
106,2013-08-12,11534150.0
107,2013-08-13,11550025.0
108,2013-08-14,11550025.0
109,2013-08-15,11550025.0
110,2013-08-16,11562350.0
111,2013-08-17,11562350.0
112,2013-08-18,11562350.0
113,2013-08-19,11576400.0
114,2013-08-20,11576400.0
115,2013-08-21,11576400.0
116,2013-08-22,11591275.0
117,2013-08-23,11591275.0
118,2013-08-24,11591275.0
119,2013-08-25,11604875.0
120,2013-08-26,11604875.0
121,2013-08-27,11604875.0
122,2013-08-28,11617425.0
123,2013-08-29,11617425.0
124,2013-08-30,11617425.0
125,2013-08-31,11632600.0
126,2013-09-01,11632600.0
127,2013-09-02,11632600.0
128,2013-09-03,11648650.0
129,2013-09-04,11648650.0
130,2013-09-05,11648650.0
131,2013-09-06,11661825.0
132,2013-09-07,11661825.0
133,2013-09-08,11661825.0
134,2013-09-09,11674450.0
135,2013-09-10,11674450.0
136,2013-09-11,11674450.0
137,2013-09-12,11689325.0
138,2013-09-13,11689325.0
139,2013-09-14,11689325.0
140,2013-09-15,11704550.0
141,2013-09-16,11704550.0
142,2013-09-17,11704550.0
143,2013-09-18,11716975.0
144,2013-09-19,11716975.0
145,2013-09-20,11716975.0
146,2013-09-21,11731350.0
147,2013-09-22,11731350.0
148,2013-09-23,11731350.0
149,2013-09-24,11747050.0
150,2013-09-25,11747050.0
151,2013-09-26,11747050.0
152,2013-09-27,11761075.0
153,2013-09-28,11761075.0
154,2013-09-29,11761075.0
155,2013-09-30,11773650.0
156,2013-10-01,11773650.0
157,2013-10-02,11773650.0
158,2013-10-03,11788075.0
159,2013-10-04,11788075.0
160,2013-10-05,11788075.0
161,2013-10-06,11802850.0
162,2013-10-07,11802850.0
163,2013-10-08,11802850.0
164,2013-10-09,11815150.0
165,2013-10-10,11815150.0
166,2013-10-11,11815150.0
167,2013-10-12,11829375.0
168,2013-10-13,11829375.0
169,2013-10-14,11829375.0
170,2013-10-15,11847750.0
171,2013-10-16,11847750.0
172,2013-10-17,11847750.0
173,2013-10-18,11862025.0
174,2013-10-19,11862025.0
175,2013-10-20,11862025.0
176,2013-10-21,11877925.0
177,2013-10-22,11877925.0
178,2013-10-23,11877925.0
179,2013-10-24,11894650.0
180,2013-10-25,11894650.0
181,2013-10-26,11894650.0
182,2013-10-27,11910050.0
183,2013-10-28,11910050.0
184,2013-10-29,11910050.0
185,2013-10-30,11923350.0
186,2013-10-31,11923350.0
187,2013-11-01,11923350.0
188,2013-11-02,11938750.0
189,2013-11-03,11938750.0
190,2013-11-04,11938750.0
191,2013-11-05,11952900.0
192,2013-11-06,11952900.0
193,2013-11-07,11952900.0
194,2013-11-08,11964125.0
195,2013-11-09,11964125.0
196,2013-11-10,11964125.0
197,2013-11-11,11976750.0
198,2013-11-12,11976750.0
199,2013-11-13,11976750.0
200,2013-11-14,11990400.0
201,2013-11-15,11990400.0
202,2013-11-16,11990400.0
203,2013-11-17,12004200.0
204,2013-11-18,12004200.0
205,2013-11-19,12004200.0
206,2013-11-20,12016250.0
207,2013-11-21,12016250.0
208,2013-11-22,12016250.0
209,2013-11-23,12028150.0
210,2013-11-24,12028150.0
211,2013-11-25,12028150.0
212,2013-11-26,12041050.0
213,2013-11-27,12041050.0
214,2013-11-28,12041050.0
215,2013-11-29,12054375.0
216,2013-11-30,12054375.0
217,2013-12-01,12054375.0
218,2013-12-02,12067325.0
219,2013-12-03,12067325.0
220,2013-12-04,12067325.0
221,2013-12-05,12080775.0
222,2013-12-06,12080775.0
223,2013-12-07,12080775.0
224,2013-12-08,12095325.0
225,2013-12-09,12095325.0
226,2013-12-10,12095325.0
227,2013-12-11,12109175.0
228,2013-12-12,12109175.0
229,2013-12-13,12109175.0
230,2013-12-14,12122475.0
231,2013-12-15,12122475.0
232,2013-12-16,12122475.0
233,2013-12-17,12136675.0
234,2013-12-18,12136675.0
235,2013-12-19,12136675.0
236,2013-12-20,12152375.0
237,2013-12-21,12152375.0
238,2013-12-22,12152375.0
239,2013-12-23,12164575.0
240,2013-12-24,12164575.0
241,2013-12-25,12164575.0
242,2013-12-26,12177500.0
243,2013-12-27,12177500.0
244,2013-12-28,12177500.0
245,2013-12-29,12189725.0
246,2013-12-30,12189725.0
247,2013-12-31,12189725.0
248,2014-01-01,12203800.0
249,2014-01-02,12203800.0
250,2014-01-03,12203800.0
251,2014-01-04,12215225.0
252,2014-01-05,12215225.0
253,2014-01-06,12215225.0
254,2014-01-07,12228825.0
255,2014-01-08,12228825.0
256,2014-01-09,12228825.0
257,2014-01-10,12243325.0
258,2014-01-11,12243325.0
259,2014-01-12,12243325.0
260,2014-01-13,12258325.0
261,2014-01-14,12258325.0
262,2014-01-15,12258325.0
263,2014-01-16,12271450.0
264,2014-01-17,12271450.0
265,2014-01-18,12271450.0
266,2014-01-19,12283950.0
267,2014-01-20,12283950.0
268,2014-01-21,12283950.0
269,2014-01-22,12297575.0
270,2014-01-23,12297575.0
271,2014-01-24,12297575.0
272,2014-01-25,12310800.0
273,2014-01-26,12310800.0
274,2014-01-27,12310800.0
275,2014-01-28,12322975.0
276,2014-01-29,12322975.0
277,2014-01-30,12322975.0
278,2014-01-31,12335525.0
279,2014-02-01,12335525.0
280,2014-02-02,12335525.0
281,2014-02-03,12349750.0
282,2014-02-04,12349750.0
283,2014-02-05,12349750.0
284,2014-02-06,12362425.0
285,2014-02-07,12362425.0
286,2014-02-08,12362425.0
287,2014-02-09,12374700.0
288,2014-02-10,12374700.0
289,2014-02-11,12374700.0
290,2014-02-12,12386875.0
291,2014-02-13,12386875.0
292,2014-02-14,12386875.0
293,2014-02-15,12400650.0
294,2014-02-16,12400650.0
295,2014-02-17,12400650.0
296,2014-02-18,12413800.0
297,2014-02-19,12413800.0
298,2014-02-20,12413800.0
299,2014-02-21,12427050.0
300,2014-02-22,12427050.0
301,2014-02-23,12427050.0
302,2014-02-24,12440250.0
303,2014-02-25,12440250.0
304,2014-02-26,12440250.0
305,2014-02-27,12453575.0
306,2014-02-28,12453575.0
307,2014-03-01,12453575.0
308,2014-03-02,12465700.0
309,2014-03-03,12465700.0
310,2014-03-04,12465700.0
311,2014-03-05,12476750.0
312,2014-03-06,12476750.0
313,2014-03-07,12476750.0
314,2014-03-08,12489350.0
315,2014-03-09,12489350.0
316,2014-03-10,12489350.0
317,2014-03-11,12501775.0
318,2014-03-12,12501775.0
319,2014-03-13,12501775.0
320,2014-03-14,12513675.0
321,2014-03-15,12513675.0
322,2014-03-16,12513675.0
323,2014-03-17,12526450.0
324,2014-03-18,12526450.0
325,2014-03-19,12526450.0
326,2014-03-20,12538125.0
327,2014-03-21,12538125.0
328,2014-03-22,12538125.0
329,2014-03-23,12552175.0
330,2014-03-24,12552175.0
331,2014-03-25,12552175.0
332,2014-03-26,12564875.0
333,2014-03-27,12564875.0
334,2014-03-28,12564875.0
335,2014-03-29,12577900.0
336,2014-03-30,12577900.0
337,2014-03-31,12577900.0
338,2014-04-01,12590300.0
339,2014-04-02,12590300.0
340,2014-04-03,12590300.0
341,2014-04-04,12605150.0
342,2014-04-05,12605150.0
343,2014-04-06,12605150.0
344,2014-04-07,12616825.0
345,2014-04-08,12616825.0
346,2014-04-09,12616825.0
347,2014-04-10,12628725.0
348,2014-04-11,12628725.0
349,2014-04-12,12628725.0
350,2014-04-13,12641425.0
351,2014-04-14,12641425.0
352,2014-04-15,12641425.0
353,2014-04-16,12654575.0
354,2014-04-17,12654575.0
355,2014-04-18,12654575.0
356,2014-04-19,12666900.0
357,2014-04-20,12666900.0
358,2014-04-21,12666900.0
359,2014-04-22,12679425.0
360,2014-04-23,12679425.0
361,2014-04-24,12679425.0
362,2014-04-25,12691575.0
363,2014-04-26,12691575.0
364,2014-04-27,12691575.0
365,2014-04-28,12704350.0
366,2014-04-29,12704350.0
367,2014-04-30,12704350.0
368,2014-05-01,12716150.0
369,2014-05-02,12716150.0
370,2014-05-03,12716150.0
371,2014-05-04,12727800.0
372,2014-05-05,12727800.0
373,2014-05-06,12727800.0
374,2014-05-07,12739650.0
375,2014-05-08,12739650.0
376,2014-05-09,12739650.0
377,2014-05-10,12752125.0
378,2014-05-11,12752125.0
379,2014-05-12,12752125.0
380,2014-05-13,12764450.0
381,2014-05-14,12764450.0
382,2014-05-15,12764450.0
383,2014-05-16,12776900.0
384,2014-05-17,12776900.0
385,2014-05-18,12776900.0
386,2014-05-19,12789750.0
387,2014-05-20,12789750.0
388,2014-05-21,12789750.0
389,2014-05-22,12802850.0
390,2014-05-23,12802850.0
391,2014-05-24,12802850.0
392,2014-05-25,12814775.0
393,2014-05-26,12814775.0
394,2014-05-27,12814775.0
395,2014-05-28,12826650.0
396,2014-05-29,12826650.0
397,2014-05-30,12826650.0
398,2014-05-31,12837800.0
399,2014-06-01,12837800.0
400,2014-06-02,12837800.0
401,2014-06-03,12851450.0
402,2014-06-04,12851450.0
403,2014-06-05,12851450.0
404,2014-06-06,12863350.0
405,2014-06-07,12863350.0
406,2014-06-08,12863350.0
407,2014-06-09,12874325.0
408,2014-06-10,12874325.0
409,2014-06-11,12874325.0
410,2014-06-12,12886275.0
411,2014-06-13,12886275.0
412,2014-06-14,12886275.0
413,2014-06-15,12899525.0
414,2014-06-16,12899525.0
415,2014-06-17,12899525.0
416,2014-06-18,12913300.0
417,2014-06-19,12913300.0
418,2014-06-20,12913300.0
419,2014-06-21,12926425.0
420,2014-06-22,12926425.0
421,2014-06-23,12926425.0
422,2014-06-24,12940150.0
423,2014-06-25,12940150.0
424,2014-06-26,12940150.0
425,2014-06-27,12953750.0
426,2014-06-28,12953750.0
427,2014-06-29,12953750.0
428,2014-06-30,12965900.0
429,2014-07-01,12965900.0
430,2014-07-02,12965900.0
431,2014-07-03,12976150.0
432,2014-07-04,12976150.0
433,2014-07-05,12976150.0
434,2014-07-06,12987675.0
435,2014-07-07,12987675.0
436,2014-07-08,12987675.0
437,2014-07-09,12999175.0
438,2014-07-10,12999175.0
439,2014-07-11,12999175.0
440,2014-07-12,13010900.0
441,2014-07-13,13010900.0
442,2014-07-14,13010900.0
443,2014-07-15,13021825.0
444,2014-07-16,13021825.0
445,2014-07-17,13021825.0
446,2014-07-18,13034200.0
447,2014-07-19,13034200.0
448,2014-07-20,13034200.0
449,2014-07-21,13046475.0
450,2014-07-22,13046475.0
451,2014-07-23,13046475.0
452,2014-07-24,13057425.0
453,2014-07-25,13057425.0
454,2014-07-26,13057425.0
455,2014-07-27,13068875.0
456,2014-07-28,13068875.0
457,2014-07-29,13068875.0
458,2014-07-30,13080375.0
459,2014-07-31,13080375.0
460,2014-08-01,13080375.0
461,2014-08-02,13092275.0
462,2014-08-03,13092275.0
463,2014-08-04,13092275.0
464,2014-08-05,13102750.0
465,2014-08-06,13102750.0
466,2014-08-07,13102750.0
467,2014-08-08,13114525.0
468,2014-08-09,13114525.0
469,2014-08-10,13114525.0
470,2014-08-11,13127875.0
471,2014-08-12,13127875.0
472,2014-08-13,13127875.0
473,2014-08-14,13140575.0
474,2014-08-15,13140575.0
475,2014-08-16,13140575.0
476,2014-08-17,13153050.0
477,2014-08-18,13153050.0
478,2014-08-19,13153050.0
479,2014-08-20,13166525.0
480,2014-08-21,13166525.0
481,2014-08-22,13166525.0
482,2014-08-23,13178675.0
483,2014-08-24,13178675.0
484,2014-08-25,13178675.0
485,2014-08-26,13190275.0
486,2014-08-27,13190275.0
487,2014-08-28,13190275.0
488,2014-08-29,13202975.0
489,2014-08-30,13202975.0
490,2014-08-31,13202975.0
491,2014-09-01,13215900.0
492,2014-09-02,13215900.0
493,2014-09-03,13215900.0
494,2014-09-04,13227625.0
495,2014-09-05,13227625.0
496,2014-09-06,13227625.0
497,2014-09-07,13239650.0
498,2014-09-08,13239650.0
499,2014-09-09,13239650.0
500,2014-09-10,13250675.0
501,2014-09-11,13250675.0
502,2014-09-12,13250675.0
503,2014-09-13,13263175.0
504,2014-09-14,13263175.0
505,2014-09-15,13263175.0
506,2014-09-16,13275350.0
507,2014-09-17,13275350.0
508,2014-09-18,13275350.0
509,2014-09-19,13288750.0
510,2014-09-20,13288750.0
511,2014-09-21,13288750.0
512,2014-09-22,13301375.0
513,2014-09-23,13301375.0
514,2014-09-24,13301375.0
515,2014-09-25,13313300.0
516,2014-09-26,13313300.0
517,2014-09-27,13313300.0
518,2014-09-28,13323750.0
519,2014-09-29,13323750.0
520,2014-09-30,13323750.0
521,2014-10-01,13334625.0
522,2014-10-02,13334625.0
523,2014-10-03,13334625.0
524,2014-10-04,13345425.0
525,2014-10-05,13345425.0
526,2014-10-06,13345425.0
527,2014-10-07,13357650.0
528,2014-10-08,13357650.0
529,2014-10-09,13357650.0
530,2014-10-10,13368450.0
531,2014-10-11,13368450.0
532,2014-10-12,13368450.0
533,2014-10-13,13379550.0
534,2014-10-14,13379550.0
535,2014-10-15,13379550.0
536,2014-10-16,13390475.0
537,2014-10-17,13390475.0
538,2014-10-18,13390475.0
539,2014-10-19,13401400.0
540,2014-10-20,13401400.0
541,2014-10-21,13401400.0
542,2014-10-22,13412625.0
543,2014-10-23,13412625.0
544,2014-10-24,13412625.0
545,2014-10-25,13424075.0
546,2014-10-26,13424075.0
547,2014-10-27,13424075.0
548,2014-10-28,13434800.0
549,2014-10-29,13434800.0
550,2014-10-30,13434800.0
551,2014-10-31,13447425.0
552,2014-11-01,13447425.0
553,2014-11-02,13447425.0
554,2014-11-03,13459400.0
555,2014-11-04,13459400.0
556,2014-11-05,13459400.0
557,2014-11-06,13471125.0
558,2014-11-07,13471125.0
559,2014-11-08,13471125.0
560,2014-11-09,13482100.0
561,2014-11-10,13482100.0
562,2014-11-11,13482100.0
563,2014-11-12,13492950.0
564,2014-11-13,13492950.0
565,2014-11-14,13492950.0
566,2014-11-15,13504000.0
567,2014-11-16,13504000.0
568,2014-11-17,13504000.0
569,2014-11-18,13515175.0
570,2014-11-19,13515175.0
571,2014-11-20,13515175.0
572,2014-11-21,13525125.0
573,2014-11-22,13525125.0
574,2014-11-23,13525125.0
575,2014-11-24,13536475.0
576,2014-11-25,13536475.0
577,2014-11-26,13536475.0
578,2014-11-27,13546525.0
579,2014-11-28,13546525.0
580,2014-11-29,13546525.0
581,2014-11-30,13558075.0
582,2014-12-01,13558075.0
583,2014-12-02,13558075.0
584,2014-12-03,13568225.0
585,2014-12-04,13568225.0
586,2014-12-05,13568225.0
587,2014-12-06,13579300.0
588,2014-12-07,13579300.0
589,2014-12-08,13579300.0
590,2014-12-09,13589575.0
591,2014-12-10,13589575.0
592,2014-12-11,13589575.0
593,2014-12-12,13600850.0
594,2014-12-13,13600850.0
595,2014-12-14,13600850.0
596,2014-12-15,13611550.0
597,2014-12-16,13611550.0
598,2014-12-17,13611550.0
599,2014-12-18,13621525.0
600,2014-12-19,13621525.0
601,2014-12-20,13621525.0
602,2014-12-21,13631775.0
603,2014-12-22,13631775.0
604,2014-12-23,13631775.0
605,2014-12-24,13642825.0
606,2014-12-25,13642825.0
607,2014-12-26,13642825.0
608,2014-12-27,13654650.0
609,2014-12-28,13654650.0
610,2014-12-29,13654650.0
611,2014-12-30,13666700.0
612,2014-12-31,13666700.0
613,2015-01-01,13666700.0
614,2015-01-02,13678725.0
615,2015-01-03,13678725.0
616,2015-01-04,13678725.0
617,2015-01-05,13691175.0
618,2015-01-06,13691175.0
619,2015-01-07,13691175.0
620,2015-01-08,13702175.0
621,2015-01-09,13702175.0
622,2015-01-10,13702175.0
623,2015-01-11,13713175.0
624,2015-01-12,13713175.0
625,2015-01-13,13713175.0
626,2015-01-14,13723675.0
627,2015-01-15,13723675.0
628,2015-01-16,13723675.0
629,2015-01-17,13734300.0
630,2015-01-18,13734300.0
631,2015-01-19,13734300.0
632,2015-01-20,13744900.0
633,2015-01-21,13744900.0
634,2015-01-22,13744900.0
635,2015-01-23,13755175.0
636,2015-01-24,13755175.0
637,2015-01-25,13755175.0
638,2015-01-26,13764525.0
639,2015-01-27,13764525.0
640,2015-01-28,13764525.0
641,2015-01-29,13776350.0
642,2015-01-30,13776350.0
643,2015-01-31,13776350.0
644,2015-02-01,13787950.0
645,2015-02-02,13787950.0
646,2015-02-03,13787950.0
647,2015-02-04,13799025.0
648,2015-02-05,13799025.0
649,2015-02-06,13799025.0
650,2015-02-07,13811375.0
651,2015-02-08,13811375.0
652,2015-02-09,13811375.0
653,2015-02-10,13822200.0
654,2015-02-11,13822200.0
655,2015-02-12,13822200.0
656,2015-02-13,13832850.0
657,2015-02-14,13832850.0
658,2015-02-15,13832850.0
659,2015-02-16,13844175.0
660,2015-02-17,13844175.0
661,2015-02-18,13844175.0
662,2015-02-19,13856175.0
663,2015-02-20,13856175.0
664,2015-02-21,13856175.0
665,2015-02-22,13867550.0
666,2015-02-23,13867550.0
667,2015-02-24,13867550.0
668,2015-02-25,13878325.0
669,2015-02-26,13878325.0
670,2015-02-27,13878325.0
671,2015-02-28,13889250.0
672,2015-03-01,13889250.0
673,2015-03-02,13889250.0
674,2015-03-03,13900600.0
675,2015-03-04,13900600.0
676,2015-03-05,13900600.0
677,2015-03-06,13911325.0
678,2015-03-07,13911325.0
679,2015-03-08,13911325.0
680,2015-03-09,13922050.0
681,2015-03-10,13922050.0
682,2015-03-11,13922050.0
683,2015-03-12,13933300.0
684,2015-03-13,13933300.0
685,2015-03-14,13933300.0
686,2015-03-15,13943800.0
687,2015-03-16,13943800.0
688,2015-03-17,13943800.0
689,2015-03-18,13954175.0
690,2015-03-19,13954175.0
691,2015-03-20,13954175.0
692,2015-03-21,13964850.0
693,2015-03-22,13964850.0
694,2015-03-23,13964850.0
695,2015-03-24,13976150.0
696,2015-03-25,13976150.0
697,2015-03-26,13976150.0
698,2015-03-27,13988325.0
699,2015-03-28,13988325.0
700,2015-03-29,13988325.0
701,2015-03-30,13999400.0
702,2015-03-31,13999400.0
703,2015-04-01,13999400.0
704,2015-04-02,14010350.0
705,2015-04-03,14010350.0
706,2015-04-04,14010350.0
707,2015-04-05,14021750.0
708,2015-04-06,14021750.0
709,2015-04-07,14021750.0
710,2015-04-08,14031925.0
711,2015-04-09,14031925.0
712,2015-04-10,14031925.0
713,2015-04-11,14042475.0
714,2015-04-12,14042475.0
715,2015-04-13,14042475.0
716,2015-04-14,14053350.0
717,2015-04-15,14053350.0
718,2015-04-16,14053350.0
719,2015-04-17,14063225.0
720,2015-04-18,14063225.0
721,2015-04-19,14063225.0
722,2015-04-20,14074100.0
723,2015-04-21,14074100.0
724,2015-04-22,14074100.0
725,2015-04-23,14085100.0
726,2015-04-24,14085100.0
727,2015-04-25,14085100.0
728,2015-04-26,14095675.0
729,2015-04-27,14095675.0
730,2015-04-28,14095675.0
731,2015-04-29,14106275.0
732,2015-04-30,14106275.0
733,2015-05-01,14106275.0
734,2015-05-02,14116950.0
735,2015-05-03,14116950.0
736,2015-05-04,14116950.0
737,2015-05-05,14127550.0
738,2015-05-06,14127550.0
739,2015-05-07,14127550.0
740,2015-05-08,14138850.0
741,2015-05-09,14138850.0
742,2015-05-10,14138850.0
743,2015-05-11,14148950.0
744,2015-05-12,14148950.0
745,2015-05-13,14148950.0
746,2015-05-14,14160450.0
747,2015-05-15,14160450.0
748,2015-05-16,14160450.0
749,2015-05-17,14172100.0
750,2015-05-18,14172100.0
751,2015-05-19,14172100.0
752,2015-05-20,14182475.0
753,2015-05-21,14182475.0
754,2015-05-22,14182475.0
755,2015-05-23,14192850.0
756,2015-05-24,14192850.0
757,2015-05-25,14192850.0
758,2015-05-26,14203350.0
759,2015-05-27,14203350.0
760,2015-05-28,14203350.0
761,2015-05-29,14214200.0
762,2015-05-30,14214200.0
763,2015-05-31,14214200.0
764,2015-06-01,14224400.0
765,2015-06-02,14224400.0
766,2015-06-03,14224400.0
767,2015-06-04,14235150.0
768,2015-06-05,14235150.0
769,2015-06-06,14235150.0
770,2015-06-07,14246900.0
771,2015-06-08,14246900.0
772,2015-06-09,14246900.0
773,2015-06-10,14258425.0
774,2015-06-11,14258425.0
775,2015-06-12,14258425.0
776,2015-06-13,14269650.0
777,2015-06-14,14269650.0
778,2015-06-15,14269650.0
779,2015-06-16,14280100.0
780,2015-06-17,14280100.0
781,2015-06-18,14280100.0
782,2015-06-19,14291525.0
783,2015-06-20,14291525.0
784,2015-06-21,14291525.0
785,2015-06-22,14301625.0
786,2015-06-23,14301625.0
787,2015-06-24,14301625.0
788,2015-06-25,14312975.0
789,2015-06-26,14312975.0
790,2015-06-27,14312975.0
791,2015-06-28,14323550.0
792,2015-06-29,14323550.0
793,2015-06-30,14323550.0
794,2015-07-01,14334175.0
795,2015-07-02,14334175.0
796,2015-07-03,14334175.0
797,2015-07-04,14345600.0
798,2015-07-05,14345600.0
799,2015-07-06,14345600.0
800,2015-07-07,14357175.0
801,2015-07-08,14357175.0
802,2015-07-09,14357175.0
803,2015-07-10,14368375.0
804,2015-07-11,14368375.0
805,2015-07-12,14368375.0
806,2015-07-13,14379075.0
807,2015-07-14,14379075.0
808,2015-07-15,14379075.0
809,2015-07-16,14389800.0
810,2015-07-17,14389800.0
811,2015-07-18,14389800.0
812,2015-07-19,14400975.0
813,2015-07-20,14400975.0
814,2015-07-21,14400975.0
815,2015-07-22,14411750.0
816,2015-07-23,14411750.0
817,2015-07-24,14411750.0
818,2015-07-25,14423500.0
819,2015-07-26,14423500.0
820,2015-07-27,14423500.0
821,2015-07-28,14434375.0
822,2015-07-29,14434375.0
823,2015-07-30,14434375.0
824,2015-07-31,14445000.0
825,2015-08-01,14445000.0
826,2015-08-02,14445000.0
827,2015-08-03,14456700.0
828,2015-08-04,14456700.0
829,2015-08-05,14456700.0
830,2015-08-06,14466950.0
831,2015-08-07,14466950.0
832,2015-08-08,14466950.0
833,2015-08-09,14477800.0
834,2015-08-10,14477800.0
835,2015-08-11,14477800.0
836,2015-08-12,14489475.0
837,2015-08-13,14489475.0
838,2015-08-14,14489475.0
839,2015-08-15,14499900.0
840,2015-08-16,14499900.0
841,2015-08-17,14499900.0
842,2015-08-18,14510800.0
843,2015-08-19,14510800.0
844,2015-08-20,14510800.0
845,2015-08-21,14522325.0
846,2015-08-22,14522325.0
847,2015-08-23,14522325.0
848,2015-08-24,14533500.0
849,2015-08-25,14533500.0
850,2015-08-26,14533500.0
851,2015-08-27,14544550.0
852,2015-08-28,14544550.0
853,2015-08-29,14544550.0
854,2015-08-30,14556000.0
855,2015-08-31,14556000.0
856,2015-09-01,14556000.0
857,2015-09-02,14567625.0
858,2015-09-03,14567625.0
859,2015-09-04,14567625.0
860,2015-09-05,14578975.0
861,2015-09-06,14578975.0
862,2015-09-07,14578975.0
863,2015-09-08,14589825.0
864,2015-09-09,14589825.0
865,2015-09-10,14589825.0
866,2015-09-11,14601900.0
867,2015-09-12,14601900.0
868,2015-09-13,14601900.0
869,2015-09-14,14612775.0
870,2015-09-15,14612775.0
871,2015-09-16,14612775.0
872,2015-09-17,14624100.0
873,2015-09-18,14624100.0
874,2015-09-19,14624100.0
875,2015-09-20,14634000.0
876,2015-09-21,14634000.0
877,2015-09-22,14634000.0
878,2015-09-23,14645050.0
879,2015-09-24,14645050.0
880,2015-09-25,14645050.0
881,2015-09-26,14656525.0
882,2015-09-27,14656525.0
883,2015-09-28,14656525.0
884,2015-09-29,14667925.0
885,2015-09-30,14667925.0
886,2015-10-01,14667925.0
887,2015-10-02,14678775.0
888,2015-10-03,14678775.0
889,2015-10-04,14678775.0
890,2015-10-05,14690050.0
891,2015-10-06,14690050.0
892,2015-10-07,14690050.0
893,2015-10-08,14700575.0
894,2015-10-09,14700575.0
895,2015-10-10,14700575.0
896,2015-10-11,14711375.0
897,2015-10-12,14711375.0
898,2015-10-13,14711375.0
899,2015-10-14,14722025.0
900,2015-10-15,14722025.0
901,2015-10-16,14722025.0
902,2015-10-17,14733250.0
903,2015-10-18,14733250.0
904,2015-10-19,14733250.0
905,2015-10-20,14744150.0
906,2015-10-21,14744150.0
907,2015-10-22,14744150.0
908,2015-10-23,14755550.0
909,2015-10-24,14755550.0
910,2015-10-25,14755550.0
911,2015-10-26,14766700.0
912,2015-10-27,14766700.0
913,2015-10-28,14766700.0
914,2015-10-29,14777750.0
915,2015-10-30,14777750.0
916,2015-10-31,14777750.0
917,2015-11-01,14789625.0
918,2015-11-02,14789625.0
919,2015-11-03,14789625.0
920,2015-11-04,14801075.0
921,2015-11-05,14801075.0
922,2015-11-06,14801075.0
923,2015-11-07,14812300.0
924,2015-11-08,14812300.0
925,2015-11-09,14812300.0
926,2015-11-10,14823050.0
927,2015-11-11,14823050.0
928,2015-11-12,14823050.0
929,2015-11-13,14835300.0
930,2015-11-14,14835300.0
931,2015-11-15,14835300.0
932,2015-11-16,14847125.0
933,2015-11-17,14847125.0
934,2015-11-18,14847125.0
935,2015-11-19,14858150.0
936,2015-11-20,14858150.0
937,2015-11-21,14858150.0
938,2015-11-22,14870925.0
939,2015-11-23,14870925.0
940,2015-11-24,14870925.0
941,2015-11-25,14882575.0
942,2015-11-26,14882575.0
943,2015-11-27,14882575.0
944,2015-11-28,14894000.0
945,2015-11-29,14894000.0
946,2015-11-30,14894000.0
947,2015-12-01,14906475.0
948,2015-12-02,14906475.0
949,2015-12-03,14906475.0
950,2015-12-04,14917400.0
951,2015-12-05,14917400.0
952,2015-12-06,14917400.0
953,2015-12-07,14929675.0
954,2015-12-08,14929675.0
955,2015-12-09,14929675.0
956,2015-12-10,14942975.0
957,2015-12-11,14942975.0
958,2015-12-12,14942975.0
959,2015-12-13,14955250.0
960,2015-12-14,14955250.0
961,2015-12-15,14955250.0
962,2015-12-16,14968675.0
963,2015-12-17,14968675.0
964,2015-12-18,14968675.0
965,2015-12-19,14980525.0
966,2015-12-20,14980525.0
967,2015-12-21,14980525.0
968,2015-12-22,14992125.0
969,2015-12-23,14992125.0
970,2015-12-24,14992125.0
971,2015-12-25,15003325.0
972,2015-12-26,15003325.0
973,2015-12-27,15003325.0
974,2015-12-28,15016875.0
975,2015-12-29,15016875.0
976,2015-12-30,15016875.0
977,2015-12-31,15028600.0
978,2016-01-01,15028600.0
979,2016-01-02,15028600.0
980,2016-01-03,15039125.0
981,2016-01-04,15039125.0
982,2016-01-05,15039125.0
983,2016-01-06,15050975.0
984,2016-01-07,15050975.0
985,2016-01-08,15050975.0
986,2016-01-09,15062925.0
987,2016-01-10,15062925.0
988,2016-01-11,15062925.0
989,2016-01-12,15075825.0
990,2016-01-13,15075825.0
991,2016-01-14,15075825.0
992,2016-01-15,15086025.0
993,2016-01-16,15086025.0
994,2016-01-17,15086025.0
995,2016-01-18,15097350.0
996,2016-01-19,15097350.0
997,2016-01-20,15097350.0
998,2016-01-21,15108075.0
999,2016-01-22,15108075.0
1000,2016-01-23,15108075.0
1001,2016-01-24,15120825.0
1002,2016-01-25,15120825.0
1003,2016-01-26,15120825.0
1004,2016-01-27,15133100.0
1005,2016-01-28,15133100.0
1006,2016-01-29,15133100.0
1007,2016-01-30,15145475.0
1008,2016-01-31,15145475.0
1009,2016-02-01,15145475.0
1010,2016-02-02,15158450.0
1011,2016-02-03,15158450.0
1012,2016-02-04,15158450.0
1013,2016-02-05,15171925.0
1014,2016-02-06,15171925.0
1015,2016-02-07,15171925.0
1016,2016-02-08,15185275.0
1017,2016-02-09,15185275.0
1018,2016-02-10,15185275.0
1019,2016-02-11,15198525.0
1020,2016-02-12,15198525.0
1021,2016-02-13,15198525.0
1022,2016-02-14,15210825.0
1023,2016-02-15,15210825.0
1024,2016-02-16,15210825.0
1025,2016-02-17,15221750.0
1026,2016-02-18,15221750.0
1027,2016-02-19,15221750.0
1028,2016-02-20,15233675.0
1029,2016-02-21,15233675.0
1030,2016-02-22,15233675.0
1031,2016-02-23,15243450.0
1032,2016-02-24,15243450.0
1033,2016-02-25,15243450.0
1034,2016-02-26,15253900.0
1035,2016-02-27,15253900.0
1036,2016-02-28,15253900.0
1037,2016-02-29,15264275.0
1038,2016-03-01,15264275.0
1039,2016-03-02,15264275.0
1040,2016-03-03,15274725.0
1041,2016-03-04,15274725.0
1042,2016-03-05,15274725.0
1043,2016-03-06,15285975.0
1044,2016-03-07,15285975.0
1045,2016-03-08,15285975.0
1046,2016-03-09,15297325.0
1047,2016-03-10,15297325.0
1048,2016-03-11,15297325.0
1049,2016-03-12,15309050.0
1050,2016-03-13,15309050.0
1051,2016-03-14,15309050.0
1052,2016-03-15,15319900.0
1053,2016-03-16,15319900.0
1054,2016-03-17,15319900.0
1055,2016-03-18,15330975.0
1056,2016-03-19,15330975.0
1057,2016-03-20,15330975.0
1058,2016-03-21,15341275.0
1059,2016-03-22,15341275.0
1060,2016-03-23,15341275.0
1061,2016-03-24,15352550.0
1062,2016-03-25,15352550.0
1063,2016-03-26,15352550.0
1064,2016-03-27,15363675.0
1065,2016-03-28,15363675.0
1066,2016-03-29,15363675.0
1067,2016-03-30,15375450.0
1068,2016-03-31,15375450.0
1069,2016-04-01,15375450.0
1070,2016-04-02,15385750.0
1071,2016-04-03,15385750.0
1072,2016-04-04,15385750.0
1073,2016-04-05,15397250.0
1074,2016-04-06,15397250.0
1075,2016-04-07,15397250.0
1076,2016-04-08,15408300.0
1077,2016-04-09,15408300.0
1078,2016-04-10,15408300.0
1079,2016-04-11,15420475.0
1080,2016-04-12,15420475.0
1081,2016-04-13,15420475.0
1082,2016-04-14,15432325.0
1083,2016-04-15,15432325.0
1084,2016-04-16,15432325.0
1085,2016-04-17,15443350.0
1086,2016-04-18,15443350.0
1087,2016-04-19,15443350.0
1088,2016-04-20,15455525.0
1089,2016-04-21,15455525.0
1090,2016-04-22,15455525.0
1091,2016-04-23,15466475.0
1092,2016-04-24,15466475.0
1093,2016-04-25,15466475.0
1094,2016-04-26,15476725.0
1095,2016-04-27,15476725.0
1096,2016-04-28,15476725.0
1097,2016-04-29,15487275.0
1098,2016-04-30,15487275.0
1099,2016-05-01,15487275.0
1100,2016-05-02,15498725.0
1101,2016-05-03,15498725.0
1102,2016-05-04,15498725.0
1103,2016-05-05,15510550.0
1104,2016-05-06,15510550.0
1105,2016-05-07,15510550.0
1106,2016-05-08,15522500.0
1107,2016-05-09,15522500.0
1108,2016-05-10,15522500.0
1109,2016-05-11,15534100.0
1110,2016-05-12,15534100.0
1111,2016-05-13,15534100.0
1112,2016-05-14,15544975.0
1113,2016-05-15,15544975.0
1114,2016-05-16,15544975.0
1115,2016-05-17,15555500.0
1116,2016-05-18,15555500.0
1117,2016-05-19,15555500.0
1118,2016-05-20,15566050.0
1119,2016-05-21,15566050.0
1120,2016-05-22,15566050.0
1121,2016-05-23,15578675.0
1122,2016-05-24,15578675.0
1123,2016-05-25,15578675.0
1124,2016-05-26,15589175.0
1125,2016-05-27,15589175.0
1126,2016-05-28,15589175.0
1127,2016-05-29,15599650.0
1128,2016-05-30,15599650.0
1129,2016-05-31,15599650.0
1130,2016-06-01,15610000.0
1131,2016-06-02,15610000.0
1132,2016-06-03,15610000.0
1133,2016-06-04,15619975.0
1134,2016-06-05,15619975.0
1135,2016-06-06,15619975.0
1136,2016-06-07,15631975.0
1137,2016-06-08,15631975.0
1138,2016-06-09,15631975.0
1139,2016-06-10,15643300.0
1140,2016-06-11,15643300.0
1141,2016-06-12,15643300.0
1142,2016-06-13,15654875.0
1143,2016-06-14,15654875.0
1144,2016-06-15,15654875.0
1145,2016-06-16,15665700.0
1146,2016-06-17,15665700.0
1147,2016-06-18,15665700.0
1148,2016-06-19,15677800.0
1149,2016-06-20,15677800.0
1150,2016-06-21,15677800.0
1151,2016-06-22,15688850.0
1152,2016-06-23,15688850.0
1153,2016-06-24,15688850.0
1154,2016-06-25,15699625.0
1155,2016-06-26,15699625.0
1156,2016-06-27,15699625.0
1157,2016-06-28,15710650.0
1158,2016-06-29,15710650.0
1159,2016-06-30,15710650.0
1160,2016-07-01,15721925.0
1161,2016-07-02,15721925.0
1162,2016-07-03,15721925.0
1163,2016-07-04,15733275.0
1164,2016-07-05,15733275.0
1165,2016-07-06,15733275.0
1166,2016-07-07,15743825.0
1167,2016-07-08,15743825.0
1168,2016-07-09,15743825.0
1169,2016-07-10,15752537.5
1170,2016-07-11,15752537.5
1171,2016-07-12,15752537.5
1172,2016-07-13,15757725.0
1173,2016-07-14,15757725.0
1174,2016-07-15,15757725.0
1175,2016-07-16,15763137.5
1176,2016-07-17,15763137.5
1177,2016-07-18,15763137.5
1178,2016-07-19,15768450.0
1179,2016-07-20,15768450.0
1180,2016-07-21,15768450.0
1181,2016-07-22,15773600.0
1182,2016-07-23,15773600.0
1183,2016-07-24,15773600.0
1184,2016-07-25,15778425.0
1185,2016-07-26,15778425.0
1186,2016-07-27,15778425.0
1187,2016-07-28,15783337.5
1188,2016-07-29,15783337.5
1189,2016-07-30,15783337.5
1190,2016-07-31,15788587.5
1191,2016-08-01,15788587.5
1192,2016-08-02,15788587.5
1193,2016-08-03,15794500.0
1194,2016-08-04,15794500.0
1195,2016-08-05,15794500.0
1196,2016-08-06,15800600.0
1197,2016-08-07,15800600.0
1198,2016-08-08,15800600.0
1199,2016-08-09,15805850.0
1200,2016-08-10,15805850.0
1201,2016-08-11,15805850.0
1202,2016-08-12,15811475.0
1203,2016-08-13,15811475.0
1204,2016-08-14,15811475.0
1205,2016-08-15,15817375.0
1206,2016-08-16,15817375.0
1207,2016-08-17,15817375.0
1208,2016-08-18,15822525.0
1209,2016-08-19,15822525.0
1210,2016-08-20,15822525.0
1211,2016-08-21,15828425.0
1212,2016-08-22,15828425.0
1213,2016-08-23,15828425.0
1214,2016-08-24,15834137.5
1215,2016-08-25,15834137.5
1216,2016-08-26,15834137.5
1217,2016-08-27,15839212.5
1218,2016-08-28,15839212.5
1219,2016-08-29,15839212.5
1220,2016-08-30,15845025.0
1221,2016-08-31,15845025.0
1222,2016-09-01,15845025.0
1223,2016-09-02,15850362.5
1224,2016-09-03,15850362.5
1225,2016-09-04,15850362.5
1226,2016-09-05,15855925.0
1227,2016-09-06,15855925.0
1228,2016-09-07,15855925.0
1229,2016-09-08,15861325.0
1230,2016-09-09,15861325.0
1231,2016-09-10,15861325.0
1232,2016-09-11,15867087.5
1233,2016-09-12,15867087.5
1234,2016-09-13,15867087.5
1235,2016-09-14,15873137.5
1236,2016-09-15,15873137.5
1237,2016-09-16,15873137.5
1238,2016-09-17,15878837.5
1239,2016-09-18,15878837.5
1240,2016-09-19,15878837.5
1241,2016-09-20,15884200.0
1242,2016-09-21,15884200.0
1243,2016-09-22,15884200.0
1244,2016-09-23,15889737.5
1245,2016-09-24,15889737.5
1246,2016-09-25,15889737.5
1247,2016-09-26,15896037.5
1248,2016-09-27,15896037.5
1249,2016-09-28,15896037.5
1250,2016-09-29,15901762.5
1251,2016-09-30,15901762.5
1252,2016-10-01,15901762.5
1253,2016-10-02,15907262.5
1254,2016-10-03,15907262.5
1255,2016-10-04,15907262.5
1256,2016-10-05,15913212.5
1257,2016-10-06,15913212.5
1258,2016-10-07,15913212.5
1259,2016-10-08,15919125.0
1260,2016-10-09,15919125.0
1261,2016-10-10,15919125.0
1262,2016-10-11,15924412.5
1263,2016-10-12,15924412.5
1264,2016-10-13,15924412.5
1265,2016-10-14,15929512.5
1266,2016-10-15,15929512.5
1267,2016-10-16,15929512.5
1268,2016-10-17,15934475.0
1269,2016-10-18,15934475.0
1270,2016-10-19,15934475.0
1271,2016-10-20,15939650.0
1272,2016-10-21,15939650.0
1273,2016-10-22,15939650.0
1274,2016-10-23,15945362.5
1275,2016-10-24,15945362.5
1276,2016-10-25,15945362.5
1277,2016-10-26,15950612.5
1278,2016-10-27,15950612.5
1279,2016-10-28,15950612.5
1280,2016-10-29,15956400.0
1281,2016-10-30,15956400.0
1282,2016-10-31,15956400.0
1283,2016-11-01,15962137.5
1284,2016-11-02,15962137.5
1285,2016-11-03,15962137.5
1286,2016-11-04,15967187.5
1287,2016-11-05,15967187.5
1288,2016-11-06,15967187.5
1289,2016-11-07,15972762.5
1290,2016-11-08,15972762.5
1291,2016-11-09,15972762.5
1292,2016-11-10,15978812.5
1293,2016-11-11,15978812.5
1294,2016-11-12,15978812.5
1295,2016-11-13,15984725.0
1296,2016-11-14,15984725.0
1297,2016-11-15,15984725.0
1298,2016-11-16,15990962.5
1299,2016-11-17,15990962.5
1300,2016-11-18,15990962.5
1301,2016-11-19,15996575.0
1302,2016-11-20,15996575.0
1303,2016-11-21,15996575.0
1304,2016-11-22,16001587.5
1305,2016-11-23,16001587.5
1306,2016-11-24,16001587.5
1307,2016-11-25,16007350.0
1308,2016-11-26,16007350.0
1309,2016-11-27,16007350.0
1310,2016-11-28,16013112.5
1311,2016-11-29,16013112.5
1312,2016-11-30,16013112.5
1313,2016-12-01,16018575.0
1314,2016-12-02,16018575.0
1315,2016-12-03,16018575.0
1316,2016-12-04,16024362.5
1317,2016-12-05,16024362.5
1318,2016-12-06,16024362.5
1319,2016-12-07,16030312.5
1320,2016-12-08,16030312.5
1321,2016-12-09,16030312.5
1322,2016-12-10,16035612.5
1323,2016-12-11,16035612.5
1324,2016-12-12,16035612.5
1325,2016-12-13,16042125.0
1326,2016-12-14,16042125.0
1327,2016-12-15,16042125.0
1328,2016-12-16,16047112.5
1329,2016-12-17,16047112.5
1330,2016-12-18,16047112.5
1331,2016-12-19,16052562.5
1332,2016-12-20,16052562.5
1333,2016-12-21,16052562.5
1334,2016-12-22,16058262.5
1335,2016-12-23,16058262.5
1336,2016-12-24,16058262.5
1337,2016-12-25,16063937.5
1338,2016-12-26,16063937.5
1339,2016-12-27,16063937.5
1340,2016-12-28,16069712.5
1341,2016-12-29,16069712.5
1342,2016-12-30,16069712.5
1343,2016-12-31,16075400.0
1344,2017-01-01,16075400.0
1345,2017-01-02,16075400.0
1346,2017-01-03,16081387.5
1347,2017-01-04,16081387.5
1348,2017-01-05,16081387.5
1349,2017-01-06,16087062.5
1350,2017-01-07,16087062.5
1351,2017-01-08,16087062.5
1352,2017-01-09,16092575.0
1353,2017-01-10,16092575.0
1354,2017-01-11,16092575.0
1355,2017-01-12,16098637.5
1356,2017-01-13,16098637.5
1357,2017-01-14,16098637.5
1358,2017-01-15,16104750.0
1359,2017-01-16,16104750.0
1360,2017-01-17,16104750.0
1361,2017-01-18,16110712.5
1362,2017-01-19,16110712.5
1363,2017-01-20,16110712.5
1364,2017-01-21,16117512.5
1365,2017-01-22,16117512.5
1366,2017-01-23,16117512.5
1367,2017-01-24,16123275.0
1368,2017-01-25,16123275.0
1369,2017-01-26,16123275.0
1370,2017-01-27,16129200.0
1371,2017-01-28,16129200.0
1372,2017-01-29,16129200.0
1373,2017-01-30,16134987.5
1374,2017-01-31,16134987.5
1375,2017-02-01,16134987.5
1376,2017-02-02,16141162.5
1377,2017-02-03,16141162.5
1378,2017-02-04,16141162.5
1379,2017-02-05,16146812.5
1380,2017-02-06,16146812.5
1381,2017-02-07,16146812.5
1382,2017-02-08,16152087.5
1383,2017-02-09,16152087.5
1384,2017-02-10,16152087.5
1385,2017-02-11,16157775.0
1386,2017-02-12,16157775.0
1387,2017-02-13,16157775.0
1388,2017-02-14,16163675.0
1389,2017-02-15,16163675.0
1390,2017-02-16,16163675.0
1391,2017-02-17,16169187.5
1392,2017-02-18,16169187.5
1393,2017-02-19,16169187.5
1394,2017-02-20,16174600.0
1395,2017-02-21,16174600.0
1396,2017-02-22,16174600.0
1397,2017-02-23,16179925.0
1398,2017-02-24,16179925.0
1399,2017-02-25,16179925.0
1400,2017-02-26,16186275.0
1401,2017-02-27,16186275.0
1402,2017-02-28,16186275.0
1403,2017-03-01,16191787.5
1404,2017-03-02,16191787.5
1405,2017-03-03,16191787.5
1406,2017-03-04,16197287.5
1407,2017-03-05,16197287.5
1408,2017-03-06,16197287.5
1409,2017-03-07,16202812.5
1410,2017-03-08,16202812.5
1411,2017-03-09,16202812.5
1412,2017-03-10,16208387.5
1413,2017-03-11,16208387.5
1414,2017-03-12,16208387.5
1415,2017-03-13,16214000.0
1416,2017-03-14,16214000.0
1417,2017-03-15,16214000.0
1418,2017-03-16,16219637.5
1419,2017-03-17,16219637.5
1420,2017-03-18,16219637.5
1421,2017-03-19,16225587.5
1422,2017-03-20,16225587.5
1423,2017-03-21,16225587.5
1424,2017-03-22,16231050.0
1425,2017-03-23,16231050.0
1426,2017-03-24,16231050.0
1427,2017-03-25,16236762.5
1428,2017-03-26,16236762.5
1429,2017-03-27,16236762.5
1430,2017-03-28,16242425.0
1431,2017-03-29,16242425.0
1432,2017-03-30,16242425.0
1433,2017-03-31,16247887.5
1434,2017-04-01,16247887.5
1435,2017-04-02,16247887.5
1436,2017-04-03,16253712.5
1437,2017-04-04,16253712.5
1438,2017-04-05,16253712.5
1439,2017-04-06,16259137.5
1440,2017-04-07,16259137.5
1441,2017-04-08,16259137.5
1442,2017-04-09,16264862.5
1443,2017-04-10,16264862.5
1444,2017-04-11,16264862.5
1445,2017-04-12,16270562.5
1446,2017-04-13,16270562.5
1447,2017-04-14,16270562.5
1448,2017-04-15,16275762.5
1449,2017-04-16,16275762.5
1450,2017-04-17,16275762.5
1451,2017-04-18,16281137.5
1452,2017-04-19,16281137.5
1453,2017-04-20,16281137.5
1454,2017-04-21,16286737.5
1455,2017-04-22,16286737.5
1456,2017-04-23,16286737.5
1457,2017-04-24,16292012.5
1458,2017-04-25,16292012.5
1459,2017-04-26,16292012.5
1460,2017-04-27,16297612.5
1461,2017-04-28,16297612.5
1462,2017-04-29,16297612.5
1463,2017-04-30,16303362.5
1464,2017-05-01,16303362.5
1465,2017-05-02,16303362.5
1466,2017-05-03,16308862.5
1467,2017-05-04,16308862.5
1468,2017-05-05,16308862.5
1469,2017-05-06,16314675.0
1470,2017-05-07,16314675.0
1471,2017-05-08,16314675.0
1472,2017-05-09,16320950.0
1473,2017-05-10,16320950.0
1474,2017-05-11,16320950.0
1475,2017-05-12,16326412.5
1476,2017-05-13,16326412.5
1477,2017-05-14,16326412.5
1478,2017-05-15,16332562.5
1479,2017-05-16,16332562.5
1480,2017-05-17,16332562.5
1481,2017-05-18,16337925.0
1482,2017-05-19,16337925.0
1483,2017-05-20,16337925.0
1484,2017-05-21,16343875.0
1485,2017-05-22,16343875.0
1486,2017-05-23,16343875.0
1487,2017-05-24,16349725.0
1488,2017-05-25,16349725.0
1489,2017-05-26,16349725.0
1490,2017-05-27,16355775.0
1491,2017-05-28,16355775.0
1492,2017-05-29,16355775.0
1493,2017-05-30,16361962.5
1494,2017-05-31,16361962.5
1495,2017-06-01,16361962.5
1496,2017-06-02,16367962.5
1497,2017-06-03,16367962.5
1498,2017-06-04,16367962.5
1499,2017-06-05,16374425.0
1500,2017-06-06,16374425.0
1501,2017-06-07,16374425.0
1502,2017-06-08,16380437.5
1503,2017-06-09,16380437.5
1504,2017-06-10,16380437.5
1505,2017-06-11,16385912.5
1506,2017-06-12,16385912.5
1507,2017-06-13,16385912.5
1508,2017-06-14,16391262.5
1509,2017-06-15,16391262.5
1510,2017-06-16,16391262.5
1511,2017-06-17,16396837.5
1512,2017-06-18,16396837.5
1513,2017-06-19,16396837.5
1514,2017-06-20,16402262.5
1515,2017-06-21,16402262.5
1516,2017-06-22,16402262.5
1517,2017-06-23,16407750.0
1518,2017-06-24,16407750.0
1519,2017-06-25,16407750.0
1520,2017-06-26,16412875.0
1521,2017-06-27,16412875.0
1522,2017-06-28,16412875.0
1523,2017-06-29,16417975.0
1524,2017-06-30,16417975.0
1525,2017-07-01,16417975.0
1526,2017-07-02,16424300.0
1527,2017-07-03,16424300.0
1528,2017-07-04,16424300.0
1529,2017-07-05,16430200.0
1530,2017-07-06,16430200.0
1531,2017-07-07,16430200.0
1532,2017-07-08,16435887.5
1533,2017-07-09,16435887.5
1534,2017-07-10,16435887.5
1535,2017-07-11,16442237.5
1536,2017-07-12,16442237.5
1537,2017-07-13,16442237.5
1538,2017-07-14,16448150.0
1539,2017-07-15,16448150.0
1540,2017-07-16,16448150.0
1541,2017-07-17,16453625.0
1542,2017-07-18,16453625.0
1543,2017-07-19,16453625.0
1544,2017-07-20,16459575.0
1545,2017-07-21,16459575.0
1546,2017-07-22,16459575.0
1547,2017-07-23,16465650.0
1548,2017-07-24,16465650.0
1549,2017-07-25,16465650.0
1550,2017-07-26,16471562.5
1551,2017-07-27,16471562.5
1552,2017-07-28,16471562.5
1553,2017-07-29,16477325.0
1554,2017-07-30,16477325.0
1555,2017-07-31,16477325.0
1556,2017-08-01,16482837.5
1557,2017-08-02,16482837.5
1558,2017-08-03,16482837.5
1559,2017-08-04,16488700.0
1560,2017-08-05,16488700.0
1561,2017-08-06,16488700.0
1562,2017-08-07,16494575.0
1563,2017-08-08,16494575.0
1564,2017-08-09,16494575.0
1565,2017-08-10,16500025.0
1566,2017-08-11,16500025.0
1567,2017-08-12,16500025.0
1568,2017-08-13,16505362.5
1569,2017-08-14,16505362.5
1570,2017-08-15,16505362.5
1571,2017-08-16,16510512.5
1572,2017-08-17,16510512.5
1573,2017-08-18,16510512.5
1574,2017-08-19,16516500.0
1575,2017-08-20,16516500.0
1576,2017-08-21,16516500.0
1577,2017-08-22,16520675.0
1578,2017-08-23,16520675.0
1579,2017-08-24,16520675.0
1580,2017-08-25,16525187.5
1581,2017-08-26,16525187.5
1582,2017-08-27,16525187.5
1583,2017-08-28,16530050.0
1584,2017-08-29,16530050.0
1585,2017-08-30,16530050.0
1586,2017-08-31,16536050.0
1587,2017-09-01,16536050.0
1588,2017-09-02,16536050.0
1589,2017-09-03,16542200.0
1590,2017-09-04,16542200.0
1591,2017-09-05,16542200.0
1592,2017-09-06,16548875.0
1593,2017-09-07,16548875.0
1594,2017-09-08,16548875.0
1595,2017-09-09,16555375.0
1596,2017-09-10,16555375.0
1597,2017-09-11,16555375.0
1598,2017-09-12,16561625.0
1599,2017-09-13,16561625.0
1600,2017-09-14,16561625.0
1601,2017-09-15,16568425.0
1602,2017-09-16,16568425.0
1603,2017-09-17,16568425.0
1604,2017-09-18,16574325.0
1605,2017-09-19,16574325.0
1606,2017-09-20,16574325.0
1607,2017-09-21,16579937.5
1608,2017-09-22,16579937.5
1609,2017-09-23,16579937.5
1610,2017-09-24,16585562.5
1611,2017-09-25,16585562.5
1612,2017-09-26,16585562.5
1613,2017-09-27,16590687.5
1614,2017-09-28,16590687.5
1615,2017-09-29,16590687.5
1616,2017-09-30,16596737.5
1617,2017-10-01,16596737.5
1618,2017-10-02,16596737.5
1619,2017-10-03,16602525.0
1620,2017-10-04,16602525.0
1621,2017-10-05,16602525.0
1622,2017-10-06,16607750.0
1623,2017-10-07,16607750.0
1624,2017-10-08,16607750.0
1625,2017-10-09,16614012.5
1626,2017-10-10,16614012.5
1627,2017-10-11,16614012.5
1628,2017-10-12,16619662.5
1629,2017-10-13,16619662.5
1630,2017-10-14,16619662.5
1631,2017-10-15,16625562.5
1632,2017-10-16,16625562.5
1633,2017-10-17,16625562.5
1634,2017-10-18,16631675.0
1635,2017-10-19,16631675.0
1636,2017-10-20,16631675.0
1637,2017-10-21,16638050.0
1638,2017-10-22,16638050.0
1639,2017-10-23,16638050.0
1640,2017-10-24,16644550.0
1641,2017-10-25,16644550.0
1642,2017-10-26,16644550.0
1643,2017-10-27,16650412.5
1644,2017-10-28,16650412.5
1645,2017-10-29,16650412.5
1646,2017-10-30,16655237.5
1647,2017-10-31,16655237.5
1648,2017-11-01,16655237.5
1649,2017-11-02,16660787.5
1650,2017-11-03,16660787.5
1651,2017-11-04,16660787.5
1652,2017-11-05,16665662.5
1653,2017-11-06,16665662.5
1654,2017-11-07,16665662.5
1655,2017-11-08,16671075.0
1656,2017-11-09,16671075.0
1657,2017-11-10,16671075.0
1658,2017-11-11,16675487.5
1659,2017-11-12,16675487.5
1660,2017-11-13,16675487.5
1661,2017-11-14,16679837.5
1662,2017-11-15,16679837.5
1663,2017-11-16,16679837.5
1664,2017-11-17,16685725.0
1665,2017-11-18,16685725.0
1666,2017-11-19,16685725.0
1667,2017-11-20,16691612.5
1668,2017-11-21,16691612.5
1669,2017-11-22,16691612.5
1670,2017-11-23,16697587.5
1671,2017-11-24,16697587.5
1672,2017-11-25,16697587.5
1673,2017-11-26,16703312.5
1674,2017-11-27,16703312.5
1675,2017-11-28,16703312.5
1676,2017-11-29,16709550.0
1677,2017-11-30,16709550.0
1678,2017-12-01,16709550.0
1679,2017-12-02,16715937.5
1680,2017-12-03,16715937.5
1681,2017-12-04,16715937.5
1682,2017-12-05,16722625.0
1683,2017-12-06,16722625.0
1684,2017-12-07,16722625.0
1685,2017-12-08,16728825.0
1686,2017-12-09,16728825.0
1687,2017-12-10,16728825.0
1688,2017-12-11,16735187.5
1689,2017-12-12,16735187.5
1690,2017-12-13,16735187.5
1691,2017-12-14,16741775.0
1692,2017-12-15,16741775.0
1693,2017-12-16,16741775.0
1694,2017-12-17,16748337.5
1695,2017-12-18,16748337.5
1696,2017-12-19,16748337.5
1697,2017-12-20,16754062.5
1698,2017-12-21,16754062.5
1699,2017-12-22,16754062.5
1700,2017-12-23,16759387.5
1701,2017-12-24,16759387.5
1702,2017-12-25,16759387.5
1703,2017-12-26,16764750.0
1704,2017-12-27,16764750.0
1705,2017-12-28,16764750.0
1706,2017-12-29,16770625.0
1707,2017-12-30,16770625.0
1708,2017-12-31,16770625.0
1709,2018-01-01,16776450.0
1710,2018-01-02,16776450.0
1711,2018-01-03,16776450.0
1712,2018-01-04,16782650.0
1713,2018-01-05,16782650.0
1714,2018-01-06,16782650.0
1715,2018-01-07,16788562.5
1716,2018-01-08,16788562.5
1717,2018-01-09,16788562.5
1718,2018-01-10,16794762.5
1719,2018-01-11,16794762.5
1720,2018-01-12,16794762.5
1721,2018-01-13,16801262.5
1722,2018-01-14,16801262.5
1723,2018-01-15,16801262.5
1724,2018-01-16,16807062.5
1725,2018-01-17,16807062.5
1726,2018-01-18,16807062.5
1727,2018-01-19,16813375.0
1728,2018-01-20,16813375.0
1729,2018-01-21,16813375.0
1730,2018-01-22,16820025.0
1731,2018-01-23,16820025.0
1732,2018-01-24,16820025.0
1733,2018-01-25,16826412.5
1734,2018-01-26,16826412.5
1735,2018-01-27,16826412.5
1736,2018-01-28,16832287.5
1737,2018-01-29,16832287.5
1738,2018-01-30,16832287.5
1739,2018-01-31,16837687.5
1740,2018-02-01,16837687.5
1741,2018-02-02,16837687.5
1742,2018-02-03,16843762.5
1743,2018-02-04,16843762.5
1744,2018-02-05,16843762.5
1745,2018-02-06,16850425.0
1746,2018-02-07,16850425.0
1747,2018-02-08,16850425.0
1748,2018-02-09,16855512.5
1749,2018-02-10,16855512.5
1750,2018-02-11,16855512.5
1751,2018-02-12,16861262.5
1752,2018-02-13,16861262.5
1753,2018-02-14,16861262.5
1754,2018-02-15,16867187.5
1755,2018-02-16,16867187.5
1756,2018-02-17,16867187.5
1757,2018-02-18,16873037.5
1758,2018-02-19,16873037.5
1759,2018-02-20,16873037.5
1760,2018-02-21,16878937.5
1761,2018-02-22,16878937.5
1762,2018-02-23,16878937.5
1763,2018-02-24,16884462.5
1764,2018-02-25,16884462.5
1765,2018-02-26,16884462.5
1766,2018-02-27,16890362.5
1767,2018-02-28,16890362.5
1768,2018-03-01,16890362.5
1769,2018-03-02,16896312.5
1770,2018-03-03,16896312.5
1771,2018-03-04,16896312.5
1772,2018-03-05,16902275.0
1773,2018-03-06,16902275.0
1774,2018-03-07,16902275.0
1775,2018-03-08,16908212.5
1776,2018-03-09,16908212.5
1777,2018-03-10,16908212.5
1778,2018-03-11,16913700.0
1779,2018-03-12,16913700.0
1780,2018-03-13,16913700.0
1781,2018-03-14,16919487.5
1782,2018-03-15,16919487.5
1783,2018-03-16,16919487.5
1784,2018-03-17,16925100.0
1785,2018-03-18,16925100.0
1786,2018-03-19,16925100.0
1787,2018-03-20,16930512.5
1788,2018-03-21,16930512.5
1789,2018-03-22,16930512.5
1790,2018-03-23,16935862.5
1791,2018-03-24,16935862.5
1792,2018-03-25,16935862.5
1793,2018-03-26,16941375.0
1794,2018-03-27,16941375.0
1795,2018-03-28,16941375.0
1796,2018-03-29,16946862.5
1797,2018-03-30,16946862.5
1798,2018-03-31,16946862.5
1799,2018-04-01,16952512.5
1800,2018-04-02,16952512.5
1801,2018-04-03,16952512.5
1802,2018-04-04,16958337.5
1803,2018-04-05,16958337.5
1804,2018-04-06,16958337.5
1805,2018-04-07,16964262.5
1806,2018-04-08,16964262.5
1807,2018-04-09,16964262.5
1808,2018-04-10,16970162.5
1809,2018-04-11,16970162.5
1810,2018-04-12,16970162.5
1811,2018-04-13,16976162.5
1812,2018-04-14,16976162.5
1813,2018-04-15,16976162.5
1814,2018-04-16,16981675.0
1815,2018-04-17,16981675.0
1816,2018-04-18,16981675.0
1817,2018-04-19,16987925.0
1818,2018-04-20,16987925.0
1819,2018-04-21,16987925.0
1820,2018-04-22,16993625.0
1821,2018-04-23,16993625.0
1822,2018-04-24,16993625.0
1823,2018-04-25,16999062.5
1824,2018-04-26,16999062.5
1825,2018-04-27,16999062.5
1826,2018-04-28,17004200.0
1827,2018-04-29,17004200.0
1828,2018-04-30,17004200.0
1829,2018-05-01,17010087.5
1830,2018-05-02,17010087.5
1831,2018-05-03,17010087.5
1832,2018-05-04,17015450.0
1833,2018-05-05,17015450.0
1834,2018-05-06,17015450.0
1835,2018-05-07,17021050.0
1836,2018-05-08,17021050.0
1837,2018-05-09,17021050.0
1838,2018-05-10,17026712.5
1839,2018-05-11,17026712.5
1840,2018-05-12,17026712.5
1841,2018-05-13,17032212.5
1842,2018-05-14,17032212.5
1843,2018-05-15,17032212.5
1844,2018-05-16,17037925.0
1845,2018-05-17,17037925.0
1846,2018-05-18,17037925.0
1847,2018-05-19,17043350.0
1848,2018-05-20,17043350.0
1849,2018-05-21,17043350.0
1850,2018-05-22,17049000.0
1851,2018-05-23,17049000.0
1852,2018-05-24,17049000.0
1853,2018-05-25,17055012.5
1854,2018-05-26,17055012.5
1855,2018-05-27,17055012.5
1856,2018-05-28,17061037.5
1857,2018-05-29,17061037.5
1858,2018-05-30,17061037.5
1859,2018-05-31,17067075.0
1860,2018-06-01,17067075.0
1861,2018-06-02,17067075.0
1862,2018-06-03,17073087.5
1863,2018-06-04,17073087.5
1864,2018-06-05,17073087.5
1865,2018-06-06,17079400.0
1866,2018-06-07,17079400.0
1867,2018-06-08,17079400.0
1868,2018-06-09,17084787.5
1869,2018-06-10,17084787.5
1870,2018-06-11,17084787.5
1871,2018-06-12,17089937.5
1872,2018-06-13,17089937.5
1873,2018-06-14,17089937.5
1874,2018-06-15,17095550.0
1875,2018-06-16,17095550.0
1876,2018-06-17,17095550.0
1877,2018-06-18,17101637.5
1878,2018-06-19,17101637.5
1879,2018-06-20,17101637.5
1880,2018-06-21,17107637.5
1881,2018-06-22,17107637.5
1882,2018-06-23,17107637.5
1883,2018-06-24,17113662.5
1884,2018-06-25,17113662.5
1885,2018-06-26,17113662.5
1886,2018-06-27,17118962.5
1887,2018-06-28,17118962.5
1888,2018-06-29,17118962.5
1889,2018-06-30,17124575.0
1890,2018-07-01,17124575.0
1891,2018-07-02,17124575.0
1892,2018-07-03,17129625.0
1893,2018-07-04,17129625.0
1894,2018-07-05,17129625.0
1895,2018-07-06,17135012.5
1896,2018-07-07,17135012.5
1897,2018-07-08,17135012.5
1898,2018-07-09,17140637.5
1899,2018-07-10,17140637.5
1900,2018-07-11,17140637.5
1901,2018-07-12,17145950.0
1902,2018-07-13,17145950.0
1903,2018-07-14,17145950.0
1904,2018-07-15,17151062.5
1905,2018-07-16,17151062.5
1906,2018-07-17,17151062.5
1907,2018-07-18,17156725.0
1908,2018-07-19,17156725.0
1909,2018-07-20,17156725.0
1910,2018-07-21,17162500.0
1911,2018-07-22,17162500.0
1912,2018-07-23,17162500.0
1913,2018-07-24,17168837.5
1914,2018-07-25,17168837.5
1915,2018-07-26,17168837.5
1916,2018-07-27,17175200.0
1917,2018-07-28,17175200.0
1918,2018-07-29,17175200.0
1919,2018-07-30,17180812.5
1920,2018-07-31,17180812.5
1921,2018-08-01,17180812.5
1922,2018-08-02,17186437.5
1923,2018-08-03,17186437.5
1924,2018-08-04,17186437.5
1925,2018-08-05,17192712.5
1926,2018-08-06,17192712.5
1927,2018-08-07,17192712.5
1928,2018-08-08,17198212.5
1929,2018-08-09,17198212.5
1930,2018-08-10,17198212.5
1931,2018-08-11,17204400.0
1932,2018-08-12,17204400.0
1933,2018-08-13,17204400.0
1934,2018-08-14,17209912.5
1935,2018-08-15,17209912.5
1936,2018-08-16,17209912.5
1937,2018-08-17,17215800.0
1938,2018-08-18,17215800.0
1939,2018-08-19,17215800.0
1940,2018-08-20,17221487.5
1941,2018-08-21,17221487.5
1942,2018-08-22,17221487.5
1943,2018-08-23,17227200.0
1944,2018-08-24,17227200.0
1945,2018-08-25,17227200.0
1946,2018-08-26,17232875.0
1947,2018-08-27,17232875.0
1948,2018-08-28,17232875.0
1949,2018-08-29,17238837.5
1950,2018-08-30,17238837.5
1951,2018-08-31,17238837.5
1952,2018-09-01,17244587.5
1953,2018-09-02,17244587.5
1954,2018-09-03,17244587.5
1955,2018-09-04,17249762.5
1956,2018-09-05,17249762.5
1957,2018-09-06,17249762.5
1958,2018-09-07,17255187.5
1959,2018-09-08,17255187.5
1960,2018-09-09,17255187.5
1961,2018-09-10,17260787.5
1962,2018-09-11,17260787.5
1963,2018-09-12,17260787.5
1964,2018-09-13,17266500.0
1965,2018-09-14,17266500.0
1966,2018-09-15,17266500.0
1967,2018-09-16,17271637.5
1968,2018-09-17,17271637.5
1969,2018-09-18,17271637.5
1970,2018-09-19,17277050.0
1971,2018-09-20,17277050.0
1972,2018-09-21,17277050.0
1973,2018-09-22,17282712.5
1974,2018-09-23,17282712.5
1975,2018-09-24,17282712.5
1976,2018-09-25,17288550.0
1977,2018-09-26,17288550.0
1978,2018-09-27,17288550.0
1979,2018-09-28,17294000.0
1980,2018-09-29,17294000.0
1981,2018-09-30,17294000.0
1982,2018-10-01,17299912.5
1983,2018-10-02,17299912.5
1984,2018-10-03,17299912.5
1985,2018-10-04,17305312.5
1986,2018-10-05,17305312.5
1987,2018-10-06,17305312.5
1988,2018-10-07,17310275.0
1989,2018-10-08,17310275.0
1990,2018-10-09,17310275.0
1991,2018-10-10,17315387.5
1992,2018-10-11,17315387.5
1993,2018-10-12,17315387.5
1994,2018-10-13,17320787.5
1995,2018-10-14,17320787.5
1996,2018-10-15,17320787.5
1997,2018-10-16,17325925.0
1998,2018-10-17,17325925.0
1999,2018-10-18,17325925.0
2000,2018-10-19,17331150.0
2001,2018-10-20,17331150.0
2002,2018-10-21,17331150.0
2003,2018-10-22,17336600.0
2004,2018-10-23,17336600.0
2005,2018-10-24,17336600.0
2006,2018-10-25,17341650.0
2007,2018-10-26,17341650.0
2008,2018-10-27,17341650.0
2009,2018-10-28,17346887.5
2010,2018-10-29,17346887.5
2011,2018-10-30,17346887.5
2012,2018-10-31,17352675.0
2013,2018-11-01,17352675.0
2014,2018-11-02,17352675.0
2015,2018-11-03,17358400.0
2016,2018-11-04,17358400.0
2017,2018-11-05,17358400.0
2018,2018-11-06,17363337.5
2019,2018-11-07,17363337.5
2020,2018-11-08,17363337.5
2021,2018-11-09,17368062.5
2022,2018-11-10,17368062.5
2023,2018-11-11,17368062.5
2024,2018-11-12,17373275.0
2025,2018-11-13,17373275.0
2026,2018-11-14,17373275.0
2027,2018-11-15,17378050.0
2028,2018-11-16,17378050.0
2029,2018-11-17,17378050.0
2030,2018-11-18,17382975.0
2031,2018-11-19,17382975.0
2032,2018-11-20,17382975.0
2033,2018-11-21,17387512.5
2034,2018-11-22,17387512.5
2035,2018-11-23,17387512.5
2036,2018-11-24,17392387.5
2037,2018-11-25,17392387.5
2038,2018-11-26,17392387.5
2039,2018-11-27,17397000.0
2040,2018-11-28,17397000.0
2041,2018-11-29,17397000.0
2042,2018-11-30,17401050.0
2043,2018-12-01,17401050.0
2044,2018-12-02,17401050.0
2045,2018-12-03,17405450.0
2046,2018-12-04,17405450.0
2047,2018-12-05,17405450.0
2048,2018-12-06,17410487.5
2049,2018-12-07,17410487.5
2050,2018-12-08,17410487.5
2051,2018-12-09,17415100.0
2052,2018-12-10,17415100.0
2053,2018-12-11,17415100.0
2054,2018-12-12,17419712.5
2055,2018-12-13,17419712.5
2056,2018-12-14,17419712.5
2057,2018-12-15,17425037.5
2058,2018-12-16,17425037.5
2059,2018-12-17,17425037.5
2060,2018-12-18,17430075.0
2061,2018-12-19,17430075.0
2062,2018-12-20,17430075.0
2063,2018-12-21,17435375.0
2064,2018-12-22,17435375.0
2065,2018-12-23,17435375.0
2066,2018-12-24,17441662.5
2067,2018-12-25,17441662.5
2068,2018-12-26,17441662.5
2069,2018-12-27,17447787.5
2070,2018-12-28,17447787.5
2071,2018-12-29,17447787.5
2072,2018-12-30,17453800.0
2073,2018-12-31,17453800.0
2074,2019-01-01,17453800.0
2075,2019-01-02,17459487.5
2076,2019-01-03,17459487.5
2077,2019-01-04,17459487.5
2078,2019-01-05,17465325.0
2079,2019-01-06,17465325.0
2080,2019-01-07,17465325.0
2081,2019-01-08,17470962.5
2082,2019-01-09,17470962.5
2083,2019-01-10,17470962.5
2084,2019-01-11,17476812.5
2085,2019-01-12,17476812.5
2086,2019-01-13,17476812.5
2087,2019-01-14,17482112.5
2088,2019-01-15,17482112.5
2089,2019-01-16,17482112.5
2090,2019-01-17,17487012.5
2091,2019-01-18,17487012.5
2092,2019-01-19,17487012.5
2093,2019-01-20,17492362.5
2094,2019-01-21,17492362.5
2095,2019-01-22,17492362.5
2096,2019-01-23,17497687.5
2097,2019-01-24,17497687.5
2098,2019-01-25,17497687.5
2099,2019-01-26,17503312.5
2100,2019-01-27,17503312.5
2101,2019-01-28,17503312.5
2102,2019-01-29,17508662.5
2103,2019-01-30,17508662.5
2104,2019-01-31,17508662.5
2105,2019-02-01,17514275.0
2106,2019-02-02,17514275.0
2107,2019-02-03,17514275.0
2108,2019-02-04,17519637.5
2109,2019-02-05,17519637.5
2110,2019-02-06,17519637.5
2111,2019-02-07,17525700.0
2112,2019-02-08,17525700.0
2113,2019-02-09,17525700.0
2114,2019-02-10,17531362.5
2115,2019-02-11,17531362.5
2116,2019-02-12,17531362.5
2117,2019-02-13,17536687.5
2118,2019-02-14,17536687.5
2119,2019-02-15,17536687.5
2120,2019-02-16,17541912.5
2121,2019-02-17,17541912.5
2122,2019-02-18,17541912.5
2123,2019-02-19,17547787.5
2124,2019-02-20,17547787.5
2125,2019-02-21,17547787.5
2126,2019-02-22,17552925.0
2127,2019-02-23,17552925.0
2128,2019-02-24,17552925.0
2129,2019-02-25,17558212.5
2130,2019-02-26,17558212.5
2131,2019-02-27,17558212.5
2132,2019-02-28,17563862.5
2133,2019-03-01,17563862.5
2134,2019-03-02,17563862.5
2135,2019-03-03,17569362.5
2136,2019-03-04,17569362.5
2137,2019-03-05,17569362.5
2138,2019-03-06,17574537.5
2139,2019-03-07,17574537.5
2140,2019-03-08,17574537.5
2141,2019-03-09,17579862.5
2142,2019-03-10,17579862.5
2143,2019-03-11,17579862.5
2144,2019-03-12,17585125.0
2145,2019-03-13,17585125.0
2146,2019-03-14,17585125.0
2147,2019-03-15,17590662.5
2148,2019-03-16,17590662.5
2149,2019-03-17,17590662.5
2150,2019-03-18,17596537.5
2151,2019-03-19,17596537.5
2152,2019-03-20,17596537.5
2153,2019-03-21,17602512.5
2154,2019-03-22,17602512.5
2155,2019-03-23,17602512.5
2156,2019-03-24,17608212.5
2157,2019-03-25,17608212.5
2158,2019-03-26,17608212.5
2159,2019-03-27,17613600.0
2160,2019-03-28,17613600.0
2161,2019-03-29,17613600.0
2162,2019-03-30,17619000.0
2163,2019-03-31,17619000.0
2164,2019-04-01,17619000.0
2165,2019-04-02,17624400.0
2166,2019-04-03,17624400.0
2167,2019-04-04,17624400.0
2168,2019-04-05,17629900.0
2169,2019-04-06,17629900.0
2170,2019-04-07,17629900.0
2171,2019-04-08,17635250.0
2172,2019-04-09,17635250.0
2173,2019-04-10,17635250.0
2174,2019-04-11,17640712.5
2175,2019-04-12,17640712.5
2176,2019-04-13,17640712.5
2177,2019-04-14,17645812.5
2178,2019-04-15,17645812.5
2179,2019-04-16,17645812.5
2180,2019-04-17,17651162.5
2181,2019-04-18,17651162.5
2182,2019-04-19,17651162.5
2183,2019-04-20,17656562.5
2184,2019-04-21,17656562.5
2185,2019-04-22,17656562.5
2186,2019-04-23,17661712.5
2187,2019-04-24,17661712.5
2188,2019-04-25,17661712.5
2189,2019-04-26,17667425.0
2190,2019-04-27,17667425.0
2191,2019-04-28,17667425.0
2192,2019-04-29,17673212.5
2193,2019-04-30,17673212.5
2194,2019-05-01,17673212.5
2195,2019-05-02,17679400.0
2196,2019-05-03,17679400.0
2197,2019-05-04,17679400.0
2198,2019-05-05,17684562.5
2199,2019-05-06,17684562.5
2200,2019-05-07,17684562.5
2201,2019-05-08,17689937.5
2202,2019-05-09,17689937.5
2203,2019-05-10,17689937.5
2204,2019-05-11,17695000.0
2205,2019-05-12,17695000.0
2206,2019-05-13,17695000.0
2207,2019-05-14,17700962.5
2208,2019-05-15,17700962.5
2209,2019-05-16,17700962.5
2210,2019-05-17,17706537.5
2211,2019-05-18,17706537.5
2212,2019-05-19,17706537.5
2213,2019-05-20,17712500.0
2214,2019-05-21,17712500.0
2215,2019-05-22,17712500.0
2216,2019-05-23,17718475.0
2217,2019-05-24,17718475.0
2218,2019-05-25,17718475.0
2219,2019-05-26,17724200.0
2220,2019-05-27,17724200.0
2221,2019-05-28,17724200.0
2222,2019-05-29,17730512.5
2223,2019-05-30,17730512.5
2224,2019-05-31,17730512.5
2225,2019-06-01,17735862.5
2226,2019-06-02,17735862.5
2227,2019-06-03,17735862.5
2228,2019-06-04,17740912.5
2229,2019-06-05,17740912.5
2230,2019-06-06,17740912.5
2231,2019-06-07,17746850.0
2232,2019-06-08,17746850.0
2233,2019-06-09,17746850.0
2234,2019-06-10,17752200.0
2235,2019-06-11,17752200.0
2236,2019-06-12,17752200.0
2237,2019-06-13,17757512.5
2238,2019-06-14,17757512.5
2239,2019-06-15,17757512.5
2240,2019-06-16,17763075.0
2241,2019-06-17,17763075.0
2242,2019-06-18,17763075.0
2243,2019-06-19,17768987.5
2244,2019-06-20,17768987.5
2245,2019-06-21,17768987.5
2246,2019-06-22,17774212.5
2247,2019-06-23,17774212.5
2248,2019-06-24,17774212.5
2249,2019-06-25,17780512.5
2250,2019-06-26,17780512.5
2251,2019-06-27,17780512.5
2252,2019-06-28,17786387.5
2253,2019-06-29,17786387.5
2254,2019-06-30,17786387.5
2255,2019-07-01,17792250.0
2256,2019-07-02,17792250.0
2257,2019-07-03,17792250.0
2258,2019-07-04,17798462.5
2259,2019-07-05,17798462.5
2260,2019-07-06,17798462.5
2261,2019-07-07,17804962.5
2262,2019-07-08,17804962.5
2263,2019-07-09,17804962.5
2264,2019-07-10,17810725.0
2265,2019-07-11,17810725.0
2266,2019-07-12,17810725.0
2267,2019-07-13,17816150.0
2268,2019-07-14,17816150.0
2269,2019-07-15,17816150.0
2270,2019-07-16,17821812.5
2271,2019-07-17,17821812.5
2272,2019-07-18,17821812.5
2273,2019-07-19,17826462.5
2274,2019-07-20,17826462.5
2275,2019-07-21,17826462.5
2276,2019-07-22,17832512.5
2277,2019-07-23,17832512.5
2278,2019-07-24,17832512.5
2279,2019-07-25,17837912.5
2280,2019-07-26,17837912.5
2281,2019-07-27,17837912.5
2282,2019-07-28,17844075.0
2283,2019-07-29,17844075.0
2284,2019-07-30,17844075.0
2285,2019-07-31,17850087.5
2286,2019-08-01,17850087.5
2287,2019-08-02,17850087.5
2288,2019-08-03,17856137.5
2289,2019-08-04,17856137.5
2290,2019-08-05,17856137.5
2291,2019-08-06,17862025.0
2292,2019-08-07,17862025.0
2293,2019-08-08,17862025.0
2294,2019-08-09,17867550.0
2295,2019-08-10,17867550.0
2296,2019-08-11,17867550.0
2297,2019-08-12,17873012.5
2298,2019-08-13,17873012.5
2299,2019-08-14,17873012.5
2300,2019-08-15,17878837.5
2301,2019-08-16,17878837.5
2302,2019-08-17,17878837.5
2303,2019-08-18,17883850.0
2304,2019-08-19,17883850.0
2305,2019-08-20,17883850.0
2306,2019-08-21,17889500.0
2307,2019-08-22,17889500.0
2308,2019-08-23,17889500.0
2309,2019-08-24,17895175.0
2310,2019-08-25,17895175.0
2311,2019-08-26,17895175.0
2312,2019-08-27,17900512.5
2313,2019-08-28,17900512.5
2314,2019-08-29,17900512.5
2315,2019-08-30,17906462.5
2316,2019-08-31,17906462.5
2317,2019-09-01,17906462.5
2318,2019-09-02,17912187.5
2319,2019-09-03,17912187.5
2320,2019-09-04,17912187.5
2321,2019-09-05,17918000.0
2322,2019-09-06,17918000.0
2323,2019-09-07,17918000.0
2324,2019-09-08,17924062.5
2325,2019-09-09,17924062.5
2326,2019-09-10,17924062.5
2327,2019-09-11,17930462.5
2328,2019-09-12,17930462.5
2329,2019-09-13,17930462.5
2330,2019-09-14,17936250.0
2331,2019-09-15,17936250.0
2332,2019-09-16,17936250.0
2333,2019-09-17,17941975.0
2334,2019-09-18,17941975.0
2335,2019-09-19,17941975.0
2336,2019-09-20,17947887.5
2337,2019-09-21,17947887.5
2338,2019-09-22,17947887.5
2339,2019-09-23,17953462.5
2340,2019-09-24,17953462.5
2341,2019-09-25,17953462.5
2342,2019-09-26,17959512.5
2343,2019-09-27,17959512.5
2344,2019-09-28,17959512.5
2345,2019-09-29,17964850.0
2346,2019-09-30,17964850.0
2347,2019-10-01,17964850.0
2348,2019-10-02,17970112.5
2349,2019-10-03,17970112.5
2350,2019-10-04,17970112.5
2351,2019-10-05,17975762.5
2352,2019-10-06,17975762.5
2353,2019-10-07,17975762.5
2354,2019-10-08,17981587.5
2355,2019-10-09,17981587.5
2356,2019-10-10,17981587.5
2357,2019-10-11,17987287.5
2358,2019-10-12,17987287.5
2359,2019-10-13,17987287.5
2360,2019-10-14,17992412.5
2361,2019-10-15,17992412.5
2362,2019-10-16,17992412.5
2363,2019-10-17,17997987.5
